Question,GT Answer,"hotpotqa-short_got-3+demos-sa-knn+cx+t5-nli-ec+ci+[0.3,0.6,0.1]_gpt-3.5-turbo-1106_google"
"Which has more species, Clianthus or Callicoma?",['Clianthus'],Clianthus
Which  Australian singer-songwriter wrote  Cold Hard Bitch,"['Nicholas John ""Nic"" Cester']",Chris Cester
What empire was Aleksei Gen born into?,['Russian Empire'],Russian Empire
Which partner of Jash was born in 1970?,['Sarah Kate Silverman'],None of Jash's partners were born in 1970.
What 1876 battle featured the Other Magpie?,['Battle of the Rosebud'],Battle of the Rosebud
Willi Forst and Brian Robbins are both what?,"['actor, screenwriter, film director, film producer']",No
Where are Abbey Clancy and Peter Crouch from?,['England'],"Liverpool and Macclesfield, United Kingdom"
Are both Trace Cyrus and Jizzy Pearl vocalists?,['yes'],Yes
Are  Chrysalis and Look both women's magazines?,['yes'],Yes
Was Kanako Momota or Mark Hollis born first?,['Mark David Hollis'],Mark Hollis
Are Tweedia and Crossandra in separate families?,['yes'],Yes
Zach Parise's father played in which league?,['NHL'],National Hockey League (NHL)
Are both Aloinopsis and Eriogonum ice plants?,['no'],No
who released the 2012 record of red?,['Big Machine Records'],Taylor Swift
Romans stars which Tamil and Telugu actress?,['Nivetha Thomas'],Nivetha Thomas
Which PGA championship did Mark Brooks win?,['The 1996 PGA Championship'],1996 PGA Championship
What county is Ron Teachworth from?,['Oakland County'],"Rochester Hills, Michigan"
Are Daryl Hall and Gerry Marsden both musicians?,['yes'],Yes
Grimsby Minster is located in which English Province?,['Province of Canterbury'],North East Lincolnshire
Is Rice University or Stanford University further west?,['Stanford University'],Rice University
Are George Stevens and Luc Besson American cinematographers?,['no'],No
what country are Mudvayne and Hellyeah both from?,['American'],United States
Are both Viken Babikian and Don Manoukian American ?,['yes'],Yes
What continents are the Moneuptychia found in?,['the Americas'],The Neotropical realm
Are both Götterdämmerung and Dafne considered operas?,['no'],Yes
What occupations do Toshi and Emily Haines share?,['singer and songwriter'],None
What is another name for basidiomycete fungus?,['Funki Porcini'],Club fungi
Where is the first major improved highway located?,"['Wheeling, West Virginia']","Cumberland, Maryland to Vandalia, Illinois"
When was the creator of Bully Boy born?,['3 May 1958'],Before 2010
What are The Ready Set and Cell?,['band'],"The Ready Set is a singer-songwriter, and Cells are the basic building blocks of all living things."
Are Sutera and Rhodotypos both types of shrub?,['no'],Yes
Cherie Currie and Steve Augeri were both what?,['American musician'],Singers
What is Old Orchard Shopping Center currently called?,['Westfield Old Orchard'],Westfield Old Orchard
Are Andrew Stevens and Charles Burnett both American?,['yes'],Yes
Are Ari Up and Boz Burrell both guitarists?,['no'],yes
Who has more victories Chelsea or Manchester United?,['Wayne Rooney'],Chelsea
Are Tetrastigma and Spruce both types of plants?,['yes'],Yes
who features in the series  which McClure hosts ,['the Simpson family'],Phil Hartman
In which war was the Meuse-Argonne Offensive executed?,['World War I.'],World War I
Are Steve Perry and Leslie West both singers?,['yes'],Yes
What portable media player was distributed through HP?,['iPod+HP'],iPod+HP
Are Alek Keshishian and Kirk Kerkorian both Armenian-American?,['yes'],yes
Who sparked the 972 unrest in Lithuanian SSR?,['Romas Kalanta'],Romas Kalanta
Are Colocasia and Coronilla both flowering plants?,['yes'],Yes
Could you read both Bicycling and National Review,['yes'],Yes
What did Karan Kapoor's maternal grandfather deliver?,['Shakespeare performances'],Shakespeare performances
Which number-one single is Michael Steele responsible for?,"['""Walk Like an Egyptian""']","""Following"""
Scout Tufankjian and Daron Malakian are both what?,['Armenian–American'],Armenian-American
What country is the Selun located in?,['Switzerland'],India
Were Joss Whedon and Norman Mailer both Americans?,['yes'],Yes
Igor Naming Agency named a resort located where?,['Las Vegas Strip'],Las Vegas
Which genus has more species Babiana or Ceratophyllum ?,['Babiana'],Babiana
Are both Jim McBride and Neil Jordan American?,['no'],No
Are both Superdrag and Collective Soul rock bands?,['yes'],Yes
What are both Eleutherococcus and Amaryllis?,['genus'],Plants
Sam Mendes and Ruby Yang share what profession?,['filmmaker.'],Director
What American actress stars in Tainted?,['Shari Shattuck'],Sara Waisglass
What is Peter Daou's website's slogan?,"['""media for the 65.8 million,""']","""media for the 65.8 million"""
Are Broughtonia and Laeliocattleya both orchids?,['yes'],Yes
Who is older Carrie Akre or Shifty Shellshock?,['Carrie Akre'],Carrie Akre
Did Big Pig or Blur have more members?,['Big Pig'],Big Pig
Was High Times or National Geographic published first?,['National Geographic'],National Geographic
Which country is the Taipa island part of?,['China'],China
To what sport does the Atomweight class belong?,['mixed martial arts'],Mixed Martial Arts
Are Denzel Washington and David Hewlett both actors?,['yes'],Yes
Which German aeronautical engineer concieved the Dornier Aerodyne?,['Alexander Lippisch'],Alexander Lippisch
Who is younger Chris Gould or Robbie Gould ?,['Chris Gould'],Chris Gould
What are both James Hetfield and Bob Marley?,"['musician, singer, and songwriter']",musicians
"Are Macheng and Lianjiang, Guangdong both cities ?",['yes'],Yes
Who was responsible for the Soviet–Albanian split?,['Nikita Khrushchev'],Nikita Khrushchev
How are elephants connected to Gajabrishta?,['Sanskrit'],"Gajabrishta means ""elephant"" in Sanskrit"
"What is Opry Mills in Nashville, Tennessee?",['super-regional shopping mall'],Shopping center
Are Ballota and Myosotis both evergreens?,['no'],Yes
Seal Harris was born in what county?,['Polk County'],Cedartown
When was Leeds no longer called Elmet?,['early 7th century'],By 1626
What is Gary Cole's character based on?,"['the Hanna-Barbera show ""Birdman and the Galaxy Trio.""']",A Chicago guy
Are Chlidanthus and Maianthemum both flowering plants?,['yes'],Yes
When was the producer of  Michel'le born? ,"['February 18, 1965']","December 5, 1970"
Are Yucca and Rodgersia both perennials?,['yes'],Yes
Arbutus and Aspidistra are what types of plants?,['flowering plants'],Arbutus is a flowering plant and Aspidistra is a perennial herbaceous plant.
Where are Neoregelia and Aloysia known to grow,"['temperate climates,']",South America and Argentina
Fighting Cock is produced in what Kentucky county?,['Nelson County'],Bardstown
Was Vanderbilt University or Emory University founded first?,['Emory University.'],Emory University
Are Nikolaschka and White Russian made of beer?,['no'],No
Are both Jonathan Marray and Wayne Black British?,['no'],No
Whose brother was a king of the East-Saxons?,['Sæward'],Sexred and Sæward
Are Alice Munro and Lillian Hellman both writers?,['yes'],Yes
"Which has more species, Aichryson or Polypodium?",['Polypodium'],Polypodium
Are Werther and The Odyssey both operas?,['no'],No
What Swedish songwriter worked with Taylor Swift?,['Shellback'],Max Martin
Tikkun and Moment are both what?,['magazine'],Hebrew words
Dandong and Hotan are located in what country?,['China'],China
which plant has the highest specie  Panicum or Populus ,['Panicum'],Panicum
"Who died second, Averroes or Ibn Taymiyyah?",['ibn Taymiyyah'],Averroes
What year was the inventor of Rejuvelac born?,['1909'],"Ann Wigmore was born in Cropos, Lithuania."
Cranium and Twin Tin Bots are both what?,['games'],No
In what county was Duffy Jackson born?,['Nassau County'],Nassau County
Are Mick Jagger and Brett Scallions both musicians?,['yes'],Yes
Are Ranger Rick and Tennis both sports magazines?,['no'],No
Löwenbräu and Bürgerbräukeller are both located where?,['Germany'],"Munich, Bavaria, Germany"
which has more acts Pagliacci or Suor Angelica?,['Pagliacci'],Pagliacci
Are Anja Salomonowitz and Rod Lurie both directors?,['yes'],Yes
What was fort orange's initial name?,['Dutch House of Orange-Nassau'],Fort Oranje
Which maker of Robatumumab is American?,['Merck'],Merck and Schering-Plough
Are Robert Philibosian and David Ignatius both politicians?,['no'],No
Are Xinxiang and Qionglai City both county-level cities?,['no'],No
"which is larger, Hunchun or Shijiazhuang?",['Shijiazhuang'],Shijiazhuang
Are Ian Brown and Dee Snider both actors?,['no'],Yes
Who set Nietzche's philosophical novel to music? ,['Richard Strauss'],Several composers
Were Daniel Mann and Todd Solondz both directors?,['yes'],Yes
Ethel Winter worked with which avant-garde theater director?,['Jean Erdman'],Robert Wilson
Is The Moon-Spinners and Oceans both documentaries?,['no'],No
Are both Lukas Rossi and Terry Kath American?,['no'],No
Is Ordos City more west than Yangzhong?,['yes'],Yes
"Which has more species, Festuca or Dactylis?",['Festuca'],Festuca
 Are Finding Kraftland and Shikashika both frozen drinks?,['Shikashika is a shaved ice drink'],no
Does Lucozade pre-date Hires Root Beer? ,['no'],No
"What is older, Downfall or Dark Tower?",['Downfall'],The Gunslinger
Are Vintage Life and InStyle both US-based magazines?,['no'],Yes
Tom Araya and Marcus Mumford were both what?,['musician'],Musicians
What American corporation owns Claim Jumper?,"[""Landry's""]","Landry's, Inc."
Which as more species Cassiope or Deutzia?,['Deutzia'],Deutzia
who is younger Keith Bostic or Jerry Glanville ?,['Keith Bostic'],Keith Bostic
What Nobel Laureate teaches at  Chapman University?,['Vernon Smith'],Vernon L. Smith
How did Pre's Trail's namesake die?,['in an automobile accident'],Car crash
Are Ana Kasparian and Katherine Sarafian both Armenian-,['yes'],Yes
Are Joe Orton and Bernard-Marie Koltès both playwrights ?,['yes'],yes
Which Austrian Chancellor does Jörg Leichtfried serve under?,['Christian Kern'],Karl Nehammer
Bangalore Naatkal starred which actor and photographer?,['Ramanaidu Daggubati'],Rana Daggubati and Sameer Thahir
What languages did the son of Sacagawea speak?,['French and English'],"French, English, German, Spanish"
Which CEO of FedEx becked  Value America ,"['Frederick Wallace ""Fred"" Smith']",Raj Subramaniam
What is Diego Tonetto's Italian passport called?,['Italian nationality law'],Passaporto italiano
Who is older Danny Green or James Worthy?,['James Worthy'],James Worthy
Are both Leycesteria and Anigozanthos native to Australia?,['no'],No
Alfie Allen played Theon Greyjoy on which show?,['Game of Thrones'],Game of Thrones
The host of PokerFace is from where?,"['Newcastle upon Tyne, England']",New York City
whats the famous bavagheet by arun date?,['Shukratara'],Bhavageet
"Which has more species, Sonerila or Scaevola?",['Sonerila'],Sonerila
Does Erodium or Cymbidium include more species?,['Erodium'],Erodium
What are both Caleb Shomo and Brian Welch?,['singer'],Musicians
What type of submarine was the non-nuclear U-32?,['German Type 212 class'],Type VIIA U-boat
In which state is Stewart Nozette imprisoned?,['Indiana'],Indiana
Are Joe Walsh and Chester Bennington both guitarists?,['no'],Yes
Are Broughtonia and Perilla both types of mint?,['no'],No
Are Catasetum and Origanum in the same family?,['no'],No
Who is younger Jenny Bae or Lionel Richie ?,['Jenny Bae'],Jenny Bae
which  Australian politician represented  Electoral district of Goulburn,['Jane Goward'],Wendy Tuckerman
Which Genus has more species Eucryphia or Lepidozamia ?,['Eucryphia'],Eucryphia
EM,,0.5202702702702703
F1,,0.5732625482625483
elapsed time,,103.06573471990791
