Question,GT Answer,"open-squad-long_got-3+demos-sa-knn+cx+t5-nli-ec+ci+[0.3,0.6,0.1]_gpt-3.5-turbo-1106_google"
What was the entity that stepped in and caused Miami's Sun Life Stadium to no longer be in the running to host Super Bowl 50?,"['Florida legislature', 'the Florida legislature', 'Florida legislature']",The NFL
Who decided not to approve paying for renovations at Sun Life Stadium that the league wanted for them to do to host Super Bowl 50?,"['Florida legislature', 'the Florida legislature', 'Florida legislature']",Commissioners Xavier Suarez and Esteban Bovo
What was the number of times the Denver Broncos played in a Super Bowl by the time they reached Super Bowl 50?,"['eight', 'eight', 'eight']",Eight
"According to game stats, which Super Bowl 50 quarterback had his worst year since his first season as a player in the NFL?","['Peyton Manning', 'Peyton Manning', 'Manning']",Cam Newton
What player did the field problem at Levi's stadium affect for a field goal in week six of the regular season?,"['Justin Tucker', 'Tucker']",Justin Tucker
What color was used to create the 50-yard line in Levi's Stadium for the season leading up to the Super Bowl 50 game?,"['gold', 'gold', 'gold']",Gold
How many people were estimated to go to the different game-themed events during the week prior to Super Bowl 50 in the city it was held in?,"['1 million', 'More than 1 million', '1 million']",More than a million people
What was the name of the event at the The Embarcadero that was held prior to Super Bowl 50 to help show off some of the things that San Francisco has to offer?,"['Super Bowl City', 'Super Bowl City', 'Super Bowl City']",Super Bowl City
"Which committee made an effort to invite companies owned by people, who are transgender or gay, to take part in contract business associated with Super Bowl 50.","['Super Bowl 50 Host Committee', 'the Super Bowl 50 Host Committee', 'Super Bowl 50 Host Committee']",Super Bowl 50 Host Committee
Which company held a contest whereupon contestants could enter for a chance to have their own commercial shown during Super Bowl 50?,"['Doritos', 'Doritos', 'Doritos']",Intuit Inc.
What company was this the last Super Bowl they would let customers have an opportunity to get their own commercial ideas aired?,"['Doritos', 'Doritos', 'Doritos']",Anheuser-Busch
"Disney paid for The Jungle Book, Alice Through the Looking Glass, and which other film trailer to be aired during the game?","['Captain America: Civil War', 'Captain America: Civil War', 'Captain America: Civil War']",Indiana Jones and the Dial of Destiny
What is the last name of the player who bumped the ball away from Manning in the fourth quarter of Super Bowl 50?,"['Ealy', 'Ealy', 'Ealy']",Miller
Why did the exiled Polish government in London order the underground Home Army to seize control of Warsaw prior to the arrival of the Red Army?,"['Stalin was hostile to the idea of an independent Poland', 'Stalin was hostile to the idea of an independent Poland', 'Stalin was hostile to the idea of an independent Poland']",To present Poland as a country on equal footing with the USSR before a Soviet-backed regime could be installed
What field of computer science analyzes all possible algorithms in aggregate to determine the resource requirements needed to solve to a given problem?  ,"['computational complexity theory', 'computational complexity theory', 'computational complexity theory']",Computational complexity
What field of computer science is primarily concerned with determining the likelihood of whether or not a problem can ultimately be solved using algorithms?,"['computability theory', 'computability theory', 'computability theory']",algorithm design and analysis
Whose thesis states that the solution to a problem is solvable with reasonable resources assuming it allows for a polynomial time algorithm?,"[""Cobham's thesis"", ""Cobham's"", 'Cobham']",Stephen Cook
What is the expression used to identify any given series of problems capable of being solved within time on a deterministic Turing machine?,"['DTIME(f(n))', 'DTIME(f(n)).', 'DTIME(f(n))']",Polynomial time
What is the most critical resource measured to in assessing the determination of a Turing machine's ability to solve any given set of problems?,"['time', 'time', 'time']",Human-like thinking
What is an example of a measurement within a complexity class that would create a bigger set of problems if the bounds were relaxed?,"['computation time', 'computation time', 'computation time']",Time or memory
What kind of statement is made in the effort of establishing the time and space requirements needed to enhance the ultimate number of problems solved?,"['quantitative statements', 'quantitative', 'quantitative']",Performance statement
"According to reduction, if X and Y can be solved by the same algorithm then X performs what function in relationship to Y?","['reduces', 'reduces', 'X reduces to Y']",Transforms
"If P = NP is unsolved, and reduction is applied to a known NP-complete problem vis a vis Π2 to  Π1, what conclusion can be drawn for Π1?","['there is no known polynomial-time solution', 'no known polynomial-time solution', 'there is no known polynomial-time solution']",Π1 is at least as difficult as Π2
What is unknown about the complexity classes between L and P that further prevents determining the value relationship between L and P?,"['if they are distinct or equal classes', 'if they are distinct or equal classes', 'if they are distinct or equal classes']",Value relationship
"If NP is not equal to P, viewed through this lens, what type of problems can also be considered intractable?","['NP-complete problems', 'NP-complete', 'NP-complete', 'NP-complete']",NP
"Despite the Presburger problem, and in view of intractability, what has been done to establish solutions in reasonable periods of time?","['algorithms have been written', 'algorithms have been written', 'algorithms have been written that solve the problem in reasonable times in most cases']",Solutions have been established in reasonable periods of time.
What is an example of a problem to which effective algorithms have provided a solution in spite of the intractability associated with the breadth of sizes?,"['NP-complete knapsack problem', 'NP-complete knapsack', 'the NP-complete knapsack problem']",Brute-force search
What is the paper written by Richard Karp in 1972 that ushered in a new era of understanding between intractability and NP-complete problems?,"['""Reducibility Among Combinatorial Problems""', 'Reducibility Among Combinatorial Problems', '""Reducibility Among Combinatorial Problems""']","""Reducibility Among Combinatorial Problems"""
"Who is generally considered on the same level as physicians, lawyers, engineers, and accountants (Chartered or CPA)?","['paid professionals.', 'professionals', 'Formal teaching']",Accountants (Chartered or CPA)
"Besides publishing To the Christian Nobility of the German Nation and On the Babylonian Captivity of the Church, what other work did Luther produce in 1520?","['On the Freedom of a Christian', 'On the Freedom of a Christian', 'On the Freedom of a Christian.']",On the Freedom of a Christian
"Orange, San Diego, Riverside and San Bernardino make up four of the five counties. What is the name of the last county?","['Los Angeles', 'Los Angeles', 'Riverside']",Ventura
"In the definition based off the mountain range, which region would the desert portions of north Los Angeles County be included in?","['southern', 'southern California', 'southern California']",High Desert
"Other than Downtown San Bernardino, and University Town, what is the name of another business district in the San Bernardino-Riverside area?","['Hospitality Business/Financial Centre', 'Downtown Riverside', 'Hospitality Business/Financial Centre']",Hospitality Lane District
"Along with nuclear, geothermal and internal combustion engine waste heat, what sort of energy might supply the heat for a steam engine?","['solar', 'solar', 'solar']",Solar energy
"Along with a desire for more steam pressure, what were early drivers looking to generate when they fastened safety valves down?","['more power', 'more power', 'greater steam pressure and more power']",More steam pressure
The UK and France had non interruptions in their oil supply as they did not allow which country to use their airfield?,"['America', 'America', 'America', 'America']",Iran
What was the term Kennedy used to show that America was falling behind the Soviet Union due to inactivity in space programs?,"['missile gap', 'first but, first and, first if, but first period', 'missile gap', 'missile gap']",Leadership in Space
What was the general consensus Johnson came to regarding America's progress on going to space and reaching a position of leadership?,"['neither making maximum effort nor achieving results necessary', 'are neither making maximum effort nor achieving results necessary', 'we are neither making maximum effort nor achieving results necessary if this country is to reach a position of leadership', 'we are neither making maximum effort nor achieving results necessary']",Attaining world leadership in space
"Since NASA didn't know how many attempts each test would end up requiring, what did they use instead of numbers for the trials?","['letters', 'letters', 'letters were used instead of numbers', 'letters']",letters
"What happened to the Apollo 13 crew to force them to use the LM as a ""life boat"" as it had been designed?","['liquid oxygen tank exploded', 'liquid oxygen tank exploded,', 'liquid oxygen tank exploded', 'liquid oxygen tank exploded', 'liquid oxygen tank exploded, disabling the Service Module']",Oxygen tank explosion
"Along with one veteran, what other two types of crew could be included in lieu of veterans after the successful landings of Apollo 11 and 12?","['rookies', 'Jack Swigert, and Fred Haise', 'two rookies', 'rookies']",Rookies
"What Apollo mission was first cancelled due to not being needed to build the Skylab in space, as it was pre-built on the ground?","['Apollo 20', 'Saturn V to', 'Apollo 20', 'Apollo 20', 'Apollo 20.']",Apollo 20
The flags on the moon left by the U.S. manned Apollo missions are all still standing save for which mission's flag?,"['Apollo 11', 'Apollo 11', 'Apollo 11', 'Apollo 11']",Apollo 11
"After an eventful and tiring year for the world during 1968, what type of ending to the year did the images from space provide?","['inspiring end', 'inspiring', 'inspiring', 'inspiring end', 'inspiring']",Peaceful and breathtaking
Were the tapes able to be restored and processed without destroying historical legitimacy or did some aspects of the tapes lose legitimacy?,"['without destroying historical legitimacy', 'Lowry Digital f', 'without destroying historical legitimacy', 'processed to remove random noise and camera shake without destroying historical legitimacy', 'without destroying historical legitimacy']",Some aspects of the tapes lost legitimacy
Were the restored tapes able to have color added to them to enhance the picture or did they remain black and white?,"['black and white', 'black and white,', 'black and white', 'remaining in black and white', 'remaining in black and white,']",Color added
Which article of the Treaty on European Union states that Commissioners should be completely independent and not take instructions from any Government?,"['Article 17(3)', 'Article 17(3)', 'Article 17(3)', 'Article 17(3)']",Article 17(1)
"In which case was it held that the provisions of the treaties are directly effective if they are clear, unconditional, and don't require further action by EU or national authorities?","['Van Gend en Loos v Nederlandse Administratie der Belastingen', 'Van Gend en Loos v Nederlandse Administratie der Belastingen', 'Van Gend en Loos v Nederlandse Administratie der Belastingen']",Van Gend en Loos
 What entity has taken the view that the goals of free trade are underpinned by the aims to improve people's well being?,"['the Court of Justice', 'the Court of Justice', 'the Court of Justice']",The United States
"In Schmidberger v Austria, the Court of Justice came to the conclusion that Austria didn't infringe upon article 34 by failing to ban a what?","['a protest that blocked heavy traffic', 'a protest', 'a protest']",Demonstration
" In the 2009 Commission v Italy, case, the Court of Justice held that an Italian low prohibiting what infringed article 34?","['motorcycles or mopeds pulling trailers', 'motorcycles or mopeds pulling trailers', 'motorcycles or mopeds pulling trailers']",Market access
Which Belgian footballer claimed that he should be allowed to transfer from one football club to another when his contract was fulfilled?,"['Jean-Marc Bosman', 'the Belgian Football Association v Bosman', 'Jean-Marc Bosman']",Jean-Marc Bosman
What language did the Court of Justice accept to be required to teach in a Dublin college in Groner v Minister for Education?,"['Gaelic', 'Gaelic', 'Gaelic']",English
In which case did the Court state that Austria was not allowed to hold places in Austrian schools exclusively for Austrian students?,"['Commission v Austria', 'Commission v Austria the Court', 'Commission v Austria']",unknown
"In Gebhard v Consiglio...Milano, the requirements to be registered in Milan before being able to practice law would be allowed under what conditions?","['if they were non-discriminatory', 'if they were non-discriminatory, ""justified by imperative requirements in the general interest"" and proportionately applied', 'participate in economic life ""on a stable and continuous basis""']","Non-discriminatory, justified by imperative requirements"
In which case did the Court of Justice state that refusal to admit a lawyer to the Belgian bar because he did not have Belgian heritage wasn't able to be justified?,"['Reyners v Belgium', 'Reyners v Belgium the Court of Justice', 'Reyners v Belgium']",Konigsberg v. State Bar
In which case did the Court of Justice hold that requiring Italian lawyers to comply with maximum tariffs unless there was an agreement with a client was not a restriction?,"['Commission v Italy', 'Commission v Italy the Court of Justice', 'Commission v Italy']",Commission v Italy (C-565/08)
Why was the Dutch lawyer who moved to Belgium while advising a client in a social society case told he couldn't continue?,"['because Dutch law said only people established in the Netherlands could give legal advice', 'Dutch law said only people established in the Netherlands could give legal advice', 'Dutch law said only people established in the Netherlands could give legal advice']",Lack of local address and professional card
In which case did the Court of Justice hold that a German court couldn't deny a Dutch building company the right to enforce a contract based in Germany?,"['Überseering BV v Nordic Construction GmbH', 'Überseering BV v Nordic Construction GmbH', 'Überseering BV v Nordic Construction GmbH']",Wunderlich v. Germany
"Many changes in the vegetation of the amazon rainforest took place since the  Last Glacial Maximum, which was how many years ago?","['21,000', '21,000', '21,000']","20,000 years ago"
Scientists disagree with how the Amazon rainforest changed over time with some arguing that it was reduced to isolated refugia seperated by what?,"['open forest and grassland', 'open forest and grassland', 'open forest and grassland']",Open forest and grassland
"If one computer model turns out correct, by what year would there be a nearly complete loss of rainforest in the Amazon basin?","['2100', 'by 2100', '2100']",2100
"What organization argued that drought, among other effects, could cause the Amazon forest to reach a ""tipping point?""","['Brazilian National Institute of Amazonian Research', 'Brazilian National Institute of Amazonian Research', 'Brazilian National Institute of Amazonian Research']",National Institute for Amazonian Research
"If you were to take a train west or south out of the city of Fresno, which railroad would you take?","['San Joaquin Valley Railroad', 'San Joaquin Valley Railroad', 'San Joaquin Valley Railroad']",San Joaquin Valley Railroad
Recently a more detailed model of the Earth was developed. Seismologists were able to create this using images of what from the interior of the Earth? ,"['wave speeds', 'wave speeds', 'wave speeds']",seismic waves
"When rock formations are found on top of a fault that have not been cut, then they must be older or younger than the fault?","['younger than the fault', 'younger', 'younger']",older
The presence or absence of what can be used to determine the relative age of the formations in which they are found? ,"['organisms', 'organisms', 'organisms', 'organisms']",Certain fossils
"When rock folds deep in the Earth it can fold one of two ways, when it buckles upwards it creates what? ","['antiforms', 'antiforms', 'antiforms']",Anticline
"When rock folds deep in the Earth it can fold one of two ways, when it buckles downwards it creates what? ","['synforms', 'synforms', 'synforms']",Syncline
"In China, this person inferred that the land was formed by erosion of the mountains and by silt deposition, what was his name?","['Shen Kuo', 'Shen Kuo', 'Shen Kuo']",Shen Kuo
"Which part of London was Sir Paul Pindar's house, whose façade now resides in the V&A collection, located?","['Bishopsgate', 'Bishopsgate', 'Bishopsgate']",Bishopsgate Street
"A column from which Moorish palace and fortress complex in Granada, Spain, is included in the V&A collection?","['Alhambra', 'Alhambra', 'Alhambra']",The Alhambra
The sculpture of Amida Nyorai that is included in the V&A's Japanese art collection is dated to which century?,"['13th', '13th-century', '13th']",13th-century
The papers of which famous English writer of children's books such as The Tale of Peter Rabbit are collected in the museum?,"['Beatrix Potter', 'Beatrix Potter', 'Beatrix Potter']",Beatrix Potter
Which Italian that is credited with the creating the Baroque style of sculpture is represented in the V&A's British galleries?,"['Gian Lorenzo Bernini', 'Gian Lorenzo Bernini', 'Gian Lorenzo Bernini']",Gian Lorenzo Bernini
Which famous French artist who painted the Grande Odalisque of 1814 is represented in the drawings collection of the V&A?,"['Jean Auguste Dominique Ingres', 'Jean Auguste Dominique Ingres,', 'Jean Auguste Dominique Ingres']",Jean Auguste Dominique Ingres
Approximately how many names were signed on an online petition on the Parliamentary website in response to the closing of the Musical Instruments gallery?,"['over 5,100', 'over 5,100', 'over 5,100']","156,086"
Which British sculptor whose work include the Queen Victoria memorial in front of Buckingham Palace is included in the V&A collection?,"['Thomas Brock', 'Thomas Brock', 'Thomas Brock']",Sir Thomas Brock
Which leading English tapestry workshop in the late 17th century and early 18th century is represented in the V&A collection?,"[""John Vanderbank's workshop"", ""John Vanderbank's"", 'John Vanderbank']",Mortlake Tapestry Works
What cable provider did ABC reach an agreement with in 1993 to carry it's owned-and-operated stations in ABC O&O markets?,"['Time Warner Cable', 'Time Warner Cable', 'Time Warner Cable']",Continental Cablevision
Disney-ABC Television group implemented restrictions for Hulu and WATCH ABC that made episodes available only after how many days after initial broadcast?,"['eight', 'eight', 'eight']",1 day
How were the men who did tasks like those of today's pharmacists viewed in Japan in the Asuka and Nara periods?,"['highly respected', 'highly respected', 'highly respected']",highly respected
What is the minimum distance between a patient's home and the nearest pharmacy that allows a physician to give out medication?,"['1.6 kilometres', '1.6 kilometres', '1.6 kilometres']",1 mile; 1.6 kilometers
What is the minimum distance between a patient's home and the nearest pharmacy that allows a physician in Austria to give out medicine?,"['more than 4 kilometers', '4 kilometers', 'more than 4 kilometers']",4 kilometers
What is the receptor that killer T cells use to bind to specific antigens that are complexed with the MHC Class 1 receptor of another cell?,"['T cell receptor (TCR)', 'T cell receptor', 'T cell receptor (TCR)']",CD8
"When an activated killer T cell finds cells where the MHC 1 receptor has specific antigens, it releases cytotoxins such as what?","['perforin', 'perforin', 'perforin']",granzymes and perforin
How many receptors on a helper T cell must be bound to a MHC:antigen complex in order for the cell to be activated?,"['around 200–300', 'around 200–300', 'around 200–300']",Multiple receptors
The receptors on a killer T cell must bind to how many MHC: antigen complexes in order to activate the cell?,"['a single MHC:antigen molecule', 'single', 'a single MHC:antigen molecule']",MHC: antigen complexes
Le grand concludes that an author's words offer only what they intended for them to imply regarding this type of terminology?,"['specific', 'civil disobedience', 'specific', 'specific']",intended effect
"Even in large firms, architects, interior designers, engineers, developers, construction managers, and general contractors were more likely to be what?","['entirely separate companies', 'entirely separate companies', 'entirely separate companies']",Entirely separate
"What kind of contract is given when the contractor is given a performance specification and must undertake the project from design to construction, while adhering to the performance specifications?","['""design build"" contract', 'design build', '""design build"" contract']",design-build contract
Focus on what is to ameliorate the many problems that arise from the often highly competitive and adversarial practices within the construction industry.,"['co-operation', 'co-operation', 'co-operation']",Co-operation
"Whose role is to design the works, prepare the specifications and produce construction drawings, administer the contract, tender the works, and manage the works from inception to completion","['the project coordinator', 'project coordinator', 'the architect or engineer']","Architect, engineer or builder"
What does many workers willing to work for a lot of time competing for a job that only requires a few workers result in?,"['low wage', 'competition', 'low wage']",Lower wages
"While competition between workers drives down wages for jobs with a high supply of worker, whose competition drives wages up for the inverse?","['employers', 'employers', 'employers']",Employers
"If the average U.S. worker were to complete an additional year of school, what amount of growth would be generated over 5 years?","['$105 billion', '$105 billion', '$105 billion']",55%
What does a U.S. census report state that even after other factors there still exists this between earnings of men and women?,"['a difference', 'difference', 'difference in earnings']",84% wage gap
Income not from the creation of wealth but by grabbing a larger share of it is know to economists by what term?,"['rent-seeking', 'rent-seeking']",rent-seeking
"What happens to the GDP growth of a country if the income share of the top 20 percent increases, according to IMF staff economists? ","['declines', 'declines', 'declines']",It declines over the medium term
When was the Special Report on Managing Risks of Extreme Events and Disasters to Advance Climate Change Adaptation (SREX) issued?,"['2011', '2011', '2011']",2012
What is the name of the supposition that any number larger than 2 can be represented as the sum of two primes?,"[""Goldbach's conjecture"", ""Goldbach's conjecture"", ""Goldbach's conjecture"", ""Goldbach's conjecture"", ""Goldbach's conjecture""]",Goldbach's conjecture
What is the application of prime numbers used in information technology which utilizes the fact that factoring very large prime numbers is very challenging?,"['public-key cryptography', 'public-key cryptography', 'public-key cryptography', 'cryptography', 'public-key cryptography']",Encryption
What property of the harmonic series 1 + 1/2 + 1/3 + 1/4 + ... shows that there is an infinite number of primes?,"['diverges', 'diverges', 'exceeds any given number']",divergence
"According to the Riemann hypothesis, all zeroes of the ζ-function have real part equal to 1/2 except for what values of s?","['s = −2, −4, ...,', '−2, −4, ...,', '−2, −4', 's = −2, −4']","±14.135, ±21.022, and ±25.011"
"Which conjecture holds that for any positive integer n, there is an infinite amount of pairs of consecutive primes differing by 2n?","[""Polignac's conjecture"", ""Polignac's"", ""Polignac's conjecture"", ""Polignac's""]",Twin prime conjecture
"Assuming p is a prime other than 2 or 5, then, according to Fermat's theorem, what type of decimal will 1/p always be?","['a recurring decimal', 'recurring', 'recurring', 'recurring', 'recurring']",repeating decimal
"According to Fermat's theorem, what period does 1/p always have assuming p is prime that is not 2 or 5?","['p − 1', 'p − 1', 'p − 1 or a divisor of p − 1', 'p − 1 or a divisor of p − 1', 'p − 1 or a divisor of p − 1']",p-1
"According to Wilson's theorem, what factorial must be divisible by p if some integer p > 1 is to be considered prime?","['(p − 1)! + 1', '(p − 1)! + 1', '(p − 1)! + 1', '(p − 1)! + 1', '(p − 1)! + 1']",(p-1)!
"According to Wilson's theorem, what factorial must be divisible by n if some integer n > 4 is to be considered composite?","['(n − 1)!', '(n − 1)!', '(n − 1)!', '(n − 1)!', '(n − 1)!']",(n−1)!
What condition what must be satisfied in order for 1/p to be expressed in base q instead of base 10 and still have a period of p - 1?,"['p is not a prime factor of q', 'p is not a prime factor of q', 'p is not a prime factor of q', 'p is not a prime factor of q.', 'p is not a prime factor of q.']",Digits are periodic
"If an extraordinary election is held within less than six months before the date of an ordinary election, what does it do to the ordinary election?","['supplant it.', 'supplant it', 'reverts to the first Thursday in May, a multiple of four years after 1999']",It replaces the ordinary election
What act sets the term for judging the boundaries of sanity to which individuals wishing to sit on the SP must adhere?,"['Mental Health (Care and Treatment) (Scotland) Act 2003', 'Mental Health (Care and Treatment) (Scotland) Act 2003', 'Mental Health (Care and Treatment) (Scotland) Act 2003']",Mental Health
"Who was one man who joined hands and said ""Lord of the Church, we are united in Thee...?""","['Bishop Lloyd Christ Wicke', 'Bishop Lloyd Christ', 'Bishop Reuben H. Mueller']",Bishop Lloyd Christ Wicke
When did the UMC's General Board of Church and Society call on all United Methodists to abstain from alcohol for Lent?,"['2011 and 2012', 'in 2011 and 2012', '2011 and 2012']",2009
"The church states that, as Christians, they are aware that neither the way of what is righteous before God?""","['the way of military action', 'persons who conscientiously oppose all war', 'military action']",those who have never heard the gospel
"Whose First Law of Motion says that unless acted upon be forces, objects would continue to move at a constant velocity?","['Newton', ""Newton's"", ""Newton's"", ""Newton's"", ""Newton's""]",Newton's
"If you do not know both magnitude and direction of two forces on an object, what would you call that situation?","['ambiguous', 'ambiguous', 'ambiguous', 'ambiguous', 'ambiguous']",scalar
What makes static friction go up or down in responce to contact characteristics between an object and the surface it is on?,"['applied force', 'applied force', 'applied force', 'applied force', 'applied force']",normal force magnitude and roughness between sliding surfaces
EM,,0.2457627118644068
F1,,0.37770438501928244
elapsed time,,116.76966014756995
