Question,Plan Context,Plan,Dependencies,Rewrite Context,Rewrite,Rationale Context,Rationale,Answer,GT Answer
Where is Trasianka used?,"['Measuring language attitudes. The case of Trasianka in Belarus | The result of this mixing is a variety which is commonly called Trasianka. This language mixing can be found almost everywhere in modern-day Belarus – even in literature, comics and broadcasts., almost everywhere in modern-day Belarus', 'Trasianka | Trasianka is an informal term for mixed form of speech in which Belarusian and Russian elements and structures are combined arbitrarily.', 'Languages of Belarus | Apart from Russian, Belarusian and trasianka the languages of national minorities are used in Belarus, but to a much lesser extent. According to the Belarusian ...']","Step 1: What is Trasianka?
Step 2: How is Trasianka used in Belarus?
Step 3: In what contexts is Trasianka commonly found in Belarus?",Step 2 depends on Step 1. Step 3 depends on Step 2.,Step 1: What is Trasianka? ANSWER: mixed form of speech. Step 2: How is Trasianka used in Belarus?,How is Trasianka used in Belarus?,"['Trasianka | Trasianka is an informal term for mixed form of speech in which Belarusian and Russian elements and structures are combined arbitrarily.', 'Languages of Belarus - Wikipedia | The language situation in Belarus is characterized by a co-existence of several linguistic codes. The three most widespread codes are Belarusian, Russian and the so-called Trasianka, a mixed speech in which Belarusian and Russian elements and structures alternate arbitrarily., a mixed speech in which Belarusian and Russian elements and structures alternate arbitrarily', 'Trasianka | Trasianka is an informal term for mixed form of speech in which Belarusian and Russian elements and structures are combined arbitrarily.', 'Trasianka | Trasianka is an informal term for mixed form of speech in which Belarusian and Russian elements and structures are combined arbitrarily.', 'Measuring language attitudes. The case of Trasianka in Belarus | The result of this mixing is a variety which is commonly called Trasianka. This language mixing can be found almost everywhere in modern-day Belarus – even in literature, comics and broadcasts., almost everywhere in modern-day Belarus', 'Trasianka | Trasianka is an informal term for mixed form of speech in which Belarusian and Russian elements and structures are combined arbitrarily.', ""There is a language called trasianka in Belarus, a form of ... | Trasianka is not a language. It's a common name for a mixed dialectic continuum. And it's not really common in Belarus as most people speak ...""]","Trasianka is a mixed form of speech in which Belarusian and Russian elements and structures are combined arbitrarily [1][2][3][4][5][6][7]. It is commonly found almost everywhere in modern-day Belarus, including in literature, comics, and broadcasts.",Belarus,['Belarus']
What does Bushido mean?,"['Bushido | Bushidō is a moral code concerning samurai attitudes, behavior and lifestyle, formalized in the Edo period (1603–1868). There are multiple types of bushido ...', 'Bushido Definition & Meaning | The meaning of BUSHIDO is a feudal-military Japanese code of behavior valuing honor above life. Did you know?', 'Bushido | Virtues, Significance, History, & Facts | Bushidō, (Japanese: “Way of the Warrior”) the code of conduct of the samurai, or bushi (warrior), class of premodern Japan.']","Step 1: What is the definition of Bushido?
Step 2: What are the virtues of Bushido?
Step 3: What is the significance of Bushido in Japanese culture?
Step 4: What is the history of Bushido?
Step 5: What are some facts about Bushido?",Step 2 depends on Step 1. Step 4 depends on Step 2. Step 4 depends on Step 3.,Step 1: What is the definition of Bushido? ANSWER: a feudal-military Japanese code of behavior. Step 2: What are the virtues of Bushido?,What are the virtues of Bushido?,"['Bushido Definition & Meaning | The meaning of BUSHIDO is a feudal-military Japanese code of behavior valuing honor above life. Did you know?', 'Bushido | Meaning, Code & Virtues - Video & Lesson Transcript | There were seven official virtues of Bushido: righteousness, courage, benevolence, respect, honesty, honor, and loyalty. Piety, wisdom, and care for the elderly were unofficial virtues. By following the Bushido code, a samurai would maintain both honor and political power in Japanese society., righteousness, courage, benevolence, respect, honesty, honor, and loyalty', ""Bushido's Eight Virtues - The Martial Way | Here are Bushido's Eight Virtues as explicated by Nitobe Inazō: · 1. Rectitude or Justice · 2. Courage · 3. Benevolence or Mercy · 4. Politeness."", 'Bushido - web page template | The Samurai code, Bushido, guided the Japanese warriors in life, battle, and death. It was the unwritten code of principles and morals, and taught obligation and honor. Although the samurai were all but gone at the turn of the 20th century, Bushido remains as a system of pride and valor in Japanese society., a system of pride and valor', 'The History of the Bushido Code: Principles of Samurai ... | Bushido is a code of conduct that emerged in Japan from the Samurai, or Japanese warriors, who spread their ideals throughout society. They drew ...', 'Bushido - Wikipedia | The appearance of bushido is linked to that of feudal Japan and the first shogun at the time of Minamoto no Yoritomo (1147–1199) in the 12th century. The own moral dimension bushido gradually appears in the warrior culture and landmark in stories and military treaties only from the 14th and 15th century., The appearance of bushido is linked to that of feudal Japan and the first shogun at the time of Minamoto no Yoritomo (1147–1199) in the 12th century', 'Bushido | Virtues, Significance, History, & Facts | Bushidō, (Japanese: “Way of the Warrior”) the code of conduct of the samurai, or bushi (warrior), class of premodern Japan.']","The appearance of bushido is linked to that of feudal Japan and the first shogun at the time of Minamoto no Yoritomo (1147–1199) in the 12th century [6]. Bushidō is the code of conduct of the samurai, or bushi (warrior), class of premodern Japan [7].","""Way of the Warrior""","['the ""way of the warrior""']"
When were MANPADs introduced?,"['MANPADS at a Glance | Arms Control Association | These weapon systems often are described as shoulder-fired anti-aircraft missiles. The United States and the Soviet Union first deployed MANPADS—the Redeye and Strela systems respectively—in the 1960s to provide their infantries with portable anti-aircraft weapons., the 1960s', 'Man-portable air-defense system | Overview edit ... MANPADS were developed in the 1950s to provide military ground forces with protection from jet aircraft. They have received a great deal of ...', 'MANPADS: Combating the Threat to Global Aviation - State.gov | It is estimated that more than 1 million MANPADS missiles have been manufactured worldwide since they were first produced in 1967. The United States believes ...']","Step 1: When were MANPADs first deployed?
Step 2: When were MANPADs developed?
Step 3: When were MANPADs first produced?",Step 2 depends on Step 1. Step 3 depends on Step 2.,Step 1: When were MANPADs first deployed? ANSWER: 1960s. Step 2: When were MANPADs developed?,"When were MANPADs first deployed? ANSWER: 1960s. When were MANPADs developed? ANSWER: MANPADs were developed in the 1950s.

Rewrite: What is the acronym MANPADs stand for?","['MANPADS at a Glance | Arms Control Association | These weapon systems often are described as shoulder-fired anti-aircraft missiles. The United States and the Soviet Union first deployed MANPADS—the Redeye and Strela systems respectively—in the 1960s to provide their infantries with portable anti-aircraft weapons., the 1960s', 'Man-portable air-defense system | MANPADS were developed in the 1950s to provide military ground forces with protection from jet aircraft. They have received a great deal of attention, partly ...', 'MANPADS at a Glance | Arms Control Association | The United States and the Soviet Union first deployed MANPADS—the Redeye and Strela systems respectively—in the 1960s to provide their infantries with portable anti-aircraft weapons. Since their introduction, more than 20 states have manufactured an estimated one million MANPADS for national stockpiles or export., the 1960s', 'Man-portable air-defense system | MANPADS were developed in the 1950s to provide military ground forces with protection from jet aircraft. They have received a great deal of attention, partly ...', 'Man Portable Air Defense System (MANPADS) | Man Portable Air Defense System (MANPADS)., Man Portable Air Defense System', 'Man-portable air-defense system | Man-portable air-defense systems (MANPADS or MPADS) are portable surface-to-air missiles. They are guided weapons and are a threat to low-flying aircraft, ...', 'MANPADS at a Glance | Arms Control Association | These weapon systems often are described as shoulder-fired anti-aircraft missiles. The United States and the Soviet Union first deployed MANPADS—the Redeye and Strela systems respectively—in the 1960s to provide their infantries with portable anti-aircraft weapons., the 1960s']",The United States and the Soviet Union first deployed MANPADS—the Redeye and Strela systems respectively—in the 1960s to provide their infantries with portable anti-aircraft weapons [1][3].,The 1960s,['the 1960s']
Who founded autosegmental phonology?,"['John Gold Smith | John Gold Smith, Autosegmental Phonology. This approach to generative phonology was proposed by John Gold Smith in 1976. This theory was based on earlier ideas from several linguists: Bernard Bloch (1948), John Gold Smith', 'Autosegmental phonology - Wikipedia | Autosegmental phonology is a framework of phonological analysis proposed by John Goldsmith in his PhD thesis in 1976 at the Massachusetts Institute of ...', ""Autosegmental Phonology - Oxford Research Encyclopedias | Autosegments were introduced by John Goldsmith in his 1976 M.I.T. dissertation to represent tone and other suprasegmental phenomena. Goldsmith's ...""]",Step 1: What is autosegmental phonology? Step 2: Who proposed the framework of autosegmental phonology? Step 3: When was autosegmental phonology founded?,Step 2 depends on Step 1. Step 3 depends on Step 1.,Step 1: What is autosegmental phonology? ANSWER: A framework of phonological analysis. Step 2: Who proposed the framework of autosegmental phonology?,Who proposed the framework of autosegmental phonology?,"['Autosegmental phonology | Autosegmental phonology is a framework of phonological analysis proposed by John Goldsmith in his PhD thesis in 1976 at the Massachusetts Institute of ...', 'Autosegmental Phonology | Autosegmental Phonology. This approach to generative phonology was proposed by John Gold Smith in 1976., John Gold Smith', 'Autosegmental phonology | Autosegmental phonology is a framework of phonological analysis proposed by John Goldsmith in his PhD thesis in 1976 at the Massachusetts Institute of ...', '1976 | 1976, Autosegmental phonology is a framework of phonological analysis proposed by John Goldsmith in his PhD thesis in 1976 at the Massachusetts Institute of Technology (MIT)., 1976', 'Two A Brief History of Autosegmental Phonology with Special ... | The autosegmental framework was quickly and widely adopted, thanks to the many analytic puzzles it elegantly solved. Even more important was its success at ...', 'John Gold Smith | John Gold Smith, Autosegmental Phonology. This approach to generative phonology was proposed by John Gold Smith in 1976. This theory was based on earlier ideas from several linguists: Bernard Bloch (1948), John Gold Smith', 'Autosegmental phonology - Wikipedia | Autosegmental phonology is a framework of phonological analysis proposed by John Goldsmith in his PhD thesis in 1976 at the Massachusetts Institute of ...']",Autosegmental phonology is a framework of phonological analysis proposed by John Goldsmith in his PhD thesis in 1976 at the Massachusetts Institute of Technology (MIT) [1][2][3][4][6][7].,John Goldsmith,['John Goldsmith']
Who is Tadaklan?,"['Tadaklan is furious with Adonis after losing his body fusion ... | Subscribe to the ABS-CBN Entertainment channel! http://bit.ly/ABS-CBNEntertainment Watch full episodes on iWantTFC for FREE here: ...', 'Dyosa | Amang Suga then arranged for Mariang Sinukuan to be married to Tadaklan, the leader of the Kasamayans, with the hope of achieving peace in their world. Amang ...', 'DOG GODS | DOG MYTHOLOGY - phoenixdogtraining | Kimat is the dog of Tadaklan. Tadaklan is the god of thunder,by the Tinguian people of central Luzon and lives in the sky with his dog Kimat, is ...']",Step 1: Who is Tadaklan in Filipino mythology? Step 2: What is the role of Tadaklan in Filipino mythology? Step 3: What are some stories or legends about Tadaklan in Filipino mythology?,Step 2 depends on Step 1. Step 3 depends on Step 2.,Step 1: Who is Tadaklan in Filipino mythology? ANSWER: God of thunder. Step 2: What is the role of Tadaklan in Filipino mythology?,What is the role of Tadaklan in Filipino mythology?,"['DOG GODS | DOG MYTHOLOGY - phoenixdogtraining | Tadaklan is the god of thunder,by the Tinguian people of central Luzon and lives in the sky with his dog Kimat, is responsible for lightning. During the old times, many people (especially those people of central Luzon) worshiped Tadaklan., god of thunder', 'Isaac at Art - Tadaklan the thunder god The playful and friendly ... | In BISAYAN myths he\'s Ribung Linti right? Meaning ""the thousand lightning"" Known to be the handsome, able body warrior and has moniker of the ""god of', 'DOG GODS | DOG MYTHOLOGY - phoenixdogtraining | Kimat is the dog of Tadaklan. Tadaklan is the god of thunder,by the Tinguian people of central Luzon and lives in the sky with his dog Kimat, is ...', 'Dogs in myth and legend - Openforum | In Philippine mythology, Kimat, the pet of Tadaklan, the god of thunder, is responsible for lightning. In Welsh mythology, Annwn is guarded by ...', 'Tadaklan is furious with Adonis after losing his body fusion ... | Subscribe to the ABS-CBN Entertainment channel! http://bit.ly/ABS-CBNEntertainment Watch full episodes on iWantTFC for FREE here: ...', 'Discover the Gods and Creatures of Filipino Mythology | What is the name of the god of fire in Filipino mythology? A. Bathala B. Apolaki C. Tadaklan D. Mayari Answer: C. Tadaklan. C. Tadaklan. 2.Which of the ...', 'Dalaketnon | Dalaketnons are a race of Elf-like creatures in Philippine mythology In Visayans they were believed to be handsome and beautiful creatures that resemble nobles ...']","Tadaklan is the god of thunder, and Kimat is his dog [1][2][3][4][6].",The god of thunder,['god of thunder']
What is Canis familiaris?,"['Dog | The dog (Canis familiaris or Canis lupus familiaris) is a domesticated descendant of the wolf. Also called the domestic dog, it is derived from extinct ...', 'Canis lupus familiaris Linnaeus, 1758 | The dog is a carnivorous/omnivorous predator mammal of the Canidae family that has been domesticated from the wolf (Canis lupus). Nearly 800 breeds of dog ...', 'ADW: Canis lupus familiaris - Domestic dogs | Found in coastal areas between 30 and 40 degrees latitude, in areas with a Mediterranean climate. Vegetation is dominated by stands of dense, spiny shrubs with ...']",Step 1: What is the scientific classification of Canis familiaris? Step 2: What is the domestic dog derived from? Step 3: How many breeds of dog are there? Step 4: Where are domestic dogs found in the wild?,Step 2 depends on Step 1. Step 4 depends on Step 2. Step 3 depends on Step 1. Step 3 depends on Step 2.,Step 1: What is the scientific classification of Canis familiaris? ANSWER: Canis lupus familiaris. Step 2: What is the domestic dog derived from?,What is the domestic dog derived from?,"['Dog/Scientific name | Canis lupus familiaris, Canis lupus familiaris Linnaeus, 1758. The dog is a carnivorous/omnivorous predator mammal of the Canidae family that has been domesticated from the wolf (Canis lupus). Nearly 800 breeds of dog are recognized.', 'Dog | The dog (Canis familiaris or Canis lupus familiaris) is a domesticated descendant of the wolf. Also called the domestic dog, it is derived from extinct ...', 'gray wolf | gray wolf, Both genetic and phenotypic research has clearly demonstrated that the dog originated from an extinct gray wolf population and was domesticated in the Old World (Fan et al., 2016)., an extinct gray wolf population', ""Domestication of the dog | The domestication of the dog was the process which created the domestic dog. This included the dog's genetic divergence from the wolf, its domestication, ..."", 'How Many Breeds of Dogs Are There in the World? | Key points · Afghanistan. Afghan Hound (longhaired sighthound) · Anatolia. Anatolian Shepherd Dog (mountain type mastiff) · Argentina. Dogo ...', 'Wild Dog Species List With Pictures & Facts: All Types Of ... | Well-known wild dog species include the gray wolf, coyote, red fox, Arctic fox, kit fox, African wild dog and golden jackal. The domestic dog is ...', 'Dog | The dog (Canis familiaris or Canis lupus familiaris) is a domesticated descendant of the wolf. Also called the domestic dog, it is derived from extinct ...']","The domestic dog, derived from the wolf [1][2][3][7].",Domestic dog,['domestic dog']
What is copra?,"['Copra | Copra is the dried, white flesh of the coconut from which coconut oil is extracted. Traditionally, the coconuts are sun-dried, especially for export, ...', 'Copra | Definition, Coconut, Uses, & Facts | Copra, dried sections of the meat of the coconut, the fruit of the coconut palm. Copra is valued for the coconut oil extracted from it and ...', 'What is Copra? - CoccoMio guide to Coconut Oil and FAQs | Copra is essentially dried coconut meat. Copra is used to make refined coconut oil, cold pressed coconut oil and even most raw coconut oils. 14, day returns']",Step 1: What is the definition of copra? Step 2: How is copra used? Step 3: What are the uses of copra in different industries?,Step 2 depends on Step 1. Step 3 depends on Step 2.,Step 1: What is the definition of copra? ANSWER: Dried coconut meat yielding coconut oil. Step 2: How is copra used?,How is copra used?,"['Copra Definition & Meaning | The meaning of COPRA is dried coconut meat yielding coconut oil.', 'What is Copra? - CoccoMio guide to Coconut Oil and FAQs | Copra is essentially dried coconut meat. Copra is used to make refined coconut oil, cold pressed coconut oil and even most raw coconut oils., to make refined coconut oil, cold pressed coconut oil and even most raw coconut oils', 'What is Copra Used For? The Industrialized Byproduct of ... | Copra is mainly used to yield coconut oil. However, the byproducts themselves are used for additional purposes, mostly as food for livestock.', 'Copra - Wikipedia | The oil extracted from copra is rich in lauric acid, making it an important commodity in the preparation of lauryl alcohol, soaps, fatty acids, cosmetics, etc. and thus a lucrative product for many coconut-producing countries., preparation of lauryl alcohol, soaps, fatty acids, cosmetics', 'What is Copra Used For? The Industrialized Byproduct of ... | Copra is mainly used to yield coconut oil. However, the byproducts themselves are used for additional purposes, mostly as food for livestock.', 'Copra | Copra is the dried, white flesh of the coconut from which coconut oil is extracted. Traditionally, the coconuts are sun-dried, especially for export, ...', 'Copra | Definition, Coconut, Uses, & Facts | copra, dried sections of the meat of the coconut, the kernel of the fruit of the coconut palm (Cocos nucifera). Copra is valued for the coconut ...']","Copra is the dried, white flesh of the coconut from which coconut oil is extracted [6][7]. It is mainly used to yield coconut oil and is also used for additional purposes, mostly as food for livestock [3][5].",Dried coconut meat,['dried coconut meat']
Who designed Branch House?,"['Branch House/Architecture firm | Eggers & Higgins', ""The Branch House - The Branch Museum of Architecture & ... | Architect John Russell Pope's Tudor-Revival design for prominent financier John Kerr Branch resulted in a 27,000-square-foot residence featuring eleven ..."", 'Branch House | Branch House in Richmond, Virginia, was designed in 1916 by the firm of John Russell Pope as a private residence of financier John Kerr Branch (1865–1930) ...']",Step 1: What is the Branch House? Step 2: Who was the architect of the Branch House? Step 3: What is the history of the Branch House?,Step 2 depends on Step 1. Step 3 depends on Step 2.,Step 1: What is the Branch House? ANSWER: An urban residence. Step 2: Who was the architect of the Branch House?,Who was the architect of the Branch House?,"['The Branch House | Designed in 1916 and constructed 1917-1919, the Branch House is an excellent example of an urban residence planned in the Tudor/Jacobean Revival style. Perhaps ...', 'Branch House/Architect | John Russell Pope, The Branch House was designed by famed architect John Russell Pope and built by John Kerr Branch and Beulah Gould Branch in 1919., John Russell Pope', ""The Branch House | Architect John Russell Pope's Tudor-Revival design for prominent financier John Kerr Branch resulted in a 27,000-square-foot residence featuring eleven ..."", 'Branch House | TCLF - The Cultural Landscape Foundation | Completed in 1919 for industrialist John Kerr Branch Jr., this Tudor mansion was designed by architects John Russell Pope and Otto Eggers to occupy a prominent position at the terminus of Monument Avenue adjacent to the colonnaded monument to Jefferson Davis., Completed in 1919 for industrialist John Kerr Branch Jr.', ""The Branch House | Guided tours focus on the history and architecture of Richmond's hidden gem, the Branch house. Book a Tour."", 'Branch House/Architecture firm | Eggers & Higgins', ""The Branch House - The Branch Museum of Architecture & ... | Architect John Russell Pope's Tudor-Revival design for prominent financier John Kerr Branch resulted in a 27,000-square-foot residence featuring eleven ...""]",The Branch House was designed by renowned architect John Russell Pope [2][3][4][7].,John Russell Pope,['John Russell Pope']
Who wrote The  Prince?,"['The Prince/Author | Niccolo Machiavelli, The Prince, political treatise by Niccolò Machiavelli, written in 1513., Niccolò Machiavelli', 'The Prince | The Prince is a 16th-century political treatise written by Italian diplomat and political theorist Niccolò Machiavelli in the form of a realistic ...', 'The Prince by Niccolo Machiavelli - Reading Guide | In his own time, Machiavelli was known as the author of histories, poems, and plays (including a widely produced popular comedy). Highly respected as a ... Free 2, day delivery over $20']",Step 1: Who is the author of The Prince? Step 2: What is the name of the author of The Prince? Step 3: What is the political treatise written by Niccolò Machiavelli?,Step 2 depends on Step 1. Step 3 depends on Step 1.,Step 1: Who is the author of The Prince? ANSWER: Niccolò Machiavelli. Step 2: What is the name of the author of The Prince?,What is the name of the author of The Prince?,"['The Prince | The Prince is a 16th-century political treatise written by Italian diplomat and political theorist Niccolò Machiavelli in the form of a realistic ...', 'The Prince/Author | Niccolo Machiavelli, The Prince, political treatise by Niccolò Machiavelli, written in 1513., Niccolò Machiavelli', 'The Prince | The Prince is a 16th-century political treatise written by Italian diplomat and political theorist Niccolò Machiavelli in the form of a realistic ...', 'The Prince | Treatise by Machiavelli, Summary, & Facts | The Prince is a political treatise by Niccolo Machiavelli, written in 1513 and first published in 1532. It describes how to acquire power, ...', 'The Prince/Author | Niccolo Machiavelli, The Prince, political treatise by Niccolò Machiavelli, written in 1513., Niccolò Machiavelli', 'The Prince | The Prince is a 16th-century political treatise written by Italian diplomat and political theorist Niccolò Machiavelli in the form of a realistic ...', 'The Prince: Machiavelli, Niccolo | About the Author. Niccolo Machiavelli (1469-1527) was an Italian Renaissance philosopher, politician, military strategist, poet, playwright, and historian. Rating: 4.4, \u200e6,241 reviews, \u200e$6.99, \u200e30, day returns, \u200eIn stock']",Niccolò Machiavelli wrote The Prince [1][2][3][4][5][6][7].,Niccolò Machiavelli,['Niccolò Machiavelli']
When did Gorbachev resign?,"['Mikhail Gorbachev resigns as president of the USSR | Mikhail Gorbachev resigns as president of the USSR | December 25, 1991 | HISTORY.', 'Gorbachev Resigns as President | Mikhail Gorbachev, Resignation. December 25, 1991. Original Source: Broadcast on Central Television, December 25, 1991; printed in Rossiiskaia Gazeta, ...', ""Gorbachev's resignation 30 years ago marked the end of ... | “The leaders of the republics that announced the end of the Soviet Union in December 1991 did not think through all the consequences of what ...""]",Step 1: When did Mikhail Gorbachev resign as president of the USSR? Step 2: What was the date of Gorbachev's resignation? Step 3: What year did Gorbachev resign as president of the USSR?,Step 2 depends on Step 1. Step 3 depends on Step 1.,"Step 1: When did Mikhail Gorbachev resign as president of the USSR? ANSWER: December 25, 1991. Step 2: What was the date of Gorbachev's resignation?",What was the date of Gorbachev's resignation as president of the USSR?,"['Mikhail Gorbachev resigns as president of the USSR | Mikhail Gorbachev announces that he is resigning as president of the Soviet Union. In truth, there was not much of a Soviet Union from which ...', 'Mikhail Gorbachev resigns as president of the USSR | Mikhail Gorbachev announces that he is resigning as president of the Soviet Union. In truth, there was not much of a Soviet Union from which ...', 'Mikhail Gorbachev resigns as president of the USSR | Mikhail Gorbachev announces that he is resigning as president of the Soviet Union. In truth, there was not much of a Soviet Union from which ...', 'Mikhail Gorbachev resigns as president of the USSR | Mikhail Gorbachev resigns as president of the USSR | December 25, 1991 | HISTORY.', 'Gorbachev Resigns as President | Mikhail Gorbachev, Resignation. December 25, 1991. Original Source: Broadcast on Central Television, December 25, 1991; printed in Rossiiskaia Gazeta, ...', 'Gorbachev Resigns as President | Mikhail Gorbachev, Resignation. December 25, 1991. Original Source: Broadcast on Central Television, December 25, 1991; printed in Rossiiskaia Gazeta, ...', 'Gorbachev Resigns as President | Mikhail Gorbachev, Resignation. December 25, 1991. Original Source: Broadcast on Central Television, December 25, 1991; printed in Rossiiskaia Gazeta, ...']","Mikhail Gorbachev resigns as president of the Soviet Union on December 25, 1991 [4][5][6][7].","December 25, 1991","['December 25, 1991']"
When was Muhayyelât written?,"['Giritli Ali Aziz Efendi - Wikipedia | Muhayyelât is considered to be an early precursor of the new Turkish literature to emerge in the Tanzimat period of the 19th century. It also influenced Tanzimat literature directly when the manuscript was printed in 1867 and became a very popular book of the time., Tanzimat period of the 19th century', ""Aziz Efendi's Muhayyelât: Adaptation and Literary Modernity | Preserved in manuscript form for several decades after the author's death, Muhayyelât first appeared in print in 1852. Its subsequent popularity ..."", 'Muhayyelât-ı Aziz Efendi by Ahmet Kabaklı | Written by the Ottoman ambassador Giritli Ali Aziz Efendi, ""Muhayyelât-ı Aziz Efendi"" (""Dreams of Aziz Efendi"", 1796, Prussia) is a good example of Ottoman ... Rating: 3.7, \u200e3 votes']",Step 1: What is Muhayyelât? Step 2: Who wrote Muhayyelât? Step 3: When was Muhayyelât first printed?,Step 2 depends on Step 1. Step 3 depends on Step 1.,Step 1: What is Muhayyelât? ANSWER: A collection of mystical and fantastic tales. Step 2: Who wrote Muhayyelât?,Who wrote Muhayyelât?,"['Giritli Ali Aziz Efendi - Wikipedia | Muhayyelât is considered to be an early precursor of the new Turkish literature to emerge in the Tanzimat period of the 19th century. It also influenced Tanzimat literature directly when the manuscript was printed in 1867 and became a very popular book of the time., an early precursor of the new Turkish literature to emerge in the Tanzimat period of the 19th century', ""Aziz Efendi's <i>Muhayyelât</i>: Adaptation and Literary ... | Muhayyelât (c. 1796), a collection of mystical and fantastic tales by Giritli Ali Aziz Efendi (d. 1798), is a title often mentioned in ..."", 'Muhayyelât/Author | Giritli Ali Aziz Efendi, Muhayyelât. Consisting in three parts and written in a laconical style contrasting with its content, where djinns and fairies surge from within contexts drawn from ordinary real life situations, Ali Aziz Efendi often pursues by pulling the reader towards description of magic and to extraordinary occurrences., Ali Aziz Efendi', 'Muhayyelât-ı Aziz Efendi by Ahmet Kabaklı | Written by the Ottoman ambassador Giritli Ali Aziz Efendi, ""Muhayyelât-ı Aziz Efendi"" (""Dreams of Aziz Efendi"", 1796, Prussia) is a good example of Ottoman ... Rating: 3.7, \u200e3 votes', 'Giritli Ali Aziz Efendi | Muhayyelât is considered to be an early precursor of the new Turkish ... It also influenced Tanzimat literature directly when the manuscript was printed in 1867 ...', 'Giritli Ali Aziz Efendi - Wikipedia | Muhayyelât is considered to be an early precursor of the new Turkish literature to emerge in the Tanzimat period of the 19th century. It also influenced Tanzimat literature directly when the manuscript was printed in 1867 and became a very popular book of the time., Tanzimat period of the 19th century', ""Aziz Efendi's Muhayyelât: Adaptation and Literary Modernity | Preserved in manuscript form for several decades after the author's death, Muhayyelât first appeared in print in 1852. Its subsequent popularity ...""]",Muhayyelât was written in 1796 [2][3][4].,1796,['1796']
Who replaced Liniers?,"['Santiago de Liniers, 1st Count of Buenos Aires - Wikipedia | He defended the settlement against a second British invasion and a mutiny that sought to replace him. He was replaced in 1809 by Baltasar Hidalgo de Cisneros, appointed as viceroy by the Junta of Seville, and retired from public activity., Baltasar Hidalgo de Cisneros', 'Liniers counterrevolution | On May 25, 1810, Viceroy Baltasar Hidalgo de Cisneros was deposed by the May Revolution, and replaced by the Primera Junta, requesting the other cities in ...', 'Santiago de Liniers, 1st Count of Buenos Aires | He was replaced in 1809 by Baltasar Hidalgo de Cisneros, appointed as viceroy by the Junta of Seville, and retired from public activity. But when the May ...']",Step 1: Who was Santiago de Liniers? Step 2: Who replaced Santiago de Liniers as viceroy of Buenos Aires? Step 3: When did the replacement of Santiago de Liniers occur?,Step 2 depends on Step 1. Step 3 depends on Step 2.,Step 1: Who was Santiago de Liniers? ANSWER: French officer in the Spanish military. Step 2: Who replaced Santiago de Liniers as viceroy of Buenos Aires?,Who replaced Santiago de Liniers as viceroy of Buenos Aires?,"['Santiago de Liniers, 1st Count of Buenos Aires | Santiago Antonio María de Liniers y Bremond, 1st Count of Buenos Aires, KOM, OM (July 25, 1753 – August 26, 1810) was a French officer in the Spanish ...', 'Baltasar Hidalgo de Cisneros | Baltasar Hidalgo de Cisneros, He defended the settlement against a second British invasion and a mutiny that sought to replace him. He was replaced in 1809 by Baltasar Hidalgo de Cisneros, appointed as viceroy by the Junta of Seville, and retired from public activity., Baltasar Hidalgo de Cisneros', 'Baltasar Hidalgo de Cisneros | The superior Junta of Seville later resolved to end the insurrection in the Río de la Plata, sending Cisneros to replace the viceroy Santiago de Liniers.', '1809 | 1809, He was replaced in 1809 by Baltasar Hidalgo de Cisneros, appointed as viceroy by the Junta of Seville, and retired from public activity. But when the May Revolution took place, Liniers decided to come out of his retirement and organized a monarchist uprising in Córdoba., 1809', 'Liniers counterrevolution | On May 25, 1810, Viceroy Baltasar Hidalgo de Cisneros was deposed by the May Revolution, and replaced by the Primera Junta, requesting the other cities in the ...', 'Santiago de Liniers, 1st Count of Buenos Aires - Wikipedia | He defended the settlement against a second British invasion and a mutiny that sought to replace him. He was replaced in 1809 by Baltasar Hidalgo de Cisneros, appointed as viceroy by the Junta of Seville, and retired from public activity., Baltasar Hidalgo de Cisneros', 'Liniers counterrevolution | On May 25, 1810, Viceroy Baltasar Hidalgo de Cisneros was deposed by the May Revolution, and replaced by the Primera Junta, requesting the other cities in ...']","He was replaced in 1809 by Baltasar Hidalgo de Cisneros, appointed as viceroy by the Junta of Seville [2][3][4][6].",Baltasar Hidalgo de Cisneros,['Baltasar Hidalgo de Cisneros']
What is shariah?,"['Sharia - Wikipedia | Sharia is a body of religious law that forms a part of the Islamic tradition based on scriptures of Islam, particularly the Quran and the Hadith.', 'Understanding Sharia: The Intersection of Islam and the Law | Sharia guides the personal religious practices of Muslims worldwide, but whether it should influence modern legal systems remains a subject ...', ""Sharia | Definition, Law, & Countries | Britannica | Sharia, the fundamental religious concept of Islam—namely, its law. The religious law of Islam is seen as the expression of God's command ...""]",Step 1: What is the definition of shariah? Step 2: What are the sources of shariah law? Step 3: How does shariah influence modern legal systems?,Step 2 depends on Step 1. Step 3 depends on Step 2.,Step 1: What is the definition of shariah? ANSWER: Islamic religious law. Step 2: What are the sources of shariah law?,What are the sources of shariah law?,"[""Sharia | Definition, Law, & Countries | Sharia, the fundamental religious concept of Islam—namely, its law. The religious law of Islam is seen as the expression of God's command ..."", ""Sources of Islamic Law - Islamic Labour Code | The primary sources of Shari'a are the Quran and Sunnah. The secondary sources are Ijma (Consensus), Qiyas (Analogical Reasoning), Istihsan (Equity in Islamic Law), Maslahah Mursalah (Public Interest), Urf (Custom), Sadd al-Dhara'i (Blocking the Means), and Ijtihad (Critical Thinking)., Quran and Sunnah"", 'Primary Sources of Islamic Law | There are two primary sources of Islamic law: Quran and Sunnah. Quran and Sunnah make up Shariah (pathway), the source of all principles of ...', 'Understanding Sharia: The Intersection of Islam and the Law | Sharia guides the personal religious practices of Muslims worldwide, but whether it should influence modern legal systems remains a subject ...', 'Sharia - Wikipedia | Sharia is a body of religious law that forms a part of the Islamic tradition based on scriptures of Islam, particularly the Quran and the Hadith.', 'Sharia: Definition, How It Affects Investments, and Example | Sharia is an Islamic religious law that governs religious rituals and aspects of day-to-day life, including finance and banking.', ""Sources of Sharia | The Qur'an is the first and most important source of Islamic law. Believed to be the direct word of God as revealed to Muhammad through angel Gabriel in Mecca ...""]","Shariah is the fundamental religious concept of Islam, namely its law, seen as the expression of God's command [1][5].",Islamic law,['Islamic law']
Who directed Spectre?,"['Spectre/Director | Sam Mendes, Directed by Sam Mendes and written by John Logan, Neal Purvis, Robert Wade, and Jez Butterworth, it stars Daniel Craig as Bond, alongside Christoph Waltz, Léa Seydoux, Ben Whishaw, Naomie Harris, Dave Bautista, Monica Bellucci, and Ralph Fiennes. It was distributed by Sony Pictures Releasing., Sam Mendes', ""Spectre (2015) | Spectre: Directed by Sam Mendes. With Daniel Craig, Christoph Waltz, Léa Seydoux, Ralph Fiennes. A cryptic message from James Bond's past sends him on a ... Rating: 6.8/10, \u200e460,228 votes"", 'Sam Mendes: the next James Bond film should be directed ... | Sam Mendes, the director of Skyfall and Spectre, has said he thinks it would be “wonderful” for the next James Bond film to be directed by a ...']",Step 1: What is Spectre? Step 2: Who directed the movie Spectre? Step 3: What other movies has the director of Spectre worked on?,Step 2 depends on Step 1. Step 3 depends on Step 2.,Step 1: What is Spectre? ANSWER: A fictional organization. Step 2: Who directed the movie Spectre?,Who directed the movie Spectre?,"['Spectre | SPECTRE is a fictional organisation featured in the James Bond novels by Ian Fleming, as well as the films and video games based on those novels.', 'Spectre/Director | Sam Mendes, Cast. Daniel Craig as James Bond, agent 007. The director Sam Mendes has described Bond as being extremely focused in Spectre, likening his new-found dedication to hunting., Sam Mendes', ""Spectre (2015) | Spectre: Directed by Sam Mendes. With Daniel Craig, Christoph Waltz, Léa Seydoux, Ralph Fiennes. A cryptic message from James Bond's past sends him on a ... Rating: 6.8/10, \u200e460,228 votes"", 'Sam Mendes - Wikipedia | In film, he made his directorial debut with the drama American Beauty (1999), which earned him the Academy Award and Golden Globe Award for Best Director. He has since directed the films Road to Perdition (2002), Jarhead (2005), Revolutionary Road (2008), and the James Bond films Skyfall (2012) and Spectre (2015)., Skyfall (2012) and Spectre (2015)', 'Spectre (2015 film) | Directed by Sam Mendes and written by John Logan, Neal Purvis, Robert Wade, and Jez Butterworth, it stars Daniel Craig as Bond, alongside Christoph Waltz, Léa ...', 'Spectre/Director | Sam Mendes, Directed by Sam Mendes and written by John Logan, Neal Purvis, Robert Wade, and Jez Butterworth, it stars Daniel Craig as Bond, alongside Christoph Waltz, Léa Seydoux, Ben Whishaw, Naomie Harris, Dave Bautista, Monica Bellucci, and Ralph Fiennes. It was distributed by Sony Pictures Releasing., Sam Mendes', ""Spectre (2015) | Spectre: Directed by Sam Mendes. With Daniel Craig, Christoph Waltz, Léa Seydoux, Ralph Fiennes. A cryptic message from James Bond's past sends him on a ... Rating: 6.8/10, \u200e460,228 votes""]",Sam Mendes directed Spectre [2][3][5][6][7].,Sam Mendes,['Sam Mendes']
 What is Standard A17.1?,"['Safety Code for Elevators and Escalators - ASME | The ASME A17. 1 / CSA B44 Safety Code for Elevators and Escalators has become the accepted guide throughout North America for the design, construction, installation, operation, inspection, testing, maintenance, alteration, and repair of elevators, escalators and related conveyances., Safety Code for Elevators and Escalators', 'ASME A17.1-2022: Safety Code for Elevators and Escalators | ASME A17.1-2022, as a code, is intended to provide safety of life and limb and promote public welfare. It covers not only elevators, escalators, ...', 'ASME A17 1 Elevator and Escalator Safety | ASME 17.1 is the ""Safety Code for Elevators and Escalators."" This includes the safety code requirements for elevators, escalators, dumbwaiters, moving walks ...']",Step 1: What is ASME A17.1? Step 2: What does ASME A17.1 cover? Step 3: What are the safety code requirements of ASME A17.1?,Step 2 depends on Step 1. Step 3 depends on Step 2.,Step 1: What is ASME A17.1? ANSWER: Safety code for elevators and escalators. Step 2: What does ASME A17.1 cover?,What does ASME A17.1 cover?,"['ASME A17 1 Elevator and Escalator Safety - DuraLabel | ASME 17.1 is the ""Safety Code for Elevators and Escalators."" This includes the safety code requirements for elevators, escalators, dumbwaiters, moving walks, material lifts, and dumbwaiters with automatic transfer devices., Safety Code for Elevators and Escalators', 'ASME A17.1-2022: Safety Code for Elevators and Escalators | ASME A17.1-2022, as a code, is intended to provide safety of life and limb and promote public welfare. It covers not only elevators, escalators, ...', 'ASME A17 1 Elevator and Escalator Safety - DuraLabel | ASME 17.1 is the ""Safety Code for Elevators and Escalators."" This includes the safety code requirements for elevators, escalators, dumbwaiters, moving walks, material lifts, and dumbwaiters with automatic transfer devices., safety code requirements for elevators, escalators, dumbwaiters, moving walks, material lifts, and dumbwaiters with automatic transfer devices', 'ASME A17.1-2022: Safety Code for Elevators and Escalators | ASME A17.1-2022, as a code, is intended to provide safety of life and limb and promote public welfare. It covers not only elevators, escalators, ...', 'ASME A17 1 Elevator and Escalator Safety - DuraLabel | The ASME 17.1 elevator and escalator safety code covers the design, construction, operation, inspection, testing, maintenance, alteration, and repair of hoisting and lowering mechanisms, equipped with a car or platform, when that hoisting mechanism is located in or adjacent to a structure.', 'ASME A17.1-2022: Safety Code for Elevators and Escalators | 1-2022, as a code, is intended to provide safety of life and limb and promote public welfare. It covers not only elevators, escalators, moving ...', 'Safety Code for Elevators and Escalators - ASME | The ASME A17. 1 / CSA B44 Safety Code for Elevators and Escalators has become the accepted guide throughout North America for the design, construction, installation, operation, inspection, testing, maintenance, alteration, and repair of elevators, escalators and related conveyances., Safety Code for Elevators and Escalators']","ASME A17.1 is the ""Safety Code for Elevators and Escalators"" [1][2][3][4][5][7].",Safety Code for Elevators and Escalators,['Safety Code for Elevators and Escalators']
Who created Safari?,"[""Apple | Apple, Safari is a Web browser developed by Apple and bundled with macOS, iPadOS, and iOS. It's based on the open-source WebKit engine., Apple"", ""Safari (web browser) | Safari is a web browser developed by Apple. It is built into Apple's operating systems, including macOS, iOS, iPadOS and their upcoming VisionOS, ..."", ""Apple's Safari Web Browser is 20 Years Old | At the time, Steve Jobs called Safari, “a turbo browser for Mac OS X.” Apple created Safari for speed, calling it the fastest browser for the ...""]",Step 1: What is Safari? Step 2: Who developed the Safari web browser? Step 3: When was Safari created?,Step 2 depends on Step 1. Step 3 depends on Step 2.,Step 1: What is Safari? ANSWER: Web browser. Step 2: Who developed the Safari web browser?,Who developed the Safari web browser?,"['Safari - Apple | Blazing fast. Incredibly private. Safari is the best way to experience the internet on all your Apple devices. It brings robust customization options, powerful ...', ""Apple | Apple, Safari is a Web browser developed by Apple and bundled with macOS, iPadOS, and iOS. It's based on the open-source WebKit engine., Apple"", ""Safari (web browser) | Safari is a web browser developed by Apple. It is built into Apple's operating systems, including macOS, iOS, iPadOS and their upcoming VisionOS, ..."", 'Safari/Initial release date | January 7, 2003, Apple introduced the Safari web browser 20 years ago, on January 7, 2003. At the time, Steve Jobs called Safari, “a turbo browser for Mac OS X.” Apple created Safari for speed, calling it the fastest browser for the Mac., January 7, 2003', 'Safari (web browser) | Safari was introduced in Mac OS X Panther in January 2003. It has been included with the iPhone since its first generation, which came out in 2007. At that time ...', ""Apple | Apple, Safari is a Web browser developed by Apple and bundled with macOS, iPadOS, and iOS. It's based on the open-source WebKit engine., Apple"", ""Safari (web browser) | Safari is a web browser developed by Apple. It is built into Apple's operating systems, including macOS, iOS, iPadOS and their upcoming VisionOS, ...""]",Safari is a web browser developed by Apple [2][3][6][7].,Apple,['Apple']
Who wrote Kitab al-Tasrif?,"['Al-Tasrif/Author | Abu Al-Qasim Ahmad, The Kitab al-Tasrif (The Method of Medicine) was an influential Arabic medical treatise on medicine and surgery, written near the year 1000 CE by Abu al-Qasim al-Zahrawi (Abulcasis), the ""father of modern surgery""., Abu al-Qasim al-Zahrawi', 'Al-Tasrif | ""Abu al-Qasim, also known as Abulcasis, wrote an encyclopedia of medicine and surgery (al-Tasrif) that is now kept at Oxford University. His unique contribution ...', 'Kitab al-Tasrif | Fleischer, Aylmer von. Moorish Europe. Aylmer von Fleischer.""His work, Al-Tasrif, later translated into Latin by Gerard of Cremona, became the standard medical ...']",Step 1: What is Kitab al-Tasrif? Step 2: Who is Abu al-Qasim al-Zahrawi? Step 3: What is the significance of Kitab al-Tasrif in the history of medicine?,Step 2 depends on Step 1. Step 3 depends on Step 1. Step 3 depends on Step 2.,Step 1: What is Kitab al-Tasrif? ANSWER: An influential Arabic medical treatise on medicine and surgery.. Step 2: Who is Abu al-Qasim al-Zahrawi?,Who is Abu al-Qasim al-Zahrawi?,"['Al-Tasrif | It describes over 200 different surgical instruments. Surgeons continued to rely on the Kitab al-Tasrif well into the 1700s. al-Tasrif ...', 'Abu Al Qasim Al Zahrawi (Albucasis): Pioneer of Modern ... | He served as the court physician to Caliph Al-Hakam-II, at a period considered as the “Golden Age” of Arab Spain when natural and mathematical sciences reached ...', ""History of Medicine: Islam's Golden Surgeon | Columbia Surgery | The Kitab al-Tasrif was a remarkable medical textbook replete with illustrations of surgical procedures and tools of the surgical trade, including many Albucasis had invented himself., a remarkable medical textbook replete with illustrations of surgical procedures and tools of the surgical trade, including many Albucasis had invented himself"", ""Al-Tasrif | 'The Arrangement of Medical Knowledge for One Who is Not Able to Compile a Book for Himself'), known in English as The Method of Medicine, is a 30-volume Arabic ..."", 'Al-Tasrif/Author | Abu Al-Qasim Ahmad, The Kitab al-Tasrif (The Method of Medicine) was an influential Arabic medical treatise on medicine and surgery, written near the year 1000 CE by Abu al-Qasim al-Zahrawi (Abulcasis), the ""father of modern surgery""., Abu al-Qasim al-Zahrawi', 'Al-Tasrif | ""Abu al-Qasim, also known as Abulcasis, wrote an encyclopedia of medicine and surgery (al-Tasrif) that is now kept at Oxford University. His unique contribution ...', 'Kitab al-Tasrif | The Kitab al-Tasrif took al-Zahrawi over 50 years to complete. It contains information about a wide variety of illnesses, injuries, medical conditions, ...']",The Kitab al-Tasrif was written by Abu al-Qasim al-Zahrawi [5][6][7].,Abu al-Qasim al-Zahrawi,['Abu al-Qasim al-Zahrawi']
What is the UNSCOP?,"['United Nations Special Committee on Palestine | The United Nations Special Committee on Palestine (UNSCOP) was created on 15 May 1947 in response to a United Kingdom government request that the General ...', 'United Nations Special Committee on Palestine (UNSCOP) ... | Sources: Arab Higher Committee, General Assembly, Jewish Agency, United Nations Special Committee on Palestine (UNSCOP). Entity: United Nations system.', 'United Nations Special Committee on Palestine (UNSCOP) | It proposed that certain stipulations relating to the Holy Places and religious and minority rights should be inserted in the constitution (s) of the State (s) ...']",Step 1: What does UNSCOP stand for? Step 2: When was the United Nations Special Committee on Palestine created? Step 3: What were the proposals made by UNSCOP?,Step 2 depends on Step 1. Step 3 depends on Step 2.,Step 1: What does UNSCOP stand for? ANSWER: United Nations Special Committee on Palestine. Step 2: When was the United Nations Special Committee on Palestine created?,When was the United Nations Special Committee on Palestine created?,"['United Nations Special Committee on Palestine (UNSCOP ... | United Nations Special Committee on Palestine (UNSCOP), United Nations Special Committee on Palestine', 'United Nations Special Committee on Palestine | The United Nations Special Committee on Palestine (UNSCOP) was created on 15 May 1947 in response to a United Kingdom government request that the General ...', '15 May 1947 | 15 May 1947, On 15 May 1947, the General Assembly established UNSCOP., 15 May 1947', 'United Nations Special Committee on Palestine (UNSCOP) ... | Sources: Arab Higher Committee, General Assembly, Jewish Agency, United Nations Special Committee on Palestine (UNSCOP) ; 31-Aug-1947 ...', 'United Nations Special Committee on Palestine | UNSCOP was made up of representatives of 11 countries. UNSCOP visited Palestine and gathered testimony from Zionist organisations in Palestine and in the US.', 'United Nations Special Committee on Palestine | The United Nations Special Committee on Palestine (UNSCOP) was created on 15 May 1947 in response to a United Kingdom government request that the General ...', 'United Nations Special Committee on Palestine (UNSCOP) | United Nations: Special Committee on Palestine (UNSCOP). (September 3, 1947) ...']",The United Nations Special Committee on Palestine (UNSCOP) was created on 15 May 1947 in response to a United Kingdom government request [2][3][6].,United Nations Special Committee on Palestine,['United Nations Special Committee on Palestine']
Which continent contains Tibet?,"['East Asia | East Asia, Geography. All of modern China, including Tibet, is considered a part of East Asia. Historically, some European sources also considered parts of Tibet to lie in Central Asia., East Asia', ""Tibet's continent Crossword Clue Answers | the largest continent with 60% of the earth's population; it is joined to Europe on the west to form Eurasia; it is the site of some of the ..."", 'What continent is Tibet in? | Tibet is located on the continent of Asia. It is in the west of China and northeast of India. However, on many maps, a casual observer will not see Tibet as ...']",Step 1: What is the geographical location of Tibet? Step 2: In which continent is Tibet located?,Step 2 depends on Step 1.,"Step 1: What is the geographical location of Tibet? ANSWER: Between Central, East, and South Asia. Step 2: In which continent is Tibet located?",In which continent is Tibet located?,"['Geography of Tibet | The geography of Tibet consists of the high mountains, lakes and rivers lying between Central, East and South Asia.', 'Tibet | Historically, some European sources also considered parts of Tibet to lie in Central Asia. Tibet is west of the Central China plain. In China, Tibet is regarded ...', 'East Asia | East Asia, Geography. All of modern China, including Tibet, is considered a part of East Asia. Historically, some European sources also considered parts of Tibet to lie in Central Asia., East Asia', ""Tibet's continent Crossword Clue Answers | the largest continent with 60% of the earth's population; it is joined to Europe on the west to form Eurasia; it is the site of some of the ..."", ""Tibet | History, Map, Capital, Population, Language, & Facts | Tibet, historic region and autonomous region of China that is often called 'the roof of the world.' It occupies a vast area of plateaus and ..."", 'Tibet | History, Map, Capital, Population, Language, & Facts | Tibet, historic region and autonomous region of China that is often called “the roof of the world.” It occupies a vast area of plateaus and ...', 'What continent is Tibet in? | Tibet is located on the continent of Asia. It is in the west of China and northeast of India. However, on many maps, a casual observer will not see Tibet as ...']",Tibet is located on the continent of Asia [1][3][7].,Asia,['Asia']
Which company made Spectre?,"['Eon Productions | Eon Productions, Spectre is a 2015 spy film and the twenty-fourth in the James Bond series produced by Eon Productions., Eon Productions', ""Spectre (2015) - Company credits | Production Companies · B24 · Columbia Pictures · Danjaq. (copyright holder) · Eon Productions. (Albert R. Broccoli's Eon Productions, presents) · Metro-Goldwyn-Mayer ..."", 'Spectre | SPECTRE is a fictional organisation featured in the James Bond novels by Ian Fleming, as well as the films and video games based on those novels.']",Step 1: What is the production company of the movie Spectre? Step 2: Who is the copyright holder of the movie Spectre? Step 3: What other movies has the production company of Spectre worked on?,Step 2 depends on Step 1. Step 3 depends on Step 1.,Step 1: What is the production company of the movie Spectre? ANSWER: Eon Productions. Step 2: Who is the copyright holder of the movie Spectre?,Who is the copyright holder of the movie Spectre?,"['Spectre (2015 film) | Spectre is a 2015 spy film and the twenty-fourth in the James Bond series produced by Eon Productions. Directed by Sam Mendes and written by John Logan, ...', ""SPECTRE - Wikipedia | McClory's Bond rights, including his rights in SPECTRE, were unaffected. On 15 November 2013, MGM and the McClory estate announced that they had formally settled the issue with Danjaq, LLC and MGM had acquired the full copyright to the characters and concepts of Blofeld and SPECTRE., Danjaq, LLC"", 'Spectre (2015 film) | Spectre (2015 film) · John Logan · Neal Purvis · Robert Wade.', 'SpectreVision | SpectreVision (formerly The Woodshed) is an American film production company founded in 2010 by actor Elijah Wood and directors Daniel Noah and Josh C.', 'Eon Productions | Eon Productions, Spectre is a 2015 spy film and the twenty-fourth in the James Bond series produced by Eon Productions., Eon Productions', ""Spectre (2015) - Company credits | Production Companies · B24 · Columbia Pictures · Danjaq. (copyright holder) · Eon Productions. (Albert R. Broccoli's Eon Productions, presents) · Metro-Goldwyn-Mayer ..."", ""Spectre (2015) - Company credits | Production Companies · B24 · Columbia Pictures · Danjaq. (copyright holder) · Eon Productions. (Albert R. Broccoli's Eon Productions, presents) · Metro-Goldwyn-Mayer ...""]",Eon Productions made Spectre [1][5][6][7].,Eon Productions,['Eon Productions']
What organ secretes chymotrypsin?,"['Pancreas Functions, Location & Disease | Columbia Surgery | The pancreas contains exocrine glands that produce enzymes important to digestion. These enzymes include trypsin and chymotrypsin to digest proteins; amylase for the digestion of carbohydrates; and lipase to break down fats., The pancreas', 'Chymotrypsinogen - an overview | ScienceDirect Topics | The exocrine pancreas synthesizes and secretes digestive enzymes to aid in the breakdown of ingested proteins, carbohydrates, and lipids. These enzymes include ...', 'Pancreas—Its Functions, Disorders, and Physiological Impact ... | Trypsin and chymotrypsin are secreted in the form of proenzymes: trypsinogen, chymotrypsinogen. The pancreatic lipolytic enzymes are lipase ...']",Step 1: What is the function of the pancreas? Step 2: What enzymes are produced by the pancreas? Step 3: Which enzyme is responsible for the breakdown of proteins in the digestive system?,Step 2 depends on Step 1. Step 3 depends on Step 2.,Step 1: What is the function of the pancreas? ANSWER: Digestion and blood sugar regulation. Step 2: What enzymes are produced by the pancreas?,What enzymes are produced by the pancreas?,"['Pancreas - Better Health Channel | The pancreas has dual roles - it is an organ of the digestive system and of the endocrine system. The exocrine pancreas produces enzymes that help to digest food, particularly protein. The endocrine pancreas makes the hormone insulin, which helps to control blood sugar levels., The exocrine pancreas produces enzymes that help to digest food, particularly protein., The endocrine pancreas makes the hormone insulin, which helps to control blood sugar levels', 'Pancreas Functions, Location & Disease | The pancreas has two main functions: an exocrine function that helps in digestion and an endocrine function that regulates blood sugar.', 'The Digestive Process: What Is the Role of Your Pancreas in ... | Pancreatic enzymes, Pancreatic enzymes', 'Pancreas—Its Functions, Disorders, and Physiological ... | The pancreatic lipolytic enzymes are lipase, phospholipase, and esterase, which digest fats. The glycolytic (carbohydrate digesting) enzymes are ...', 'Pepsin | Pepsin, Pepsin is a stomach enzyme that serves to digest proteins found in ingested food., Pepsin', 'Which enzyme is responsible for digesting proteins in the ... | Enzyme pepsin initiates the digestion of proteins in the stomach. The pro-enzyme proactive form called pepsinogen gets converted to pepsin in the presence of ...', 'Pancreas Functions, Location & Disease | Columbia Surgery | The pancreas contains exocrine glands that produce enzymes important to digestion. These enzymes include trypsin and chymotrypsin to digest proteins; amylase for the digestion of carbohydrates; and lipase to break down fats., The pancreas']",The pancreas contains exocrine glands that produce chymotrypsin to digest proteins [7].,Pancreas,['the pancreas']
What ocean borders Namibia?,"['the Atlantic Ocean | the Atlantic Ocean, It is bordered by Angola to the north, Zambia to the northeast, Botswana to the east, South Africa to the southeast and south, and the Atlantic Ocean to the west. It ranges from arid in the north to desert on the coast and in the east., Atlantic Ocean', 'Namibia | Namibia officially the Republic of Namibia, is a country in Southern Africa. Its western border is the Atlantic Ocean. It shares land borders with Zambia ...', 'Geography of Namibia | Namibia has rich coastal and marine resources that remain largely ... Southern Africa, bordering the South Atlantic Ocean, between Angola and South Africa.']",Step 1: What are the borders of Namibia? Step 2: What is the geography of Namibia? Step 3: What ocean is located to the west of Namibia?,Step 2 depends on Step 1. Step 3 depends on Step 2.,"Step 1: What are the borders of Namibia? ANSWER: Angola, Zambia, Botswana, South Africa. Step 2: What is the geography of Namibia?",What is the geography of Namibia?,"['Namibia | Its western border is the Atlantic Ocean. It shares land borders with Zambia and Angola to the north, Botswana to the east and South Africa to the south and ...', 'Geography of Namibia - Wikipedia | Geographical areas. The Namibian landscape consists generally of five geographical areas, each with characteristic abiotic conditions and vegetation with some variation within and overlap between them: the Central Plateau, the Namib Desert, the Great Escarpment, the Bushveld, and the Kalahari Desert.', 'Namibia | History, Map, Flag, Population, Capital, & Facts | Namibia is divided from west to east into three main topographic zones: the coastal Namib desert, the Central Plateau, and the Kalahari. The ...', 'the Atlantic Ocean | the Atlantic Ocean, Namibia, country located on the southwestern coast of Africa. It is bordered by Angola to the north, Zambia to the northeast, Botswana to the east, South Africa to the southeast and south, and the Atlantic Ocean to the west., Atlantic Ocean', 'Geography of Namibia | Areas within the Namib include the Skeleton Coast and the Kaokoveld in the north and the extensive Namib Sand Sea along the central coast. The sands that make ...', 'the Atlantic Ocean | the Atlantic Ocean, It is bordered by Angola to the north, Zambia to the northeast, Botswana to the east, South Africa to the southeast and south, and the Atlantic Ocean to the west. It ranges from arid in the north to desert on the coast and in the east., Atlantic Ocean', 'Namibia | Namibia officially the Republic of Namibia, is a country in Southern Africa. Its western border is the Atlantic Ocean. It shares land borders with Zambia ...']",Namibia is bordered by the Atlantic Ocean [1][4][6][7].,Atlantic Ocean,['Atlantic Ocean']
When was MASHAV established?,"[""Mashav/Founded | 1958, Mashav was set up in the wake of the Bandung Conference of 1955, from which Israel had been excluded at the demand of Arab countries who threatened a boycott of the conference if Israel was invited. It was established on Golda Meir's initiative, in 1958, after her visit to Africa., in the wake of the Bandung Conference of 1955"", ""MASHAV History, Mission & Overview | MASHAV, Israel's official international development cooperation program, was launched in late 1957 with the aim of sharing with the rest of the developing world ..."", 'About Mashav - Israeli Missions Around The World | MASHAV was established in 158 following the vision of then Foreign Minister Golda Meir and Prime Minister David Ben Gurion to assist fellow nations overcome ...']",Step 1: What is MASHAV? Step 2: Who initiated the establishment of MASHAV? Step 3: When was MASHAV established?,Step 2 depends on Step 1. Step 3 depends on Step 2.,Step 1: What is MASHAV? ANSWER: The Israeli agency for International Development Cooperation. Step 2: Who initiated the establishment of MASHAV?,Who initiated the establishment of MASHAV?,"['Mashav | Mashav is the Hebrew acronym for the Agency for International Development Cooperation in the Ministry of Foreign Affairs of Israel. Mashav is responsible ...', ""our mission - MASHAV - Ministry of Foreign Affairs | MASHAV was established in 1958 following the vision of then Foreign Minister Golda Meir and Prime Minister David Ben Gurion to assist fellow nations overcome development challenges by sharing knowhow and technologies which provided the basis of Israel's own development., Foreign Minister Golda Meir and Prime Minister David Ben Gurion"", ""MASHAV History, Mission & Overview | Golda Meir's personal commitment to international cooperation led to the creation of MASHAV, a special Division for International Cooperation within Israel's ..."", ""Mashav/Founded | 1958, Mashav was set up in the wake of the Bandung Conference of 1955, from which Israel had been excluded at the demand of Arab countries who threatened a boycott of the conference if Israel was invited. It was established on Golda Meir's initiative, in 1958, after her visit to Africa., in the wake of the Bandung Conference of 1955"", ""MASHAV History, Mission & Overview | MASHAV, Israel's official international development cooperation program, was launched in late 1957 with the aim of sharing with the rest of the developing world ..."", ""Mashav/Founded | 1958, Mashav was set up in the wake of the Bandung Conference of 1955, from which Israel had been excluded at the demand of Arab countries who threatened a boycott of the conference if Israel was invited. It was established on Golda Meir's initiative, in 1958, after her visit to Africa., in the wake of the Bandung Conference of 1955"", ""MASHAV History, Mission & Overview | MASHAV, Israel's official international development cooperation program, was launched in late 1957 with the aim of sharing with the rest of the developing world ...""]",MASHAV was established in 1958 [4][5][6][7].,1958,['1958']
Who succeeded Sam Nujoma?,"[""Hifikepunye Pohamba | Hifikepunye Pohamba, During the liberation struggle Nujoma was also the commander-in-chief of the People's Liberation Army of Namibia (PLAN) and the chairman of the Swapo Military Council, which was the biggest decision making body of PLAN. After serving 47 years as leader of SWAPO, he was succeeded by Hifikepunye Pohamba in 2007., Hifikepunye Pohamba"", 'Hifikepunye Pohamba | Sam Nujoma. Succeeded by, Hage Geingob. President of SWAPO. In office 29 November 2007 – 19 April 2015. Preceded by, Sam Nujoma. Succeeded by, Hage Geingob.', 'Namibia to Elect Successor to Founding President Nujoma | Sam Nujoma supports Lands Minister Hifikepunye Pohamba to replace him.']",Step 1: Who is Sam Nujoma? Step 2: Who succeeded Sam Nujoma as president of SWAPO? Step 3: Who was the successor of Sam Nujoma as the president of Namibia?,Step 2 depends on Step 1. Step 3 depends on Step 2.,Step 1: Who is Sam Nujoma? ANSWER: Namibian revolutionary and politician. Step 2: Who succeeded Sam Nujoma as president of SWAPO?,Who succeeded Sam Nujoma as president of SWAPO?,"['Sam Nujoma | is a Namibian revolutionary, anti-apartheid activist and politician who served three terms as the first President of Namibia, from 1990 to 2005.', 'Hifikepunye Pohamba | Hifikepunye Pohamba, Hifikepunye Lucas Pohamba (born 18 August 1935) is a Namibian politician who served as the second president of Namibia from 21 March 2005 to 21 March 2015. He won the 2004 presidential election overwhelmingly as the candidate of SWAPO, and was reelected in 2009.', 'Sam Nujoma | After serving 47 years as leader of SWAPO, he was succeeded by Hifikepunye Pohamba in 2007. ... As head of SWAPO, Nujoma was unanimously declared president upon ...', ""Hifikepunye Pohamba | Hifikepunye Pohamba, During the liberation struggle Nujoma was also the commander-in-chief of the People's Liberation Army of Namibia (PLAN) and the chairman of the Swapo Military Council, which was the biggest decision making body of PLAN. After serving 47 years as leader of SWAPO, he was succeeded by Hifikepunye Pohamba in 2007., Hifikepunye Pohamba"", 'Hifikepunye Pohamba | Sam Nujoma. Succeeded by, Hage Geingob. President of SWAPO. In office 29 November 2007 – 19 April 2015. Preceded by, Sam Nujoma. Succeeded by, Hage Geingob.', 'Sam Nujoma | 1st President of Independent Namibia | Sam Nujoma, (born May 12, 1929, Owambo, South West Africa [now Namibia]), first president of independent Namibia (1990–2005).', 'Sam Nujoma | 1st President of Independent Namibia | Sam Nujoma, first president ... elected successor, Hifikepunye Pohamba (SWAPO). Nujoma stepped down from his position as president of SWAPO in ...']",Hifikepunye Pohamba succeeded Sam Nujoma [3][4][5][7].,Hifikepunye Pohamba,['Hifikepunye Pohamba']
When was Morrisania created?,"['MORRISANIA THE BRONX - NYC.gov | In 1855 the town of Morrisania was established as one of the new population centers that sprang up along the rail lines. The majority of the population growth in the Bronx throughout the 20th century was comprised of immigrant populations; primarily Irish, Italian, and Eastern European Jews in the first few decades., 1855', 'Morrisania, Bronx | In 1790, Lewis Morris, owner of the estate and signer of the Declaration of Independence, proposed the land as the site of the federal capital. The area was ...', 'Morrisania: The South Bronx and the old days of American ... | Morrisania for most of the 18th century resembled a miniature British kingdom, with a spread of small farms, dairies and cattle pens operated by ...']",Step 1: What is the history of Morrisania? Step 2: When was Morrisania established? Step 3: What was the population of Morrisania throughout the 20th century?,Step 2 depends on Step 1. Step 3 depends on Step 2.,"Step 1: What is the history of Morrisania? ANSWER: Partitioned and leased to farmers, some of whom used slave labor. Step 2: When was Morrisania established?",When was Morrisania established?,"['MORRISANIA THE BRONX - NYC.gov | The Morris property, present-day Morrisania, was partitioned and leased to farmers, many of whom used slave labor prior to the abolition of slavery in New York State in 1827. Morrisania remained sparsely populated until the early 1800s when the Morris family allowed the railroad to extend across their property., The Morris property, present-day Morrisania, was partitioned and leased to farmers, many of whom used slave labor prior to the abolition of slavery in New York State in 1827', 'Morrisania, Bronx | Morrisania is a residential neighborhood in the southwestern Bronx, New York City, New York. Its boundaries are the Cross-Bronx Expressway to the north, ...', '1855 | 1855, In 1855 the town of Morrisania was established as one of the new population centers that sprang up along the rail lines. The majority of the population growth in the Bronx throughout the 20th century was comprised of immigrant populations; primarily Irish, Italian, and Eastern European Jews in the first few decades., 1855', 'Morrisania, Bronx | From 1644 to the early 20th century, the land of the neighborhood was the estate of the Morris family in Westchester County. In 1790, Lewis Morris, owner of the ...', 'Morrisania, Bronx | Based on data from the 2010 United States Census, the population of Morrisania was 37,865, a change of 8,068 (21.3%) from the 29,797 counted in 2000. Covering ...', 'MORRISANIA THE BRONX - NYC.gov | In 1855 the town of Morrisania was established as one of the new population centers that sprang up along the rail lines. The majority of the population growth in the Bronx throughout the 20th century was comprised of immigrant populations; primarily Irish, Italian, and Eastern European Jews in the first few decades., 1855', 'Morrisania, Bronx | In 1790, Lewis Morris, owner of the estate and signer of the Declaration of Independence, proposed the land as the site of the federal capital. The area was ...']",Morrisania was established in 1855 [3][6].,1855,['1855']
What does Oklahoma mean?,"[""No, “Oklahoma” doesn't mean “red people” | by Kahlalin | “Oklahoma” is indeed derived from two Choctaw words, “okla” and “humma.” The latter is spelled various ways, sometimes with an o or u as the ..."", ""TUESDAY TRIVIA: What Does 'Oklahoma' Mean? | Oklahoma is a Choctaw Indian word that means “red people.” It is derived from the words for people (okla) and red (humma). Thirty-nine American ..."", 'Oklahoma | The state\'s name is derived from the Choctaw words okla, \'people\' and humma, which translates as \'red\'. Oklahoma is also known informally by its nickname, ""The ...']","Step 1: What is the origin of the word ""Oklahoma""? Step 2: What is the meaning of the Choctaw words ""okla"" and ""humma""? Step 3: How did the state of Oklahoma get its name?",Step 2 depends on Step 1. Step 3 depends on Step 2.,"Step 1: What is the origin of the word ""Oklahoma""? ANSWER: Choctaw language phrase meaning ""red people"". Step 2: What is the meaning of the Choctaw words ""okla"" and ""humma""?","What is the meaning of the Choctaw words ""okla"" and ""humma""?","[""Oklahoma - Wikipedia | The name Oklahoma comes from the Choctaw language phrase okla, 'people', and humma, translated as 'red'. Choctaw Nation Chief Allen Wright suggested the name in 1866 during treaty negotiations with the federal government on the use of Indian Territory., comes from the Choctaw language phrase okla, 'people', and humma, translated as 'red'"", 'Origin of Names of US States | OKLAHOMA: Choctaw Indian word meaning “red people."" OREGON: One theory is that the name is derived from ""origanum,"" a species of wild sage which grows ...', 'Territory of the Red People | Territory of the Red People, In the Choc- taw language “okla” means “people” and “humma” means “red.” Thus, the area would be named Oklahoma Territory, or literally “Territory of the Red People.” Today “The State of Oklahoma” literally means “The state belonging to Red People.”, “okla” means “people” and “humma” means “red.”', ""No, “Oklahoma” doesn't mean “red people” | by Kahlalin | “Oklahoma” is indeed derived from two Choctaw words, “okla” and “humma. ... “Okla” primarily means a group of people who share a culture and ..."", ""Oklahoma - Wikipedia | Etymology. The name Oklahoma comes from the Choctaw language phrase okla, 'people', and humma, translated as 'red'. Choctaw Nation Chief Allen Wright suggested the name in 1866 during treaty negotiations with the federal government on the use of Indian Territory., The name Oklahoma comes from the Choctaw language phrase okla, 'people', and humma, translated as 'red'"", 'Oklahoma - Tulsa Race Massacre, Dust Bowl & ... | Oklahoma is a Choctaw Indian word that means “red people.” It is derived from the words for people (okla) and red (humma). Sources. Oklahoma ...', ""No, “Oklahoma” doesn't mean “red people” | by Kahlalin | “Oklahoma” is indeed derived from two Choctaw words, “okla” and “humma.” The latter is spelled various ways, sometimes with an o or u as the ...""]","The name Oklahoma comes from the Choctaw language phrase okla, 'people', and humma, translated as 'red' [1][5][6].",'Red People',['red people']
When was Jaws released?,"['Jaws/Release date | June 20, 1975, Jaws, American suspense and horror film, released in 1975, that was directed by Steven Spielberg and is considered the first summer blockbuster. Based on the 1974 novel of the same name by author Peter Benchley, it tells the story of a great white shark that terrorizes a beach resort town., released in 1975', 'Jaws (film) | Jaws is a 1975 American thriller film directed by Steven Spielberg, based on the 1974 novel by Peter Benchley. It stars Roy Scheider as police chief Martin ...', 'Jaws (1975) - About the Movie | Release Date: June 20, 1975 ... Featuring an unforgettable Oscar-winning score by John Williams that evokes pure terror, Jaws remains one of the most influential ...']",Step 1: What is the movie Jaws about? Step 2: Who directed the movie Jaws? Step 3: When was the movie Jaws released?,Step 2 depends on Step 1. Step 3 depends on Step 1.,Step 1: What is the movie Jaws about? ANSWER: Killer shark causing chaos. Step 2: Who directed the movie Jaws?,Who directed the movie Jaws?,"['Jaws (film) | Jaws is a 1975 American thriller film directed by Steven Spielberg, based on the 1974 novel by Peter Benchley. It stars Roy Scheider as police chief Martin ...', 'Jaws (film) | Jaws is a 1975 American thriller film directed by Steven Spielberg, based on the 1974 novel by Peter Benchley. It stars Roy Scheider as police chief Martin ...', 'Jaws (film) | Jaws is a 1975 American thriller film directed by Steven Spielberg, based on the 1974 novel by Peter Benchley. It stars Roy Scheider as police chief Martin ...', 'Jaws/Release date | June 20, 1975, Jaws, American suspense and horror film, released in 1975, that was directed by Steven Spielberg and is considered the first summer blockbuster. Based on the 1974 novel of the same name by author Peter Benchley, it tells the story of a great white shark that terrorizes a beach resort town., released in 1975', 'Jaws (film) | Jaws is a 1975 American thriller film directed by Steven Spielberg, based on the 1974 novel by Peter Benchley. It stars Roy Scheider as police chief Martin ...', ""Jaws (1975) - Plot | When a killer shark unleashes chaos on a beach community off Cape Cod, it's up to a local sheriff, a marine biologist, and an old seafarer to hunt the beast ..."", 'Jaws (1975) | Jaws: Directed by Steven Spielberg. With Roy Scheider, Robert Shaw, Richard Dreyfuss, Lorraine Gary. When a killer shark unleashes chaos on a beach ... Rating: 8.1/10, \u200e647,960 votes']",Jaws was released in 1975 [4].,1975,['1975']
Who kidnapped Eileithyia?,"['Hera - Wikipedia | The island later became sacred to Apollo. Alternatively, Hera kidnapped Eileithyia, the goddess of childbirth, to prevent Leto from going into labor. The other gods bribed Hera with a beautiful necklace nobody could resist and she finally gave in., Hera', 'Eileithyia | According to the Homeric Hymn III to Delian Apollo, Hera detained Eileithyia, who was coming from the Hyperboreans in the far north, to prevent Leto from going ...', ""Eileithyia | Riordan Wiki - Fandom | After Leto became pregnant with Eileithyia's half-siblings, the twins Artemis and Apollo, her mother Hera kidnapped Eileithyia to prevent the Titaness from ...""]",Step 1: Who is Eileithyia? Step 2: Who is Hera? Step 3: What is the story of Eileithyia's kidnapping in Greek mythology?,Step 2 depends on Step 1. Step 3 depends on Step 1.,Step 1: Who is Eileithyia? ANSWER: Greek goddess of childbirth. Step 2: Who is Hera?,Who is Hera?,"['Eileithyia: The Goddess of Labour - PMC - NCBI | Eileithyia was the goddess of birth in Ancient Greek mythology. Daughter of Zeus and Hera, she was considered to be a pre-Hellenic goddess as her name was mentioned in several Linear B tablets from ancient Crete., goddess of birth in Ancient Greek mythology', 'Eileithyia | Eileithyia or Ilithyia was the Greek goddess of childbirth and midwifery, and the daughter of Zeus and Hera. In the cave of Amnisos (Crete) she was related ...', 'Hera - Wikipedia | Hera is the goddess of marriage and childbirth rather than motherhood, and much of her mythology revolves around her marriage with her brother Zeus., goddess of marriage and childbirth rather than motherhood', 'Hera | Characteristics, Family, & Worship | Hera, in ancient Greek religion, a daughter of the Titans Cronus and Rhea, sister-wife of Zeus, and queen of the Olympian gods.', ""Eileithyia - Wikipedia | Delos. According to the Homeric Hymn III to Delian Apollo, Hera detained Eileithyia, who was coming from the Hyperboreans in the far north, to prevent Leto from going into labor with Artemis and Apollo, since the father was her husband Zeus. Hera was jealous of Zeus's affairs and tended to enact revenge upon the women., Hera detained Eileithyia, who was coming from the Hyperboreans in the far north, to prevent Leto from going into labor with Artemis and Apollo, since the father was her husband Zeus"", ""Eileithyia | Hera would often kidnap Eileithyia and keep her at Mount Olympus, getting her to do her bidding by preventing or delaying the births of Zeus' ..."", 'Hera - Wikipedia | The island later became sacred to Apollo. Alternatively, Hera kidnapped Eileithyia, the goddess of childbirth, to prevent Leto from going into labor. The other gods bribed Hera with a beautiful necklace nobody could resist and she finally gave in., Hera']",Hera kidnapped Eileithyia [5][6][7].,Hera,['Hera']
Who succeeded Nasser?,"[""Anwar Sadat - Wikipedia | Sadat succeeded Nasser as president after the latter's death in October 1970. Sadat's presidency was widely expected to be short-lived. Viewing him as having been little more than a puppet of the former president, Nasser's supporters in government settled on Sadat as someone they could manipulate easily."", 'Gamal Abdel Nasser | Gamal Abdel Nasser Hussein (15 January 1918 – 28 September 1970) was an Egyptian military officer and politician who served as the second president of Egypt ...', 'Anwar Sadat | Biography, History, & Assassination | Anwar Sadat (born December 25, 1918, Mīt Abū al-Kawm, Al-Minūfiyyah governorate, Egypt—died October 6, 1981, Cairo) Egyptian army officer and politician who ...']",Step 1: Who is Anwar Sadat? Step 2: Who is Gamal Abdel Nasser? Step 3: Who succeeded Nasser as president of Egypt?,Step 2 depends on Step 1. Step 3 depends on Step 2.,Step 1: Who is Anwar Sadat? ANSWER: Egyptian politician and military officer. Step 2: Who is Gamal Abdel Nasser?,Who is Gamal Abdel Nasser?,"['Anwar Sadat | Muhammad Anwar el-Sadat (25 December 1918 – 6 October 1981) was an Egyptian politician and military officer who served as the third president of Egypt, ...', 'Gamal Abdel Nasser | Biography & Facts | Gamal Abdel Nasser, Egyptian army officer who served as prime minister (1954–56) and then president (1956–70) of Egypt.', ""Anwar Sadat - Wikipedia | Sadat succeeded Nasser as president after the latter's death in October 1970."", 'List of presidents of Egypt | He was succeeded by Adly Mansour, the head of the Supreme Constitutional Court of Egypt, as Acting President. Mansour was sworn into office in front of the ...', ""Anwar Sadat - Wikipedia | Sadat succeeded Nasser as president after the latter's death in October 1970. Sadat's presidency was widely expected to be short-lived. Viewing him as having been little more than a puppet of the former president, Nasser's supporters in government settled on Sadat as someone they could manipulate easily."", 'Gamal Abdel Nasser | Gamal Abdel Nasser Hussein (15 January 1918 – 28 September 1970) was an Egyptian military officer and politician who served as the second president of Egypt ...', 'Anwar Sadat | Biography, History, & Assassination | Anwar Sadat, Egyptian army officer and president of Egypt from 1970 until his assassination in 1981. He oversaw the October War of 1973, ...']",Anwar Sadat succeeded Nasser [3][5][7].,Anwar Sadat,['Anwar Sadat']
Where was Madonna born?,"['Madonna/Place of birth | Bay City, MI, The famous pop singer Madonna was born Madonna Louise Ciccone on August 16, 1958 in Bay City, Michigan. She was raised in Pontiac and Rochester Hills, north of Detroit., Bay City, Michigan', 'Madonna | Madonna ; Born. Madonna Louise Ciccone. (1958-08-16) August 16, 1958 (age 65). Bay City, Michigan, U.S. ; Occupations. Singer; songwriter; actress; dancer; record ...', 'Madonna - Age, Children & Life | Madonna Louise Veronica Ciccone was born in Bay City, Michigan, on August 16, 1958, to parents Silvio ""Tony"" Ciccone and Madonna Fortin. Tony, the son of ...']",Step 1: What is Madonna's full name? Step 2: When was Madonna born? Step 3: Where was Madonna born?,Step 2 depends on Step 1. Step 3 depends on Step 1.,Step 1: What is Madonna's full name? ANSWER: Madonna Louise Ciccone. Step 2: When was Madonna born?,When was Madonna born?,"['Madonna/Full name | Madonna Louise Ciccone, The famous pop singer Madonna was born Madonna Louise Ciccone on August 16, 1958 in Bay City, Michigan., Madonna Louise Ciccone', 'Madonna | Madonna Louise Ciccone is an American singer, songwriter, and actress. Known as the ""Queen of Pop"", Madonna has been widely recognized for her continual ...', 'Madonna/Date of birth | August 16, 1958, The famous pop singer Madonna was born Madonna Louise Ciccone on August 16, 1958 in Bay City, Michigan., August 16, 1958', 'Madonna | Madonna ; Born. Madonna Louise Ciccone. (1958-08-16) August 16, 1958 (age 65). Bay City, Michigan, U.S. ; Occupations. Singer; songwriter; actress; dancer; record ...', 'Madonna/Place of birth | Bay City, MI, The famous pop singer Madonna was born Madonna Louise Ciccone on August 16, 1958 in Bay City, Michigan. She was raised in Pontiac and Rochester Hills, north of Detroit., Bay City, Michigan', 'Madonna | Madonna ; Born. Madonna Louise Ciccone. (1958-08-16) August 16, 1958 (age 65). Bay City, Michigan, U.S. ; Occupations. Singer; songwriter; actress; dancer; record ...', 'Madonna/Place of birth | Bay City, MI, The famous pop singer Madonna was born Madonna Louise Ciccone on August 16, 1958 in Bay City, Michigan. She was raised in Pontiac and Rochester Hills, north of Detroit., Bay City, Michigan']","Madonna was born in Bay City, Michigan [1][5][7].","Bay City, Michigan","['Bay City, Michigan']"
What is OAS?,"['OAS - Organization of American States: Democracy for peace ... | The OAS brings together leaders from nations across the Americas to address hemispheric issues and opportunities. Together, they seek to build cooperation among ...', 'The Organization of American States | The Organization of American States (OAS) is a multilateral regional body focused on human rights, electoral oversight, social and economic development, ...', 'About the OAS | Purposes: To strengthen peace and security in the hemisphere; promote representative democracy; ensure the peaceful settlement of disputes among members; ...']",Step 1: What does OAS stand for? Step 2: What is the purpose of the Organization of American States? Step 3: What are the main functions of the OAS?,Step 2 depends on Step 1. Step 3 depends on Step 2.,Step 1: What does OAS stand for? ANSWER: Organization of American States. Step 2: What is the purpose of the Organization of American States?,What is the purpose of the Organization of American States?,"['Organization of American States | Organization of American States, OAS - Organization of American States: Democracy for peace, security, and development., Organization of American States', 'About the OAS | Established: April 14, 1890, as the International Union of American Republics. Became the Pan American Union in 1910, then the Organization of American ...', 'OAS :: Who We Are : Purpose | To promote, by cooperative action, their economic, social, and cultural development;. To eradicate extreme poverty, which constitutes an obstacle to the ...', 'About the OAS - U.S. Mission to the Organization of American ... | Organization of American States Purposes: To strengthen peace and security in the hemisphere; promote representative democracy; ensure the peaceful settlement of disputes among members; provide for common action in the event of aggression; and promote economic, social, and cultural development.', 'Functions | 22. Directs, manages, and supervises the execution of the program-budget for its area, according to instructions from the Secretary for Legal Affairs, the ...', 'OAS - Organization of American States: Democracy for peace ... | The OAS brings together leaders from nations across the Americas to address hemispheric issues and opportunities. Together, they seek to build cooperation among ...', 'OAS :: Who We Are | Today, the OAS brings together all 35 independent states of the Americas and constitutes the main political, juridical, and social governmental forum in the ...']",The OAS is the Organization of American States [1][2][7].,Organization of American States,['Organization of American States']
When was John excommunicated?,"['November 1209 | November 1209, John, taking his ground on the traditional rights of the English crown in episcopal elections, refused to accept Langton. In March 1208, Innocent laid an interdict on England and excommunicated John (November 1209)., November 1209', ""John, King of England | An argument with Pope Innocent III led to John's excommunication in 1209, a dispute he finally settled in 1213. John's attempt to defeat Philip in 1214 ..."", 'Excommunication of King John | King John refused to accept Stephen Langton as Archbishop and so, in 1208, the Pope served the Interdict on England. For many years the bells of the churches ...']","Step 1: Who is John, King of England? Step 2: What led to John's excommunication? Step 3: When was John excommunicated?",Step 2 depends on Step 1. Step 3 depends on Step 2.,"Step 1: Who is John, King of England? ANSWER: John. Step 2: What led to John's excommunication?",What led to John's excommunication?,"['John, King of England | John (24 December 1166 – 19 October 1216) was King of England from 1199 until his death in 1216. He lost the Duchy of Normandy and most of his other French ...', ""King John & Magna Carta - Royal Shakespeare Company | John's allegiances with Europe were further tested when arguments arose with Pope Innocent III over the next Archbishop of Canterbury. John refused to accept the Pope's choice Stephen Langton, instead banishing him from England. This led to John's excommunication in 1209 (though he was eventually pardoned)., John refused to accept the Pope's choice Stephen Langton, instead banishing him from England"", 'Teach Democracy | King John demanded soldiers or money from his barons in order to carry on a war in France over disputed lands. Many of the barons believed that the dispute ...', 'November 1209 | November 1209, John, taking his ground on the traditional rights of the English crown in episcopal elections, refused to accept Langton. In March 1208, Innocent laid an interdict on England and excommunicated John (November 1209)., November 1209', ""John, King of England | An argument with Pope Innocent III led to John's excommunication in 1209, a dispute he finally settled in 1213. John's attempt to defeat Philip in 1214 ..."", 'November 1209 | November 1209, John, taking his ground on the traditional rights of the English crown in episcopal elections, refused to accept Langton. In March 1208, Innocent laid an interdict on England and excommunicated John (November 1209)., November 1209', ""John, King of England | An argument with Pope Innocent III led to John's excommunication in 1209, a dispute he finally settled in 1213. John's attempt to defeat Philip in 1214 ...""]",John was excommunicated by Pope Innocent III in 1209 [4][5][6].,1209,['1209']
What makes Neptune blue? ,"[""Why is Neptune blue? - Cool Cosmos - Caltech | Neptune's atmosphere is made up of hydrogen, helium and methane. The methane in Neptune's upper atmosphere absorbs the red light from the sun but reflects the blue light from the Sun back into space. This is why Neptune appears blue., The methane in Neptune's upper atmosphere absorbs the red light from the sun but reflects the blue light from the Sun back into space"", ""Neptune in Primary Colors - Jet Propulsion Laboratory | The predominant blue color of the planet is a result of the absorption of red and infrared light by Neptune's methane atmosphere. Clouds ..."", ""Why is Neptune so blue? | Despite the fact it makes up a relatively tiny proportion of Neptune's atmosphere, methane absorbs red wavelengths of light and reflects blue ...""]",Step 1: What is the composition of Neptune's atmosphere? Step 2: How does methane in Neptune's atmosphere affect the color of the planet? Step 3: Why does Neptune appear blue?,Step 2 depends on Step 1. Step 3 depends on Step 2.,"Step 1: What is the composition of Neptune's atmosphere? ANSWER: Hydrogen, helium, methane. Step 2: How does methane in Neptune's atmosphere affect the color of the planet?",How does methane in Neptune's atmosphere affect the color of the planet?,"[""Neptune: Facts - NASA Science | Neptune's atmosphere is made up mostly of hydrogen and helium with just a little bit of methane. Neptune's neighbor Uranus is a blue-green color due to such atmospheric methane, but Neptune is a more vivid, brighter blue, so there must be an unknown component that causes the more intense color., mostly of hydrogen and helium with just a little bit of methane"", ""Neptune's Atmosphere: Composition, Climate & Weather | Neptune's atmosphere is made up predominately of hydrogen and helium, with some methane. The methane is part of what gives Neptune its brilliant ..."", ""Neptune in Primary Colors - Jet Propulsion Laboratory | The predominant blue color of the planet is a result of the absorption of red and infrared light by Neptune's methane atmosphere. Clouds elevated above most of the methane absorption appear white, while the very highest clouds tend to be yellow-red as seen in the bright feature at the top of the right-hand image., The predominant blue color of the planet is a result of the absorption of red and infrared light by Neptune's methane atmosphere"", ""Neptune's Atmosphere: Composition, Climate & Weather | The methane is part of what gives Neptune its brilliant blue tint, as it absorbs red light and reflects bluer colors. Uranus also has methane in ..."", ""Neptune in Primary Colors - Jet Propulsion Laboratory | The predominant blue color of the planet is a result of the absorption of red and infrared light by Neptune's methane atmosphere. Clouds elevated above most of the methane absorption appear white, while the very highest clouds tend to be yellow-red as seen in the bright feature at the top of the right-hand image., a result of the absorption of red and infrared light by Neptune's methane atmosphere"", ""Why is Neptune blue? - Cool Cosmos - Caltech | The methane in Neptune's upper atmosphere absorbs the red light from the sun but reflects the blue light from the Sun back into space. This is why Neptune ..."", ""Why is Neptune blue? - Cool Cosmos - Caltech | Neptune's atmosphere is made up of hydrogen, helium and methane. The methane in Neptune's upper atmosphere absorbs the red light from the sun but reflects the blue light from the Sun back into space. This is why Neptune appears blue., The methane in Neptune's upper atmosphere absorbs the red light from the sun but reflects the blue light from the Sun back into space""]",The methane in Neptune's upper atmosphere absorbs the red light from the sun but reflects the blue light from the Sun back into space [6][7].,Methane,['methane']
