Question,GT Answer,"open-squad-short_got-3+demos-sa-knn+cx+t5-nli-ec+ci+[0.3,0.6,0.1]_gpt-3.5-turbo-1106_google"
Who killed Harold II? ,"['William II', 'Duke William II', 'Duke William II']",Norman invaders under William the Conqueror
What is a typical configuration,"['A typical configuration is to run IP over ATM or a version of MPLS', 'run IP over ATM or a version of MPLS', 'run IP over ATM or a version of MPLS']",Populated with projected average components
What is septicemia? ,"['(a type of ""blood poisoning""', 'a type of ""blood poisoning""', 'a type of ""blood poisoning""']",Blood poisoning by bacteria
Who were otachi?,"['non-Mongol physicians', 'non-Mongol physicians', 'non-Mongol physicians']",Major antagonists
Who captured Fort Beausejour?,"['Colonel Monckton', 'Colonel Monckton', 'Colonel Monckton', 'Colonel Monckton', 'British']",Lieutenant-Colonel Robert Monckton
what does vBNS stand for ,"['The Very high-speed Backbone Network Service', 'Very high-speed Backbone Network Service', 'Very high-speed Backbone Network Service']",Very high-speed Backbone Network Service
Who founded Woodward Park?,"['Ralph Woodward', 'Ralph Woodward', 'Ralph Woodward']",Ralph Woodward
How are AUSTPAC connections made ,"['Access can be via a dial-up terminal to a PAD, or, by linking a permanent X.25 node to the network', 'dial-up terminal to a PAD, or, by linking a permanent X.25 node', 'dial-up terminal']",Dial-up to a PAD or linking an X.25 node permanently
How can pyrenoids replicate?,"['divide to form new pyrenoids, or be produced ""de novo""', 'divide', 'divide to form new pyrenoids, or be produced ""de novo""']",Induction by hyperoxia
What color is phycoerytherin?,"['red', 'red', 'red']",Red
What does  mnemiopsis eat?,"['fish larvae and organisms', 'fish larvae and organisms that would otherwise have fed the fish', 'fish larvae and organisms that would otherwise have fed the fish']","Zooplankton, crustaceans, eggs and larvae of fish"
Who commissioned the Tapestry?,"['Odo', 'Odo', 'Odo']",Bishop Odo
What does Untersee mean?,"['lower lake', 'lower lake', '""lower lake""', 'lower lake']","""Lower Lake"""
Why did he walk?,"['exercise', 'For exercise', 'exercise']",To talk to you or wait for someone or something
What follows secondary education?,"['tertiary education', 'tertiary education', 'tertiary education']",Postsecondary education
Where is D'Olier Street?,"['Dublin', 'Dublin', 'Dublin']","Dublin, Ireland"
What shape are Plastoglobuli?,"['spherical bubbles', 'spherical', 'spherical']",Spherical
What is a connection identifier ,"['a connection identifier rather than address information and are negotiated between endpoints so that they are delivered in order and with error checking', 'negotiated between endpoints']",Unique identifier
When was Zia-ul-Haq killed?,"['1988', '1988', '1988']","August 17, 1988"
Telnet Used what  Interface technology,"['host interface to X.25 and the terminal interface to X.29', 'X.25', 'ARPANET']",Virtual terminal connection
What completed the triad ,"['an interactive host to host connection was made between the IBM mainframe computer systems at the University of Michigan in Ann Arbor and Wayne State', 'the CDC mainframe at Michigan State University in East Lansing', '1972 connections']",Strategic bombers with nuclear bombs and missiles
What is the IEEE?,"['American Institute of Electrical Engineers', 'the American Institute of Electrical Engineers', 'American Institute of Electrical Engineers']",Institute of Electrical and Electronics Engineers
What did Donald Davies Develop,"['independently developed the same message routing methodology as developed by Baran', 'the same message routing methodology as developed by Baran', 'message routing methodology']",packet switching
When did Temur rule?,"['1294 to 1307', '1294 to 1307', 'from 1294 to 1307']",1370 to 1405
Where is Kenya located?,"['in Africa', 'Africa']",East Africa
What did Mongols worship?,"['the Eternal Heaven', 'Eternal Heaven', 'the Eternal Heaven']",Tngri and Father sky
What is an etioplast?,"['a plastid that lacks chlorophyll', 'plastid that lacks chlorophyll', 'plastid that lacks chlorophyll']",Intermediate type of plastid
How do platyctenids reproduce?,"['internal fertilization and keep the eggs in brood chambers until they hatch.', 'internal fertilization', 'internal fertilization']",Using brood pouches
What protects the statocyst?,"['a transparent dome made of long, immobile cilia', 'a transparent dome made of long, immobile cilia', 'transparent dome made of long, immobile cilia']",The statocyst itself
Who developed DATAPAC,"['DATAPAC was developed by Bell Northern Research', 'Bell Northern Research', 'Bell Northern Research']",Bell Canada
What is Christian Perfection?,"['a genuine love of God with heart, soul, mind, and strength, and a genuine love of our neighbors as ourselves', 'leading a Spirit-filled and Christ-like life aimed toward love', 'a genuine love of God with heart, soul, mind']",Being free from mortal sin
What did Paul Baran develop ,"['Paul Baran developed the concept Distributed Adaptive Message Block Switching', 'the concept Distributed Adaptive Message Block Switching', 'Distributed Adaptive Message Block Switching']",digital packet switching
What happened to Dane?,"['killed in a horse-riding accident', 'killed in a horse-riding accident', 'killed in a horse-riding accident']",He retired from football.
What does ATP mean?,"['adenosine triphosphate', 'adenosine triphosphate', 'adenosine triphosphate']",Adenosine triphosphate
What are muroplasts?,"['glaucophyte chloroplasts', 'glaucophyte chloroplasts', 'glaucophyte chloroplasts']",Not mentioned
What did vBNS do ,"['provide high-speed interconnection between NSF-sponsored supercomputing centers and select access points in the United States', 'provide high-speed interconnection between NSF-sponsored supercomputing centers and select access points in the United States', 'high-speed interconnection']",Provided high-bandwidth network for research applications
What is Plasmodium?,"['the malaria parasite', 'apicomplexans', 'malaria parasite']",Genus of malaria parasites
What did NSFNET promote,"['advanced research and education networking in the United States', 'advanced research and education networking', 'advanced research and education networking']",Advanced research and education networking in the United States
How are packets normally forwarded,"['asynchronously using first-in, first-out buffering, but may be forwarded according to some scheduling discipline for fair queuing', 'asynchronously using first-in, first-out buffering', 'intermediate network nodes']",Between source and destination interfaces
What do carotenoids absorb?,"['light energy', 'light energy', 'light energy']",Blue-green light
When did Zhenjin die?,"['before Kublai in 1285', '1285', '1285']","January 5, 1286"
When was Qutb executed?,"['1966', '1966', '1966']","August 29, 1966"
What is beta carotene?,"['a bright red-orange carotenoid', 'a bright red-orange carotenoid', 'bright red-orange carotenoid found in nearly all chloroplasts']","A member of the carotenes, found in yellow, orange, and green leafy fruits and vegetables"
What is petrology?,"['the study of rocks', 'study of rocks', 'the study of rocks']",The study of rocks and their formation conditions
What seldom mutates?,"['The inverted repeat regions', 'inverted repeat regions', 'inverted repeat regions']",Silent mutations
Where did Jebe die?,"['on the road back to Samarkand', 'on the road back to Samarkand', 'the road back to Samarkand']",Mongolia
Where do platycenida live?,"['on rocks, algae, or the body surfaces of other invertebrates', 'rocks, algae, or the body surfaces of other invertebrates', 'rocks, algae, or the body surfaces of other invertebrates']","On rocks, algae, soft coral, or the body surfaces of other invertebrates"
How is circuit switching charecterized ,"['by a fee per unit of connection time, even when no data is transferred', 'a fee per unit of connection time', 'fee per unit of connection time']",With a dedicated physical path
Purpose of Telnet ,"['making ARPANET technology public', 'a means of making ARPANET technology public', 'making ARPANET technology public']",Remote access and network configuration
Where do dikes form?,"['in areas that are being actively deformed', 'areas that are being actively deformed', 'in areas that are being actively deformed']",In cracks in rock formations
What was Apple Talk ,"['a proprietary suite of networking protocols developed by Apple Inc. in 1985', 'a proprietary suite of networking protocols developed by Apple Inc', 'proprietary suite of networking protocols']",A suite of networking protocols
What is a prasinophyte?,"['a green algal derived chloroplast', 'a green algal derived chloroplast', 'green algal derived chloroplast']",Unicellular green algae
Who founded Telnet ,"['Larry Roberts', 'ARPA IPTO director Larry Roberts', 'Larry Roberts']",Telnet was developed in 1969.
What did NSFNET eventually provide,"['it developed into a major part of the Internet backbone', 'a major part of the Internet backbone', 'major part of the Internet backbone']",Research and education networking
What is a Hauptlied?,"['main hymn', 'hymn', 'main hymn']",Prominent hymn
Who served his dinner?,"['headwaiter', 'the headwaiter', 'the headwaiter']",The honored guest
What did Tymnet connect ,"['connect host computers (servers)at thousands of large companies, educational institutions, and government agencies', 'host computers (servers)at thousands of large companies, educational institutions, and government agencies', 'host computers']",Host computers
What distinguishes stromal thylakoids?,"['are in contact with the stroma', 'in contact with the stroma', 'helicoid sheets']",Protein and lipid composition
What are chromoplasts?,"['pigment-filled plastids responsible for the bright colors seen in flowers and ripe fruit', 'pigment-filled plastids', 'pigment-filled plastids responsible for the bright colors seen in flowers and ripe fruit']",Colored plastids containing carotenoid pigment
Who was the hostage?,"['Duncan', 'Duncan', 'Duncan']","Danielle Aloni, Yelena Tropanov, and Rimon Kirscht"
Who conducted this survey?,"['American Association of University Women', 'American Association of University Women', 'American Association of University Women']",Surveyor
What was Galileo Ferraris?,"['physicist', 'physicist', 'Italian physicist']","Italian university professor, physicist, and electrical engineer, and one of the pioneers of AC power systems and the inventor of the induction motor"
What distinguishes granal thylakoids?,"['are arranged in grana', 'arranged in grana', 'arranged in grana']",Protein composition
Who may assign Elders?,"['District Superintendents', 'ordained by a bishop', 'District Superintendents']",Existing leadership or eldership team
Who operated the vBSN network ,"['The network was engineered and operated by MCI Telecommunications under a cooperative agreement with the NSF', 'MCI Telecommunications', 'National Science Foundation']","China Mobile, China UnionPay, and Red Date Tech"
Who founded the UMC?,"['union of the Methodist Church (USA) and the Evangelical United Brethren Church', 'John and Charles Wesley in England', 'the union of the Methodist Church (USA) and the Evangelical United Brethren Church']",The Evangelical United Brethren Church and The Methodist Church
Where was Dyrrachium located?,"['the Adriatic', 'the Adriatic', 'Adriatic']",Albania and Montenegro
What are phytoplankton?,"['planktonic plants', 'planktonic plants', 'a vital part of marine food chains']",Microscopic marine algae
Who did internet2 partner with ,"['a partnership with Level 3 Communications to launch a brand new nationwide network', 'Level 3 Communications', 'Qwest']","higher education, research institutions, government entities, corporations, and cultural organizations"
How are ergänzungsschulen funded?,"['tuition', 'tuition', 'tuition fees']","By private individuals, private organizations, and occasionally religious groups"
Who did internet2 partner with,"['The Internet2 community, in partnership with Qwest', 'Qwest', 'Qwest']","higher education, research institutions, government entities, corporations, and cultural organizations"
How do cestids swim?,"['by undulating their bodies as well as by the beating of their comb-rows.', 'undulating their bodies', 'by undulating their bodies as well as by the beating of their comb-rows']",They do not swim.
What causes rock extension?,"['normal faulting and through the ductile stretching and thinning', 'normal faulting', 'normal faulting and through the ductile stretching and thinning']",Tensional stress
What is retrograde signaling?,"['signals from the chloroplast that regulate gene expression in the nucleus', 'signals from the chloroplast that regulate gene expression', 'signals from the chloroplast that regulate gene expression in the nucleus']",Signal travels backwards from target source to original source.
What does chloroplastidan mean?,"['green chloroplast', 'green chloroplast lineage', 'green chloroplast lineage']","Pigmented with chlorophylls a and b, but lack phycobiliproteins, and starch is accumulated inside the chloroplasts"
What is tertiary education?,"['universities and/or TAFE colleges', 'universities and/or TAFE colleges', 'universities and/or TAFE colleges']",Post-secondary education
Who bought the rights?,"['Enrique Pérez de Guzmán', 'Enrique Pérez de Guzmán', 'Enrique Pérez de Guzmán']",Big Time Rush
Where was Luther born?,"['Eisleben, Saxony', 'Eisleben, Saxony', 'Eisleben, Saxony']","Eisleben, Germany"
What did Tesla write?,"['books and articles', 'a number of books and articles', 'a number of books and articles']","""The Problem of Increasing Human Energy"" and ""Experiments With Alternate Currents Of High Potential And High Frequency"""
Which company owns ABC?,"['The Walt Disney Company', 'The Walt Disney Company', 'The Walt Disney Company']",The Walt Disney Company
What are frets?,"['helicoid stromal thylakoids', 'helicoid stromal thylakoids', 'helicoid stromal thylakoids']",Thin strips of material
Who mentored Buyantu?,"['Li Meng', 'Li Meng', 'Li Meng']",Li Meng
Which organisms have chloroplasts?,"['plants and algae', 'plants and algae', 'plants and algae.']",Plants and photosynthetic algae
Where do Ctenophora live?,"['marine waters worldwide.', 'marine waters worldwide', 'marine waters']",Marine environments
What shape are pyrenoids?,"['roughly spherical', 'roughly spherical', 'spherical']","Spheres, plates, rods"
Who had mathmatical insite?,"['Sir Isaac Newton', 'Sir Isaac Newton', 'Sir Isaac Newton', 'Sir Isaac Newton', 'Sir Isaac Newton', 'Sir Isaac Newton']",Pythagoras
How are packets normally forwarded,"['by intermediate network nodes asynchronously using first-in, first-out buffering, but may be forwarded according to some scheduling discipline for fair queuing', 'intermediate network nodes asynchronously using first-in, first-out buffering', 'asynchronously']",Between source and destination interfaces
Where was Luther buried?,"['in the Castle Church', 'Castle Church in Wittenberg', 'Castle Church in Wittenberg,']","Eisleben, Germany"
What river separates Jacksonville?,"['The St. Johns River', 'St. Johns River', 'St. Johns River']",St. Johns River
What delivery message was used ,"['by store and forward switching', 'packets', 'store and forward switching']",Delivered
What are construction managers?,"['firms engaged in managing construction projects without assuming direct financial responsibility for completion of the construction project', 'firms engaged in managing construction projects', '(firms engaged in managing construction projects without assuming direct financial responsibility for completion of the construction project)']",Coordinate and supervise construction projects
How tall was Tesla?,"['6 feet 2 inches', '6 feet 2 inches', '6 feet 2 inches (1.88 m)']","6'2"""
What is Vision 2030?,"['an economic development programme it hopes will put the country in the same league as the Asian Economic Tigers by the year 2030', 'economic development programme', 'an economic development programme']",A roadmap for economic diversification
What is a stromule?,"['stroma-containing tubule', 'stroma-containing tubule', 'stroma-containing tubule']",Narrow tubular structures
When did Torchwood premier?,"['22 October 2006', '22 October 2006', '22 October 2006']","October 22, 2006"
Who was Frédéric Chopin?,"['Famous musicians', 'musicians', 'Famous musicians']",Polish French composer and pianist
What did Warsz own?,"['a village', 'village']",A custom Battle Beaver PS4 controller
What was report P-2626,"['a general architecture for a large-scale, distributed, survivable communications network', 'a general architecture for a large-scale, distributed, survivable communications network', 'briefing B-265']",O2 Sensor Pumping Current Trim/Open Bank 1 Sensor 1
Who conceptualized the piston?,"['Papin', 'Papin', 'Papin', 'Papin']",Denis Papin
Was the plan formalized?,"['The plan that the delegates agreed to was never ratified by the colonial legislatures nor approved of by the crown', 'was never ratified', 'never ratified', 'never ratified', 'The plan that the delegates agreed to was never ratified']",Yes.
Who attends Loreto Normanhurst?,"['girls', 'girls', 'girls']","Students from the Sydney basin, country NSW, interstate, and Australian expatriate families"
What is Nexus?,"['the Tyne and Wear Passenger Transport Executive.', 'the Tyne and Wear Passenger Transport Executive', 'Passenger Transport Executive']",Connection between a business and state or local government that triggers the requirement to collect and remit sales tax
What was Warner Sinback,"[""a data network based on this voice-phone network was designed to connect GE's four computer sales and service centers"", 'a data network', 'a data network']",Lieutenant Junior Grade
WHat does UserDatagram Protocol gaurentee,"['In the virtual call system, the network guarantees sequenced delivery of data to the host', 'sequenced delivery of data to the host', 'sequenced delivery of data']",No guarantees
What does paramylon store?,"['Starch', 'Starch', 'Starch']",Starch energy
What was apolitical Islam?,"['a historical fluke', 'political Islam', 'historical fluke']",A modern phenomenon
Telnet was sold to ,"['Telenet was incorporated in 1973 and started operations in 1975. It went public in 1979 and was then sold to GTE', 'GTE', 'GTE']",Vivacom
Who did Luther banish?,"['Zwickau prophets', 'Zwickau prophets', 'Zwickau prophets']",Pope Leo X
What does Obersee mean?,"['upper lake', 'upper lake', '(""upper lake""', 'upper lake']","""Upper Lake"""
What is a statocyst?,"['a balance sensor', 'a balance sensor consisting of a statolith', 'a balance sensor consisting of a statolith']",Balance sensory receptor
What happened in 1901?,"['Marconi successfully transmitted the letter S from England to Newfoundland', 'Marconi successfully transmitted the letter S from England to Newfoundland', 'Marconi successfully transmitted the letter S from England to Newfoundland']",President William McKinley was shot
Who were the Semuren?,"['allied groups from Central Asia and the western end of the empire', 'various allied groups from Central Asia and the western end of the empire', 'various allied groups']",Persons with special status
Who directed Stormy Monday?,"['Mike Figgis', 'Mike Figgis', 'Mike Figgis']",Mike Figgis
What is the NASUWT?,"['trade unions', 'trade unions', 'trade unions']",National Association of Schoolmasters/Union of Women Teachers
Who made Ralph earl?,"['Edward the Confessor', 'Edward the Confessor', 'Edward the Confessor']",Ralph Earl
What tribes supported British?,"['Iroquois Six Nations, and also by the Cherokee', 'Iroquois Six Nations, and also by the Cherokee', 'Iroquois Six Nations, and also by the Cherokee', 'Iroquois', 'the Iroquois Six Nations']","Fox, Chickamauga, Iroquois, Kickapoo, Mascouten, Mohawk, Ojibway, Piankeshaw, Potawatomi, Sauk and Shawnee"
What do pyrenoids store?,"['starch', 'starch', 'starch']",Starch and occasionally proteins
Who did Emma Marry?,"['King Ethelred II', 'Ethelred II', 'King Ethelred II']",Mr. Knightley
Who did he fire?,"['secretary', 'a secretary', 'a secretary']",6 rounds
Who wrote The Mutants?,"['Terry Nation', 'Terry Nation', 'Terry Nation']",Josh Boone and Knate Gwaltney
Where was war fought?,"['primarily along the frontiers between New France and the British colonies', 'between New France and the British colonies', 'frontiers between New France and the British colonies', 'along the frontiers', 'Virginia in the South to Nova Scotia in the North']","Europe, East Asia, and islands in the Pacific Ocean"
What surrounds chloroplasts?,"['two innermost lipid-bilayer membranes', 'phagocytic vacuole', 'lipid-bilayer membranes']",Membranes
Who was Count of Melfi,"['William Iron Arm', 'William Iron Arm', 'William Iron Arm']",Niccolò Acciaioli
What is structural geology?,"['the study of positions of rock units and their deformation', 'study of positions of rock units and their deformation', 'the study of positions of rock units and their deformation']",Study of rock distribution and deformation
When was vetting introduced?,"['2006', '2006', '2006']",January 2017
What is an anda?,"['sworn brother or blood brother', 'sworn brother', 'sworn brother or blood brother)']",Abbreviated New Drug Application
What do apicoplasts synthesize?,"['fatty acids, isopentenyl pyrophosphate, iron-sulfur clusters', 'fatty acids, isopentenyl pyrophosphate, iron-sulfur clusters', 'fatty acids, isopentenyl pyrophosphate, iron-sulfur clusters']",Isoprenoid precursors
What are apicoplasts missing?,"['photosynthetic pigments or true thylakoids', 'photosynthetic function', 'all photosynthetic function']",Ability to photosynthesize
What can amyloplasts become?,"['chromoplasts', 'chromoplasts', 'chromoplasts']",Chloroplasts
What are colloblasts?,"['specialized mushroom-shaped cells in the outer layer of the epidermis', 'specialized mushroom-shaped cells in the outer layer of the epidermis', 'specialized mushroom-shaped cells in the outer layer of the epidermis']",Sticky cells used to capture prey
What does zhèng mean?,"['""right"", ""just"", or ""true""', 'right', 'right"", ""just"", or ""true"",']","upright, correct"
When was the Holocene?,"['11,700 years ago', '~11,700 years ago', '~11,700 years ago']","Approximately 9,700 BCE"
When was Montreal captured?,"['1760', '1760', '1760', '1760', '1760']","September 24-25, 1775"
What did this concept contradict ,"['This concept contrasted and contradicted the theretofore established principles of pre-allocation of network bandwidth', 'theretofore established principles of pre-allocation of network bandwidth', 'principles of pre-allocation of network bandwidth']",Fact or statement
How large are Plastoglobuli?,"['45–60 nanometers across', '45–60 nanometers across', '45–60 nanometers across']",50-200 nm
What are cestida called?,"['belt animals', 'belt animals', '""belt animals""']",Tapeworms
What entity owns V/Line?,"['Victorian Government', 'the Victorian Government', 'Victorian Government']",the government
What does NADPH store?,"['energy', 'energy', 'energy']",Energy
What is Psalm 31:5?,"['prayer of the dying', 'the common prayer of the dying', 'common prayer of the dying.']","""Into Your hand I entrust my spirit"""
What are chares?,"['Narrow alleys', 'Narrow alleys', 'Narrow alleys']",Masculine names
Who wrote the eulogy?,"['Louis Adamic', 'Louis Adamic', 'Slovene-American author Louis Adamic']",Maynard James Keenan
What does Phosphorylation do?,"['helps many proteins bind the polypeptide', 'helps many proteins bind the polypeptide', 'helps many proteins bind the polypeptide']",Alters protein structure and function.
Where is Peridinin found?,"['peridinin-type chloroplast', 'chloroplasts', 'chloroplasts']","Dinoflagellates, clams, sea anemones, and corals"
Is the packet header long ,"['The packet header can be small, as it only needs to contain this code and any information, such as length, timestamp, or sequence number', 'The packet header can be small', 'small']",20 or 24 bytes
Who was Philip I?,"['Landgrave of Hesse', 'Landgrave of Hesse', 'Landgrave of Hesse']",King of the Franks from 1060 to 1108
What are phycobilisomes?,"['relatively large protein complexes', 'large protein complexes', 'large protein complexes']",Protein complexes anchored to thylakoid membranes
Who conceptualized the aeolipile?,"['Hero of Alexandria', 'Hero of Alexandria', 'Hero of Alexandria', 'Hero of Alexandria']",Hero of Alexandria
What was telenet ,"['the first FCC-licensed public data network in the United States', 'the first FCC-licensed public data network in the United States', 'first FCC-licensed public data network']",A packet-switched network
When were stromules discovered?,"['1962', '1962', '1962']",1888 and 1908
What replaced the Sky+Box?,"['Sky+HD Box', 'Sky+HD Box', 'Sky+HD Box']",Sky Q
What was huihui?,"['Muslim medicine', 'Muslim medicine', 'Muslim medicine']",A gathering or coming together
What does rhodophyte mean?,"['red algal chloroplast', 'red algal chloroplast lineage', 'red algal chloroplast lineage']","""Division or category of algae"""
What religion were the Normans,"['Catholic', 'Catholic orthodoxy', 'Catholic']",Christian
What was DATANET 1 ,"['was the public switched data network operated by the Dutch PTT Telecom', 'the public switched data network operated by the Dutch PTT Telecom', 'public switched data network']",First stage of public packet-switched datanetwork
Where do ctenophora live?,"['marine waters', 'marine waters worldwide', 'marine waters']",Marine environments
What is an underbid?,"['when builders ask for too little money to complete the project', 'when builders ask for too little money to complete the project', 'builders ask for too little money to complete the project']",To bid less than a competing bidder
What is Sanctifying Grace?,"['grace of God which sustains the believers in the journey toward Christian Perfection', 'is that grace of God which sustains the believers in the journey toward Christian Perfection', 'that grace of God which sustains the believers in the journey toward Christian Perfection']","""gratuitous gift of His life"""
What surrounds Plastoglobuli?,"['a lipid monolayer', 'lipid monolayer', 'a lipid monolayer']",Membrane lipid monolayer
When was al-Nimeiry overthrown?,"['1985', '1985', '1985']","April 6, 1985"
EM,,0.09433962264150944
F1,,0.26215241294836844
elapsed time,,129.2968680498735
