Question,Answer,Question Length
What does UTF-16 expand? ,['UCS-2'],5
Who supported the treaty?,"['Central Asian republics,']",5
When did Apollo-Soyuz fly?,['1975'],5
What is October 11?,['the day of the first session of the Second Vatican Council'],5
Where is TechTown based?,['New Center'],5
Who raised Victoria?,['mother Princess Victoria of Saxe-Coburg-Saalfeld'],4
When were MANPADs introduced?,['the 1960s'],5
What are codons?,['a series of three-nucleotide sequences'],4
What followed government phonology?,['strict-CV phonology'],5
Who was Xiao Xiu?,['a brother of Emperor Wu of Liang'],5
What is monotheism?,['belief in the existence of one God'],4
Where are cytokinins produced?,['in roots'],5
Who attacked logical positivism?,"['Nelson Goodman, W.V. Quine, Hilary Putnam, Karl Popper, and Richard Rorty']",5
When did Kangxi die?,['1722'],5
What is caldeirada?,['a potato-based stew that can be made from several types of fish'],4
Where are Krashovans located?,['Romania'],5
What did Charles Martel do ,['Frankish leader Charles Martel bestowed the fortress in Utrecht and the surrounding lands as the base of the bishops'],5
What is bird migration?,"['the regular seasonal movement, often north and south along a flyway, between breeding and wintering grounds']",5
How was Luoyang destroyed?,['burned'],5
What is solar energy?,['radiant light and heat from the Sun'],5
What is saliva?,['a liquid secreted by the salivary glands'],4
How is RFI generated?,['sparking'],5
Who discovered Hydrogen gas?,['Robert Boyle'],5
What is Chamame?,['popular musical style.'],4
who founded KMS Records?,['Kevin Saunderson'],5
What is built in Avalon ,"['the oldest above-ground Christian church in the World"" situated ""in the mystical land of Avalon']",5
When did Heine die?,['1856'],5
Who were the Cathians?,['the people of Multan'],5
Who played Han Solo?,['Harrison Ford'],5
What are intraguild predators?,['those that kill and eat other predators of different species at the same trophic level'],5
What is Bostons nickname?,['The Walking City'],5
Who was Allan Loren?,['Apple USA head'],5
What are logograms?,['characters represent whole words rather than syllable-morphemes'],4
How is asthma classified?,"['according to the frequency of symptoms, forced expiratory volume in one second (FEV1), and peak expiratory flow rate']",5
Who ratified the Accords?,['the Supreme Soviet of the Russian SFSR'],5
where are aircraft manufactured ,"['AgustaWestland manufactures helicopters in Yeovil, and Normalair Garratt, builder of aircraft oxygen systems']",4
Multielectrode recording allows what?,['the activity of many brain cells to be recorded all at the same time;'],5
What is poaching?,"['illegal killing, trapping or capture of the hunted species']",4
What is mechanical digestion?,['the physical breakdown of large pieces of food into smaller pieces which can subsequently be accessed by digestive enzymes'],5
Buddhists call anapanasati what?,['the Middle Way'],5
When did Antipater die?,['319 BC'],5
Where was Burke born?,"['Dublin, Ireland']",5
What is Camp Lejeune?,['Marine Corps Base Camp'],5
Who was Henrich d'Arrest? ,['student at the observatory'],5
What is USB?,['a serial bus'],4
Who enslaved these people?,['Arab slave traders'],5
Who favored empirical methods?,['Bacon'],5
What is a Thysanura?,['silverfish'],5
Who led the Exodus?,['Moses'],5
What is a flammeum?,['a red shawl'],5
What score was added?,['difficulty score'],5
How is zinc applied?,['electrochemically or as molten zinc'],5
Who reclaimed the Seoul?,['South Korean forces.'],5
When was Mavericks introduced?,['2013'],5
Deities represent what importance?,['cultural and psychological'],5
Who grants a patent?,['the government'],5
What did UNICEF report?,['that China formally requested the support of the international community'],5
What does Euornithes mean?,['true birds'],5
Where is Bern located? ,['Switzerland'],5
Who was James Bruce?,['Scottish traveler'],5
Where is Hokkien spoken?,['Southeast Asia'],5
What is Geimsa stain?,['a dye'],5
What is IBS?,['irritable bowel syndrome'],4
What is Laurisilva?,['a unique type of subtropical rainforest'],4
Who became the emperor?,['Fulin'],5
Who created this group?,['Charles Francis Potter'],5
What language is ἰδεῖν?,['Greek'],5
When was John excommunicated?,['1209'],5
What is episodic memory?,"['""which attempts to capture information such as \'what\', \'when\' and \'where\'']",5
Where is Raleigh located?,['northeast central region of North Carolina'],5
Who invented the planisphere?,['Abū Rayhān al-Bīrūnī'],5
How did Gaddafi die?,"['Retreating to Sirte, Gaddafi was captured and killed by NTC militants.']",5
What is the Eurozone?,['consists of 19 EU member states and is one of the largest currency areas in the world'],5
Who governs Northwestern?,['an appointed Board of Trustees'],4
Semiochemicals come from where?,['plant metabolites'],5
Who founded Nicomedia?,['Nicomedes I'],4
When was Cabral assassinated?,['January 1973'],5
What grade was determined?,"['same criteria as usual, and not by the level of gallantry']",5
What act needed provisions?,['FD&C'],5
Where does digestion begin?,['in the mouth with the secretion of saliva and its digestive enzymes'],5
What was a naginata?,['a polearm'],5
What must Link collect?,['Tears of Light'],5
b,['b'],1
Who succeeded Nasser?,['Anwar Sadat'],4
j,['Ch'],1
Where is Portugal located?,"['Iberian Peninsula, in Southwestern Europe']",5
What is a pipe?,['a connection from the host controller to a logical entity'],5
Where is Park Place?,['along Broadway (west of Wilmot Road)'],5
What weakens cell walls?,['water stress'],5
What are mushairas?,['poetic symposia'],4
When did Cloudina exist?,['549 to 542 million years ago'],5
What is extra-pair copulation?,['infidelity'],5
What is botany?,['science of plant life'],4
Who captured Constantinople?,['Ottoman Turks'],4
When did Giotto die?,['1337'],5
How large is Punjab?,"['205,344 square kilometres (79,284 square miles)']",5
Who developed Arsphenamine?,['Paul Ehrlich and chemist Alfred Bertheim'],4
What are CMBS?,['commercial mortgage-backed securities'],4
Was the landing successful?,"['the army drove off the French force detailed to oppose their landing, captured Cherbourg,']",5
What became the dominant province ,['towards its dominant province Holland'],5
How are freenets run? ,['on a nonprofit basis'],5
What does epigenetics study?,['changes in gene function'],5
What is Hinkley point C ,"['Hinkley Point C nuclear power station is a project to construct a 3,200 MW two reactor nuclear power station']",5
What is optimal strategy?,['minimize the maximum loss for each player'],5
Why is inbreeding avoided?,['because it leads to a reduction in progeny fitness'],5
Where is Yingxiu located?,['in Wenchuan'],5
Who conquered Tansaxania?,['The Kara-Khanid Khanate'],4
v,['v'],1
Who helped the Tibetan? ,['the Kangxi Emperor'],5
Rome dominated what peninsula?,['Italian'],5
Where does absorption occur?,['in the stomach and gastrointestinal tract'],5
What is an LTRO?,['longer-term refinancing operation'],5
what is shanghai jiaotong rated ,"[""According to Shanghai Jiaotong University's university ranking in 2014 it is the 57th best university in the world""]",5
What was censored?,['drinking scenes from old movies'],4
Who replaced Youlou?,['Alphonse Massamba-Débat'],4
When was PGW founded?,['1836'],5
When was Kösem murdered?,['1651'],5
Where was Nanak born?,['Nankana Sahib'],5
What is Gaejang-guk?,['a spicy stew'],4
What does Bushido mean?,"['the ""way of the warrior""']",5
Who named the Anabaptists?,['their persecutors'],5
Who married Stratonice?,['Ariarathes III'],4
Who discovered bacteria?,['Dutch microscopist Antonie van Leeuwenhoek'],4
When did Herter die?,['1917'],5
Who developed the HDI?,['Mahbub ul Haq'],5
Who built Westminster Hall?,['William II'],5
What are CDPs?,['census-designated places'],4
Who was Johann Herder?,['German philosopher'],5
What nationality wears kilts?,['Scottish'],5
When is Carnival celebrated? ,['before Lent'],5
Who was Mellitus?,['a Bishop of London'],4
What is avidya?,['ignorance'],4
When did Peirce die?,['1914'],5
What collapsed during the tornado ,['The halt to building before construction of flying buttresses in the 15th century now proved to be the undoing of the central section of the cathedral'],5
Who was Moses?,['a great-great grandson of Jacob'],4
What company developed Prontosil?,['IG Farben'],5
Describe the Popular Revolution.,"[""formation of General People's Committees (GPCs), purported to be a system of direct democracy, but retained personal control over major decisions""]",5
How long were canals used ,"['usefulness of the canals was short-lived, though some have now been restored for recreation']",5
When was Boombots released?,['1999'],5
Who sang Medieval plainchant?,['monks'],5
When did Rukn-e-Alam die?,['1320 AD'],5
Where are Janjevci located?,['Kosovo'],5
What are vishapagorgs?,['dragon-carpets'],4
What is retroactive interference?,['when learning new information makes it harder to recall old information'],5
What is SMTP?,['Simple Mail Transfer Protocol'],4
What followed Jesus around?,['crowd of mourners'],5
What is lactase?,['an enzyme that breaks down the disaccharide lactose to its component parts'],4
Who did Kangxi fight?,['Dzungars'],5
What population has extirpated?,['red brocket deer'],5
What is Pandeism?,['why God would create a universe and then abandon it'],4
What are lophophores?,['fan-like feeding structures'],4
What is WINEP?,['The Washington Institute for Near East Policy'],4
What are pneumatic cavities?,['large air-filled cavities'],5
Where was Malacca?,['Malaysia'],4
Why was COBOL created?,['Interest in a standard'],5
Who created Minecraft?,"['Markus ""Notch"" Persson']",4
Are basic antennas expensive?,['relatively inexpensive'],5
What is a SSBI?,['Single Scope Background Investigations'],5
Where was the epicenter?,"['Wenchuan County, Ngawa Tibetan and Qiang Autonomous Prefecture']",5
Who developed EMALS?,['General Atomics'],4
What does Preto mean?,['(black)'],5
Which letters remain distinct?,['/a u i/'],5
What is Kinect?,['motion capture camera'],4
Who won season two?,['Ruben Studdard'],5
Who created American Idol? ,['Simon Fuller'],5
What is chemical digestion?,['enzymes break down food into the small molecules the body can use'],5
What is Chrysomelidae?,['leaf beetles'],4
Where is Summerhaven?,['Near the top of Mt. Lemmon'],4
Who wrote Argonautica?,['Apollonius of Rhodes'],4
Friday is considered what?,['short day'],5
How was Neptune found? ,['mathematical prediction'],5
Who conducts SSBIs?,['Office of Personnel Management'],4
What is the Rodoviária?,['bus station'],5
Name a parasitic ectosymbiont.,['lice'],5
When is ghosting reduced?,['horizontal polarization'],5
What is transpiration?,['the transport of water within plant tissues'],4
What states border Florida ,"['to the west by the Gulf of Mexico, to the north by Alabama and Georgia, to the east by the Atlantic Ocean, and to the south by the Straits of Florida']",4
Who is Rachel Cain?,['co-founder of an influential Trax Records'],5
What treaty was signed?,['Guadalupe Hidalgo'],5
Where are Boduli located?,['Adriatic islands'],5
What does autarky mean?,['self-sufficiency'],5
What is pterylae?,['specific tracts of skin'],4
What does Ganondorf crush?,"[""Midna's helmet""]",5
What league can compete?,['Premier League and Football League'],5
What contributes to endangerment?,['excessive hunting'],5
When did Napoleon graduate?,['September 1785'],5
Who surpassed ASCII?,['UTF-8'],4
Where is CESLA located?,['Neuilly-sur-Seine'],5
What is NESA?,['an educational institution of the United States Department of Defense'],4
When did Tito die?,['1980'],5
What is paraplegia?,['loss of sensation and voluntary motor control'],4
And its southernmost?,['Baixa Limia-Serra do Xurés'],4
What is KFOR?,['a NATO-led international force in Kosovo'],4
Who was the mountain-god?,['Tmolus'],5
Who died in 1870?,['Melville'],5
Who designed MP3?,['Moving Picture Experts Group'],4
What are fermatas?,['held notes'],4
What were stronghold called?,['grόd'],5
What diminished after 1980?,['anti-Catholic sentiment'],5
What are private affiliates?,['stations which are owned by commercial broadcasters but predominantly incorporate CBC programming within their schedules'],5
Where are opto-isolators found?,['medical equipment'],5
Who wrote the Brihat-Samhita?,['Varahamihira'],5
What is a genotype?,['particular set of genes'],5
Who directed 'Batman'?,['Tim Burton'],5
Who won the election?,['João Bernardo Vieira'],5
Who released Mosaic?,['Marc Andreessen'],4
Who discovered X-Rays?,['Wilhelm Conrad Röntgen'],4
When was MASHAV established?,['1958'],5
When was Epistolae published?,['1470'],5
What particularly interested Broca?,['the pathology of speech'],5
Where did Seminole Indians raid ,['Seminole Indians based in East Florida began raiding Georgia settlements'],5
Which army withdrew?,['the Russians withdrew'],4
Who created the CTAG?,"['Linards Grantiņš, Raimonds Bitenieks, and Mārtiņš Bariss.']",5
When was Hyderabad founded?,['1591'],5
What religion was Kino?,['Jesuit'],5
What culture annexed Egypt?,['Rome'],5
Why are assistants used?,['help load shotguns'],5
When was MDNA released?,['March 2012'],5
What does Trimountaine mean?,['three mountains'],5
Where are Vlaji located?,['hinterland of Dalmatia'],5
Who discovered nuclear fission?,['Otto Hahn and Fritz Strassmann'],5
Who owns Paramount?,['Viacom'],4
When was the shooting?,['2 March 1882'],5
Which vowel remains distinct?,['/i/'],5
Who founded Ann Arbor?,['John Allen and Elisha Walker Rumsey'],5
Who saves Midna?,['Zelda'],4
Where is Dushanbe located?,['on the southern slopes above the Kofarnihon valley'],5
Who was Saint Nicholas?,['the Greek Christian Bishop of Myra'],5
What is evapotranspiration?,['net loss of water'],4
What is an ogonek? ,['a dot above'],5
What is digestion?,['the breakdown of large insoluble food molecules into small water-soluble food molecules so that they can be absorbed into the watery blood plasma'],4
 What is Standard A17.1?,['Safety Code for Elevators and Escalators'],5
Who killed the Shakyas?,['Virudhaka'],5
What are Parskahay?,['Armenians who originate from Iran'],4
When was Heine born?,['1797'],5
When did Nasser die?,['28 September 1970'],5
What mostly affects polarization?,['Reflections'],5
What are cadre parties?,['political elites that were concerned with contesting elections and restricted the influence of outsiders'],5
Who founded algebraic topology?,['Henri Poincaré'],5
Who crowned Napoleon Emperor?,['Pope Pius VII'],5
What is hawala?,['money transfer services'],4
What is diarrhea?,['the condition of having at least three loose or liquid bowel movements each day'],4
Who produced American Idol?,['19 Entertainment'],5
What is proactive interference?,['where prior learning disrupts recall of new information'],5
What party was Hillquit?,['Socialist'],5
What is shariah?,['Islamic law'],4
What did many investigate ,['many of them investigated resource recovery or processing technologies for excreta or fecal sludge.'],4
Where is Saaremaa located?,['the Baltic Sea'],5
What happened to airfields?,['Airfields became water-logged'],5
When were nociceptors discovered?,['2003'],5
What are middle powers?,"['those nations which exercise a degree of global influence, but are insufficient to be decisive on international affairs']",5
Who pioneered parsimony?,['William of Ockham'],4
What compliments the challenge ,['This challenge is being complemented by another investment program to develop new technologies for improved pit latrine emptying'],4
"What supports 48,027 characters?",['the official national encoding standard'],5
Who confirmed the dpon-chen?,['Mongol emperor'],5
What is reverse migration?,['where the genetic programming of young birds fails to work properly'],5
Who advanced Greek Science?,['the mathematician Euclid and the polymath Archimedes'],5
What did hatamoto mean?,['bannerman'],5
Where is Glatz,"['Glatz (now Kłodzko, Poland) in Silesia']",3
What groups remain today? ,"['Royal Estudiantina la Napolitaine (founded in 1904) in Antwerp, Brasschaats mandoline orkest in Brasschaat and an orchestra in Mons (Bergen).']",5
k,['ks'],1
Who ruled Kashgaria?,['Yaqub Beg'],4
Who created OpenType?,['Adobe and Microsoft'],4
When was Kingsbridge built?,['1693'],5
What do POTS do?,['convert the digital pulses to/from analog waves'],5
When did Poitou depart?,['1206'],5
STC stands for what?,['Somali Telecommunication Company'],5
When was Elio killed?,['1822'],5
Who was his deputy?,['P. J. Escalante'],5
Who argeed with Dershowitz?,['Irwin Cotler'],5
What does Tajikistan mean?,"['""Land of the Tajiks""']",5
What is an Etsudiantinas? ,['mandolin orchestras'],5
What are oxidizers?,['acceptors of electrons'],4
Which continent contains Tibet?,['Asia'],5
renovations are causing what changes ,"[""large scale renovation and construction works at the railway station, the station's bus stops are changing frequently""]",5
What are areoles?,['pad-like structures'],4
Who was Saint Valentine?,['a Roman Catholic Bishop or priest'],5
What did the Colonist cultivate ,"['the cultivation of sugar cane, indigo and fruits as well the export of lumber']",5
Is Canada bilingual?,['United States never developed bilingualism as Canada did.'],4
When did Gaillard fall?,['March 1204'],5
Who defines informal learning?,['Organisation for Economic Co-operation and Development (OECD)'],5
Who settled near the fort ,"[""Near the fort settlements would grow housing artisans, traders and soldiers' wives and children""]",5
Who starred in 'Savage'/,['Martin Landau'],4
What protected the abbey?,['ties to the state during the Commonwealth'],5
What airport serves Melbourne?,['Melbourne Airport (also called Tullamarine Airport)'],5
When was Boston founded?,['1630'],5
Who sets database access?,['special authorized (by the database owner) personnel'],5
what does vipaka mean?,['result'],5
What is Portuguese pavement?,['two-tone stone mosaic paving'],5
"Define ""lectio brevior""",['shorter reading'],5
What is post-punk?,['heterogeneous type of rock music'],4
Who published Systema Naturae?,['Linnaeus'],5
When was Cilicia founded?,['6 January 1198'],5
Name a Jewish newspaper?,['The Jewish Exponent'],5
Where is Heller Theatre?,['Tulsa'],5
Who wrote Carmen?,"[""Georges Bizet's""]",4
What is La Encantada?,['upscale outdoor shopping mall'],5
Who is Jensen Harris?,['Microsoft developer'],5
When did Cassander die?,['298 BCE'],5
Who was a doctor?,['Charles Eastman'],5
Who married Sacagewea?,['French trapper Toussaint Charbonneau'],4
What is secretory diarrhea?,"['an increase in the active secretion, or there is an inhibition of absorption']",5
Who captured Atlanta?,['William T. Sherman'],4
What is intrastate federalism?,['is to directly represent the governments of component states in federal political institutions'],5
Why do humans hunt?,"['food, recreation, to remove predators']",5
What are Hamshenis?,['ethnic Armenian Muslims'],4
Who supported Beg?,['British'],4
What does Theotokos mean?,['Mother of God'],5
What are parapodia?,['unjointed paired extensions of the body wall'],4
What promotes stereotypes?,['use of racial categories'],4
What causes genetic pollution?,['either a numerical and/or fitness advantage of an introduced species'],5
What was superfluous ,"['As with other counties not ending in ""shire,"" the suffix was superfluous, as there was no need to differentiate between the county and a town']",3
What country initiated conflict?,['the French opened the campaign against the British by an attack on Minorca'],5
Who was Josiah Wedgewood?,['entrepreneurs'],5
What is not required?,['strict regularity'],5
Who launched  Sputnik 1?,['the Soviet Union.'],5
When was JFK shot?,['1963'],5
Why is glass annealed?,['to prevent breakage'],5
What did NADGE become?,['the NATO Integrated Air Defence System'],5
Who can veto Parliament?,['The Guardian Council'],5
When was Peirce born?,['1839'],5
Where was John Rolfe?,['Colonial America'],5
How is Selenizza shipped?,['bags'],5
What doe nidana mean?,"['cause, foundation, source or origin']",5
When was Brasilia inaugurated?,"['April 21, 1960']",5
What does Polyphonic mean? ,['multi-voiced'],5
What ultimately determined nobility?,['hereditary juridical status'],5
What are immunoassays?,['Complex serological techniques'],4
What is anting?,['bird encourages ants to run through their plumage'],4
Why did Morse retire?,['to become Under-Secretary-General for Political and General Assembly Affairs at the United Nations'],5
What does mulatto mean?,['visible European ancestry in addition to African'],5
Who captured Richard?,['Duke of Austria'],4
Where was Calvin criticized?,['Geneva'],5
What language is parl?,['Balearic'],5
When did Bluey die?,['1939'],5
What is 'haecceity'?,"['unique individuality or ""thisness""']",5
What happened to Idris?,['Idris was sentenced to execution in absentia.'],5
What are free ISPs?,['Internet service providers that provide service free of charge'],5
What is phenomenalism?,"['physical objects, properties, events (whatever is physical) are reducible to mental objects, properties, events']",4
What does mauron mean?,['black'],5
Who vanquished Bagratid Armenia?,['the Byzantine Empire'],5
Who establishes leadership PACs?,['Minority leaders'],5
What is charms?,['A vertical toolbar'],4
German name for knight?,['Ritter'],5
How are ogives formed?,"['when ice from an icefall is severely broken up, increasing ablation surface area during summer']",5
What did Montgelas study?,['law'],5
Who discovered Neptune? ,['Alexis Bouvard'],4
Who does Midna teleport?,['Link and Zelda'],5
Who captured Demetrius?,['Seleucus'],4
What is the STA?,['Somali Telecommunication Association'],5
When did Salvadorans flee ,['Salvadorans fled their country and came to the United States. Between 1980 and 1990'],4
What releases estrogen?,['the ovaries'],4
What varies greatly?,['The use of traditional Chinese characters versus simplified Chinese characters'],4
When was Lancashire established?,['1182'],5
Who was Dionysus?,['a mystical theologian'],4
What is magnetoception?,['the ability to detect magnetic fields'],4
Where is tritium produced?,['nuclear reactors'],5
What does WHO recommend?,['a child with diarrhea continue to be fed'],5
Who succeeded Sam Nujoma?,['Hifikepunye Pohamba'],5
What is 238U?,['Depleted uranium'],4
Which body regulated communications?,['Ministère des Postes and Télécommunications et des Nouvelles Technologies'],5
What family was Charles ,"['Charles ""Lucky"" Luciano and former Chicago South Side Gang boss Johnny ""the Fox"" Torrio']",4
Who found mass graves?,['Zianon Pazniak'],5
What book discusses bardo?,['Samyutta Nikaya'],5
What do paleopathologists study?,['occurrences of injuries and illness in extinct life forms'],5
Why was he investigated?,['crime of inciting subversion'],5
What does Alfranj mean?,['European Christian Crusaders'],5
What is Doordarshan?,['state-owned television broadcaster'],4
Who wrote Robinson Crusoe?,['Daniel Defoe'],5
What tempers the Florida Climate ,['somewhat by the fact that no part of the state is distant from the ocean'],5
Who wrote Epistolae?,['Gasparinus de Bergamo'],4
Who ruled Nri?,['the Eze Nri'],4
What does Darwinism promote?,['the theory of natural selection.'],5
When does infection begin?,"['when an organism successfully enters the body, grows and multiplies.']",5
Who succeeded Antimachus II?,['Menander I'],5
Why is peering used? ,"['data that would otherwise have passed through a third upstream ISP, incurring charges from the upstream ISP']",5
What is the Siddur?,['prayer book'],5
What is Numaish?,['annual exhibition of local and national consumer products'],4
When did Aryabhata live?,['476-550'],5
When was NESticle released?,"['April 3, 1997']",5
Who tried to convert Frisians,['English and Irish missionaries set out to convert the Frisians'],5
Where are Emus from?,['Australia'],5
Where is chattista performed?,['traditional feasts and celebrations'],5
What makes Neptune blue? ,['methane'],5
Who controlled the government?,['Sudanese Arabs'],5
What area is PDO ,['Cheddar cheese—some of which has the West Country Farmhouse Cheddar Protected Designation of Origin (PDO).'],4
When did Gorbachev resign?,"['December 25, 1991']",5
How accountable is Interpol?,['22%'],5
Where was Polybius from?,['Megalopolis'],5
What is tremolo?,['rapid picking of one or more pairs of strings'],4
Have the policies been criticized ,['but some studies indicate they have not improved educational outcomes and may have caused harm'],5
When was Nanjing extended?,['211 AD'],5
What region was seized ,['The Veluwe region was seized by Guelders'],4
Who marketed epinephrine?,['Parke Davis'],4
Who were spiritual intermediates? ,['Religious officials'],5
What are child creuseurs?,"['they dig the ore by hand, carry sacks of ores on their backs']",5
Who has invaded Punjab?,"['Greeks, Kushans, Scythians, Turks, and Afghans']",5
When was Brasilia founded?,"['April 21, 1960']",5
What was signed in 1579 ,"['the northern seven provinces signed the Union of Utrecht, in which they decided to join forces against Spanish rule']",5
Where is Guinea-Bissau located?,['West Africa'],5
Did that ever happen? ,['inaugural winners Wanderers achieved this feat by the 1876 final'],5
Who is Jim Walter?,['director of threat intelligence operations at security technology company McAfee'],5
What is highly labile?,['Migration in birds'],5
What is solar power?,['conversion of sunlight into electricity'],5
Who did Victoria marry?,['Prince Albert'],5
Where was Spielberg born?,"['Cincinnati, Ohio']",5
When is Guinea-Bissau warm?,['all year around'],5
What is SNR?,['signal to noise ratio'],4
Where did it open?,['Walt Disney World'],5
Who is Irene?,['scanning machine for disc records'],4
What are gendarmerie?,['military units charged with civil policing'],4
Who co-hosted American Idol?,['Ryan Seacrest and Brian Dunkleman'],5
Why did Rice withdraw?,['a politicized confirmation process following criticism of her response to the 2012 Benghazi attack'],5
What is Ciudad Satelite?,['a vast middle to upper-middle-class residential and business area.'],5
Who administers formal discipline?,['congregation elders'],5
Who produced Fantasia?,['Walt Disney'],4
What is pollarding ,"['The willow was harvested using a traditional method of pollarding, where a tree would be cut back to the main stem']",3
Where is Emosson located?,"['Valais, Switzerland']",5
When was Pyongyang captured?,['October 1950'],5
Name its political capital.,['Santiago de Compostela'],5
What industry was targeted ,['Medical/Bio-Sciences'],4
What percentage read it?,['68'],5
What accompanies a transient?,['quantization noise'],5
What does schlacht mean?,['battle'],5
When did Russell die?,"['October 31, 1916']",5
What does China mean?,['Middle Kingdom'],5
Who commanded the army?,['the stadtholder'],5
Where did Yueju originate?,['Shengzhou'],5
Where were hospices established? ,['the summits of many of the main passes'],5
Who discovered Mevastatin?,['Akira Endo'],4
When was secretprojectrevolution released?,"['September 24, 2013']",5
Who questioned Nasser?,['Prime Minister Ibrahim Abdel'],4
What classification are given?,['socio-political constructs'],5
who provides cloud services?,['Internet hosting services'],5
What is kampong ,"['Kampong, the largest (amateur) sportsclub in the Netherlands (4,500 members)']",3
What does federalism allow?,['it allows certain groups to legislate at the subnational level'],5
Who proposed this theory?,['Fresnel coefficients'],5
What is the IST?,['Information Support Team'],5
When was Euclid born?,['325'],5
What style is Gothic?,['pan-European'],5
What did okugatasama mean?,['one who remains in the home'],5
What is lountza?,['smoked pork loin'],4
Where did Buddhism spread?,['Asia'],5
When was Nanking captured?,['December 1937'],5
What does Ghode mean?,['horse'],5
What do metanephridia remove?,['soluble waste products'],5
Did Athanasius speak Greek?,['knew Greek'],5
Who bought FleetBoston Financial?,['Bank of America'],5
Who dismissed the allegations?,['European Cocoa Association'],5
What compound is UF6?,['uranium hexafluoride'],5
What must be decompressed? ,['compressed data'],5
How was Elio executed?,['by garroting'],5
Who replaced President Trochu?,['Favre'],5
What does this eliminate?,['bacterial infection'],5
What is materialism?,['a form of philosophical monism'],4
Who wrote The  Prince?,['Niccolò Machiavelli'],5
Who controls Wake Island?,['the United States'],5
Where is Saalbach located? ,['Austria'],5
What has many homophones?,['Modern Chinese'],5
Whos power was curbed?,['magnates'],5
What can devices request?,['higher currents and supply voltages from compliant hosts'],5
Where was Napoleon born?,['Corsica'],5
Who makes party policy?,"[""almost entirely by the parliamentary parties, not by the party's rank-and-file members""]",5
Who killed Ali?,['Kharijite partisan'],4
Where was Leto worshipped?,['Asia Minor'],5
Name a biotrophic organism.,['a tick'],5
Who organized the flotilla?,['IHH'],5
What does 50i mean?,['25 interlaced frames per second'],5
What does NESA Teach?,['It teaches courses and holds seminars and workshops'],5
What was MAD?,['mutual assured destruction'],4
Who is Tony Mangefeste?,['Microsoft developer'],5
What was reinstated in 1853 ,"['the Dutch government allowed the bishopric of Utrecht to be reinstated by Rome, and Utrecht became the centre of Dutch Catholicism']",5
Street lights help reduce?,['urban crime.'],5
When did Japan surrender?,['2 September 1945'],5
When did Derby resign?,['1868'],5
When was Mercy adopted?,['June 2009'],5
Who uses the NIBRS?,['the United States'],5
When did Dewey die?,['1952'],5
FLNG technology faciliates what?,['the exploitation of untapped natural gas reserves located in remote areas'],5
What models have been delivered,"['delivery models at scale, urban sanitation markets, building demand for sanitation, measurement and evaluation as well as policy, advocacy and communications']",5
What eliminated comparability?,['modified semi-Scheiner-based systems'],4
Who bought RCA?,['Ge'],4
What are phrynges?,['throats'],4
How does bacteria reproduce?,['through binary fission'],5
What is the UNSCOP?,['United Nations Special Committee on Palestine'],5
Who are the Siddi?,['an ethnic group inhabiting India and Pakistan'],5
When was Mario born?,['1968'],5
What are the pathogenes?,['bacteria form a parasitic association with other organisms'],5
Who demoted Emperor Shao?,['Dong Zhuo'],5
How are oaths taken?,['on a Volume of Sacred Law'],5
Who created Graphite? ,['SIL International'],4
What is pantheism?,['God is the universe'],4
When was Chrome released?,['September 2008'],5
What does anthophyta mean?,['flowering plants'],5
When was Bushido formalized?,['before the Edo Period'],5
What releases testosterone?,['The testes'],4
dd,['Buddhism'],1
Who were the rioters?,['young men'],5
What is the Sangha?,['the Buddhist community'],5
What predicts glass-forming ability?,['rigidity theory'],5
What was considered unreliable?,['Airborne Interception radar'],5
What is lavash?,['Armenian flat bread'],4
What is the IrDA?,['the Infrared Data Association'],5
What was Izvestiya?,['Russian newspaper'],4
Where did Hokkein originate?,['Quanzhou'],5
Who was appointed justiciar?,['Peter des Roches'],5
What is Vernissage?,['arts and crafts market'],4
Where is tracheae located?,['the body cavity'],5
What does tars mean?,"['fear, respect']",5
What was project Lantern exploring ,['the IJM was exploring opportunities to replicate the model in other regions.'],5
Who is Charles-Louis Clerisseau?,"['Capitol building, was designed by']",5
What is BRT?,['the Turkish Cypriot equivalent to the Cyprus Broadcasting Corporation'],4
What ocean surrounds Antarctica?,['Southern Ocean'],5
What does peering allow? ,"['routing of data between each network, without charging one another for the data transmitted']",5
Who conquered Kangara?,['Mahmud Ghaznavi'],4
What are pili?,['cellular appendages'],4
Who replaced Liniers?,['Baltasar Hidalgo de Cisneros'],4
Which individual commissioned Chaminar?,['Muhammad Quli Qutb'],5
What is redlining?,['a reduction in the real-estate listings and property-related financial services (such as mortgage loans or insurance policies) offered in some areas'],4
What did Nachmanides write?,"['""If the gentiles wish to make peace, we shall make peace and leave them on clear terms']",5
Where did Hokkien originate?,['southern Fujian.'],5
"Define ""lectio difficilior""",['more difficult reading'],5
What limits excessive torque?,['magnetic core saturation or safe operating temperature rise and voltage'],5
Which birds drum territorially?,['woodpeckers'],5
Where have moraines accumulated?,"['at edges, center and the terminus of glaciers.']",5
What distinguishes Russian dialects?,"['non-standard features of pronunciation and intonation, vocabulary and grammar']",5
What are roche moutonnee?,"['elongated, rounded, and asymmetrical bedrock knobs that can be produced by glacier erosion']",5
What does dharmas mean?,['phenomena'],5
What is Norbulingka?,['former summer residence of the Dalai Lama'],4
Which party was anti-slavery?,['Democratic Party'],5
Aristotle introduced what theory?,['empiricism'],5
Who founded the PASOK?,['Andreas Papandreou'],5
Who led the Qing?,['Yuan Shikai'],5
What are snowbirds ,"['white liberals from the northeastern United States, known colloquially as ""snowbirds']",3
Who founded al-Qarawiyin University?,['Fatima al-Fihri'],5
Who denounced many nobles?,['Hieronim Nekanda Trepka'],5
When was Yale founded?,['1701'],5
What league freed Corinth?,['Achean'],5
Who was excluded?,['blacks'],4
Why did this occur?,['two bills of the same title had originated from the house'],5
Where did Lutheranism begin?,['Germany'],5
Who founded the NFSL?,['Mohammed Magariaf'],5
Who did the NEC expel ,['activists and the two MPs who supported the group.'],5
Who was imprisoned?,['Eleanor'],4
Who adjusted the song?,['Karlheinz Brandenburg'],5
What are riwaaydo?,['popular musicals'],4
what is  vacuum fluctuation?,['virtual particles that hop into and out of existence'],5
What is SkyDrive?,['cloud storage service'],4
What color is chlorophyll?,['blue-green'],5
Which emperor followed Shunzhi?,['Kangxi'],5
Madonna collects whose painting?,['Tamara de Lempicka'],5
What is the DVB?,"['an alliance of broadcasters, consumer electronics manufacturers and regulatory bodies']",5
What created Serbia?,['the Serbian Revolution'],4
What is High Education?,['follows the completion of a school such as a high school'],5
Where do pipes correspond?,['1-to-1 to endpoints'],5
What causes diarrhea?,['disruption of the species composition in the intestinal flora'],4
What is a PoP?,['point of presence'],5
Who sang medieval plainchant?,['monks'],5
What began in 1254 ,['The construction of the present Gothic building was begun in 1254 after an earlier romanesque construction had been badly damaged by fire'],4
How do digimon evolve?,['Digimental'],5
What hardens glass-ceramics?,['heat treatment'],4
Who appoints a judge?,['the president'],5
When did Uthman die?,['656'],5
What shape Spirochaetes are?,['tightly coiled'],5
Who did Machiavelli disdain?,['writers on politics who judged everything in comparison to mental ideals'],5
How large is Switzerland?,"['41,285 square kilometres (15,940 sq mi)']",5
Who resigned in 1868?,['Derby'],5
What was building considered?,['a craft'],5
Who designed Branch House?,['John Russell Pope'],5
Who discovered M. tuberculosis?,['Robert Koch'],5
Who established the AVL?,['Valencian parliament'],5
d,['the Gre'],1
Where did Cædmon live?,['Whitby'],5
Who excavated ancient Ur?,['Leonard Woolley'],5
What is a gene?,['a locus (or region) of DNA that encodes a functional RNA or protein product'],5
Name a smaller newspaper?,['Philadelphia Tribune'],5
Who created KOI8-R encoding?,['the Soviet government'],5
Where is Tlatelolco located?,['north-central Mexico City'],5
Who first ran Manchuria?,['military generals'],5
What about inland?,['Ourense'],4
When was Urartu created?,['860 BC'],5
Who secured southern Lebanon?,['Israel'],5
What was the emblem?,"['two crossed silver oak leaves on the same riband, ribbon or bow as the badge']",5
What is yeovilton home to ,"[""The Royal Naval Air Station in Yeovilton, is one of Britain's two active Fleet Air Arm bases and is home to the Royal Navy's Lynx helicopters""]",5
When will they meet?,['September 2015'],5
What does vastenavond mean?,['the days before fasting'],5
Why was John motivated?,['potential of the royal legal process to raise fees'],5
Where were the black?,['Africa'],5
Who personally influences Beyonce?,['Michelle Obama'],5
What is I-696 called?,['Reuther Freeway'],5
Who argued against regulators?,['Ben Goldacre'],5
Who revolted in 1824?,['washer-women'],5
Which character tortures Bond?,['Blofeld'],5
Who discovered Hydralazine?,['researchers at Ciba'],4
Who founded Eastern Wu?,['Sun Quan'],5
Who invented track lighting?,['Lightolier'],5
Who killed Andragoras?,['Arsaces'],4
What are Bacteriophages?,['viruses that infect bacteria'],4
Who was Wilhelm I?,['head of a union of German-speaking states'],5
What class were samurais?,['middle and upper echelons of the warrior class'],5
What is crop milk?,['a nutritive fluid'],5
dd,['m and E'],1
Who visits Nankana Sahib?,['Sikh pilgrims'],5
What were the Reduit?,"['strong, well-stockpiled positions high in the Alps']",5
Who became the President?,['Yuan'],5
What happened to Napster?,['shut down and later sold'],5
What do neuroanatomists study?,['the large-scale structure of the brain'],5
How is wisdom defined?,['capacity for insight and judgment that is developed through experience'],5
What was Miller citing?,"['the ""collective wisdom"" of Europe']",5
What are commonly used?,['Regular script typefaces'],5
What is the NAB?,['National Association of Broadcasters'],5
Where are teeth found?,['in the jaws (or mouths)'],5
Who did Victoria marry?,['Prince Albert of Saxe-Coburg and Gotha'],5
Who defeated Philip?,['Titus Quinctius Flamininus'],4
How many children worked?,['virtually all'],5
Is there seeding?,"['There is no seeding,']",4
What is a QCD?,"['vacuum of quantum chromodynamics,']",5
What countries have received grants ,"['universities in the U.S., Europe, India, China and South Africa, have received grants to develop innovative on-site and off-site waste treatment solutions']",5
Who invaded Estonia?,['Soviet Union'],4
What are contracts?,['collection of hooks to provide common functionality that can integrate with other apps'],4
When did Spain invade?,"['Spain, bound by the Pacte de Famille, intervened on behalf of France and together they launched a disastrous invasion of Portugal in 1762']",5
What is a proctodaeum?,['the hindgut'],5
Who operate league systems?,['governing bodies'],5
What are castros?,['hill forts'],4
Himachal is?,"['multireligional, multicultural as well as multilingual state like other Indian states']",3
dd,['yptian Se'],1
How did Nasser die?,['heart attack'],5
What happened in 1975-1982?,['Spanish transition to democracy'],5
Who invaded China?,"['A coalition of European, Japanese, and Russian armies']",4
What is copra?,['dried coconut meat'],4
What could epinephrine treat?,['nasal congestion'],5
What do auxins do?,['promotes cell growth'],5
What is federalism?,"[""mode of government, combining a general government (the central or 'federal' government) with regional governments""]",4
The second truth is?,['the origin of dukkha can be known'],5
What is palatalization?,['the center of the tongue is raised during and after the articulation of the consonant'],4
What are bhattis?,['alcohol serving eateries'],4
What is external evidence?,"['evidence of each physical witness, its date, source, and relationship to other known witnesses.']",5
where does T5 run?,['Saint-Denis to Garges-Sarcelles'],5
Who revolutionized modern Russian?,['Alexander Pushkin'],5
What is Hokkien?,"['a group of mutually intelligible Min Nan Chinese dialects spoken throughout Southeast Asia, Taiwan, and by many other overseas Chinese.']",4
When did Smith die?,['May 1994'],5
Who succeeded King Farouk?,['his son Fuad'],5
What governs the ECB?,['European law'],5
Where are Istrijani located?,['westernmost Croatia'],5
How are judges appointed?,['elected by the voters'],5
How do penguins migrate?,['by swimming'],5
Vaccinations programs encouraged what ,"['discourage patients from discussing – ailments that the vaccinations cannot prevent"".']",4
Who are these women?,['head of the G7 in Germany'],5
What did Vogue request?,['natural pictures be used'],5
When was Vieira killed?,['2 March 2009'],5
What is paklava?,['a popular dessert made from filo dough'],4
What is Belgian Federalism? ,['the federal system passed in the parliaments of Wallonia and Brussels.'],5
What are urs?,['fairs held at the shrines of Sufi saints'],4
What are the Paisos Catalans,['Catalan Countries'],5
What is the florida climate ,['The climate varies from subtropical in the north to tropical in the south'],5
What are Poes?,['enemy ghosts'],4
What did Oda mean?,['a clan or family name'],5
What are ogives?,['alternating wave crests and valleys that appear as dark and light bands of ice on glacier surfaces'],4
Who is Akira Kurosawa? ,['One of Japan’s most renowned directors'],5
What are bombillas?,['(drinking straws'],4
Where is Carnival celebrated? ,['In all major cities and many towns throughout the country'],5
In 1674 what hit Utrecht ,['the centre of Utrecht was struck by a tornado'],5
What do these efforts include,['including support for teacher evaluations and charter schools and opposition to seniority-based layoffs'],5
What replaced false beliefs?,['true theories'],5
What does kleptocracy mean?,['rule by thieves'],5
What connects the dungeons?,['overworld'],5
When did Columbanus die?,['615'],5
Israel withdrew from where?,['Sinai Peninsula'],5
Where is Mount Tangjia?,"['Beichuan County, Sichuan']",5
When was Crystal hospitalized?,['top 20 week'],5
Where were they?,['Sudan'],4
What access is blocked?,"['access is blocked to local and foreign websites including avesta.tj, Tjknews.com, ferghana.ru, centrasia.ru']",5
When did Kexi retire?,['1673'],5
When Catalan reach Sardinia?,['14th century'],5
Both organizations withdrew what?,['their staff'],5
What cause glacial stiations?,['large boulders that carve long scratches in the bedrock'],5
What is stare decisis?,['the act of deciding a case becomes a limited form of lawmaking in itself'],5
Theravada means what?,['The School of the Elders'],4
Which house acquitted Hastings?,['House of Lords'],5
When was Madonna born?,"['August 16, 1958']",5
How many countries donated?,['19 countries'],5
What is jupiter?,['new application framework for Windows 8'],4
Did he understand Hebrew?,['not knowing Hebrew'],5
What is q-glass?,['an isotropic non-crystalline metallic phase'],4
Who favored mathematics?,['Grosseteste'],4
What is a cirque?,['The area in which a glacier forms'],5
What frames Midtown Raleigh?,"['Glenwood/Creedmoor Road to the West, Wake Forest Road to the East, and Millbrook Road']",5
Who imported Chinese laborers?,['white planters'],5
When did Hume die?,['1776'],5
Who defeated Ptolemy?,['Antiochus'],4
Where was Arthur imprisoned?,['Falaise'],5
Who raided German territories regularly ,['Germanic tribes regularly invaded the Roman territories.'],5
Which empires seperated Armenia?,['Ottoman Empire and Safavid Empire'],5
What is Xenodiagnosis?,['use of a vector to support the growth of an infectious agent'],4
How many municipalities?,['315'],4
Who won the war?,['The Bolsheviks'],5
What has vertical polarization?,['Monopoles'],5
What term means awakening?,['nirvana'],5
Who was Eduard Lasker?,['a prominent German nationalist figure who promoted the unification of Germany in the mid-19th century'],5
What do detritivores eat?,['dead organic material'],5
Who created Safari?,['Apple'],4
Who did Pinochet overthrow?,['Allende'],5
Name another race in florida ,['Daytona also has the Coke Zero 400 NASCAR race weekend around Independence Day in July'],5
What does caboclos mean?,['mestizos'],5
Who then succeeded George?,['An obscure presbyter of the name of Pistus'],5
When are urs held?,['the death anniversary of the saint'],5
What was Zeng Guofan?,['Xiang Army'],5
Aspiration alters with what?,['place of articulation'],5
Who was elected Secretary?,['Ramsay MacDonald'],5
What is Canis familiaris?,['domestic dog'],5
How many people died?,"['69,197']",5
What is a variorum?,['The collation of all known variants of a text'],5
When was BeiDou-1A launched?,['20 December 2000'],5
Was the cathedral finished ,['the age of the great cathedrals had come to an end and declining finances prevented the ambitious project from being finished'],4
Who is Frank Shuman?,"['a U.S. inventor, engineer and solar energy pioneer']",5
Who discovered mevastatin?,['Akira Endo'],4
When was he beatified?,['3 September 2000'],5
What is Joara?,['a regional chiefdom'],4
Insects can sense what?,['sounds'],5
Who founded Taxila?,['son of Taksh the son Bharat who was the brother of Ram'],4
How are stops distinguished?,['voicing'],5
Where is PLASA based?,['UK'],5
When was Gaddafi born?,"[""Gaddafi's date of birth is not known with certainty, and sources have set it in 1942 or in the spring of 1943""]",5
What is Karma?,['the force that drives saṃsāra'],4
What is ARP?,['Air Raid Precautions'],4
Who replaced Abdul?,['Ellen DeGeneres'],4
What is pharmaceutical fraud?,['deceptions which bring financial gain to a pharmaceutical company'],5
How did Boganda die?,['a plane crash'],5
Who designed this cannon?,['John M. Browning'],5
Where was Bell buried?,['atop Beinn Bhreagh mountain'],5
Who founded Bern?,"['Berthold V, Duke of Zähringen']",4
What are gametes?,['germ cells'],4
What is DIS?,['a fusion of the literature of both developmental and intervention sciences'],4
Who wrote Muhayyelât?,['Giritli Ali Aziz Efendi'],4
What is a koofiyad?,['an embroidered fez'],5
What does Mahayana mean?,['the Great Vehicle'],5
Name three painters?,['Four Wangs and the individualists Bada Shanren (1626–1705) and Shitao (1641–1707)'],4
What happens during refining?,['removal of bubbles'],5
What was a dpon-chen?,['great administrator'],5
When was Sanjaya eliminated? ,['April 18'],5
Who tipped of Bulger?,['his former FBI handler'],5
How is Nirvana attained?,['by practicing the Noble Eightfold Path'],5
What are morphemes?,"['""units of meaning""']",4
When is the final?,['May'],5
What is the syrinx?,['a muscular chamber incorporating multiple tympanic membranes'],5
What is RNA?,['a second type of nucleic acid that is very similar to DNA'],4
Where is Zayed University?,['United Arab Emirates'],5
Who created Photo CDs?,['Kodak'],5
What is contract law?,['obligations established by agreement (express or implied) between private parties'],5
Who developed the ISA?,['Weinreich'],5
Who built the organ?,['Harrison & Harrison'],5
What is a tawaif?,['courtesans'],5
Slavic mercenaries settled where?,['Slavic mercenaries fighting for the Byzantines and Arabs settled Asia Minor and even as far as Syria.'],5
What are prokaryotes?,['bacteria and archaea'],4
Who is Tadaklan?,['god of thunder'],4
How did Wever die?,['air crash'],5
Who established Lane Crawford? ,['Scots Thomas Ash Lane and Ninian Crawford'],5
Where is Bern located?,['the Swiss plateau in the Canton of Bern'],5
When did eyeglasses originate?,['late Middle Ages'],5
Where was Goa?,['India'],4
When was Buddha alive?,['between the 6th and 4th centuries BCE'],5
What does Bodhisattva mean?,['enlightenment being'],5
Where was ENIAC located?,['University of Pennsylvania'],5
What does Midna destroy?,['Mirror of Twilight'],5
What is The Festino?,['procession which goes through the main street of Palermo to commemorate the miracle attributed to Santa Rosalia'],5
What is Antarctica topographically ?,['frozen desert'],5
How are cliques defined?,"['exclusive, single-sex groups of peers with whom they are particularly close']",5
Where was Madonna born?,"['Bay City, Michigan']",5
What does hemoglobin contain?,['iron'],5
Who abandoned phenomenalism?,['Carnap and Neurath'],4
How many people demonstrated?,"['about 3,000']",5
Who described Tharapita?,['Henry of Latvia'],4
What is samsara?,['the continual repetitive cycle of birth and death'],4
What is Dukkha?,"['""suffering"", ""anxiety"", ""unsatisfactoriness"", ""unease"", etc.']",4
What does traffic elevate ,"['increasing traffic and the ancient city plan, traffic congestion is a common phenomenon in and around Utrecht, causing elevated levels of air pollutants']",4
What does arupyadhatu mean?,['formless realms'],5
Who returned to Brittany?,['Geoffrey'],5
What is stemmatics?,['a rigorous approach to textual criticism'],4
What does Florida stand for ,"['Florida i/ˈflɒrɪdə/ (Spanish for ""flowery land"")']",5
Who owns the Thunder?,['Professional Basketball Club LLC'],5
When was Uesugi born?,['1530'],5
What did Carnivore monitor?,['email and electronic communications'],5
How is steel produced?,['Adding a small amount of non-metallic carbon to iron'],5
What releases formaldehyde?,['A resin'],4
Did he act alone? ,['He claimed to have carried out the robbery with two other men'],5
When did Knorr die? ,['1977'],5
What does Phase-two do?,['enables the car to move'],5
What is gymnastics?,"['Gymnastics is a sport involving the performance of exercises requiring strength, flexibility, balance and control']",4
Where is 1520 Sedgwick?,['just north of the Cross Bronx Expressway and hard along the Major Deegan Expressway'],5
What are Beaks?,['Members of the teaching staff'],4
Who is Soma Somasegar?,"[""vice president of Microsoft's development software division""]",5
Who won the season?,['Kris Allen'],5
When did Archimedes die?,['212 BC'],5
What industries suffered declines?,['manufacturing and government'],5
Does Florida benefit from taxes,['Florida residents have received more federal monies than they pay in taxes: the state is a net beneficiary'],5
How many parishes?,"['3,778']",4
What are mass parties?,['Mass parties tried to recruit new members who were a source of party income and were often expected to spread party ideology'],5
Where is Tajikistan located?,['in Central Asia'],5
When did Tito die?,['4 May 1980'],5
What does sparking limit?,['maximum speed'],5
What are ganglia?,['local control centers'],4
n,['n'],1
How is Valencian classified?,['Western dialect'],5
Where was TR2 built?,['Cattedown'],5
Who modernized Egyptian army?,['Muhammad Ali Pasha'],5
What characterizes a hypersensitivity?,['respond inappropriately to otherwise harmless compounds.'],5
What is industrialization? ,['social and economic change'],4
Who is Nursultan Nazarbaev?,['the President of Kazakhstan'],5
When did Nasser die?,['1970'],5
What is the Barengraben?,['a bear pit'],5
Who killed François Darlan?,['Fernand Bonnier de La Chapelle'],5
What is entropy?,['measure of evenness of a distribution of energy between parts of a system'],4
When was antibacterial-resistance demonstrated?,['1943'],5
When was Palma born?,['1978'],5
How is charcoal made?,['pyrolysis of wood'],5
What does kleptocracy mean?,['rule by thieves'],5
When did Doson die?,['221 BC'],5
ISA stands for what?,['Identity Structure Analysis'],5
Ethernet standards require what?,"['isolation between the networked device (computer, phone, etc.) and the network cable up to 1500 V AC or 2250 V DC for 60 seconds']",5
What is okanye?,['pronounce unstressed /o/ clearly'],4
Who died in 1865?,['Palmerston'],5
How does nucleoid look?,['irregularly shaped body'],5
Where did this initiate?,['universities'],5
Where was John crowned?,['Westminster'],5
Whose art influence Madonna?,['Frida Kahlo'],5
When did Taiwan fall?,['1683'],5
Who founded Plymouth Porcelain?,['William Cookworthy'],5
What color is uranium?,['silvery-white'],5
Who is Achim Steiner?,['UN under-secretary general'],5
What varies with time?,['voltage'],5
Who led the Rebellion?,['Hong Xiuquan'],5
What is criminal law?,['prosecution by the state of wrongful acts'],5
What causes Streptococci?,['pathogens'],4
What is peering? ,['multiple ISPs interconnect at peering points or Internet exchange points'],4
When was Morrisania created?,['1855'],5
When did Thuringii emerge?,['the Migration Period'],5
Asymmetric federalism exist when?,"['where states are granted different powers, or some possess greater autonomy than others do']",5
What causes barotrauma?,['rapid decompression'],4
Who else can play? ,"['Clubs in the next six levels (non-league football) are also eligible provided they have played in either the FA Cup, FA Trophy or FA Vase competitions']",5
WHen was Black Wednesday?,['September 1992'],5
How is hunting regulated?,['by state law'],5
Where is Topshop located?,['London'],5
Who oversaw Operation Starvation?,['General Curtis LeMay'],5
Who headed the Nazis?,['Adolf Hitler'],5
Where was Madame Satã?,['Brazil'],5
Who is John Punch?,['the first African slave in the Virginia colony'],5
What is the Triangle?,['Research Triangle area'],5
Who denounced ISIS?,"[""Al Qaeda's core organization""]",4
Who standardizes HDTV specifications?,['ETSI'],5
What transformed Arabic languages?,['movement to translate English and European texts'],5
Mrigavyadha means what?,['deer hunter'],4
What is ijtihad?,['process of scholarly research'],4
What is OAS?,['Organization of American States'],4
Where is Cyprus located?,['Eastern Mediterranean Sea'],5
What cells produce antibodies?,['B lymphocytes'],5
Who wrote Vitruvius Britannicus?,['Colen Campbell'],5
Are albums ever reproduced?,['Many popular new albums are given releases'],5
When was Ceefax launched?,['1974'],5
What entity operates Harborview?,['University of Washington'],5
When was Hume born?,['1711'],5
What are parapodia?,['limbs'],4
Percentage of unwed births?,['56'],5
Who was de Oliveira?,['former president of Brazil'],5
What causes gynecomastia?,['obesity.'],4
What is Paul Heinegg?,['scholar'],5
Who discovered Triton? ,['William Lassell'],4
When was Peterson born?,['March 14'],5
When does Laulupidu occur?,['every five years in July'],5
Where is football played?,['indoors'],5
Who annexed Armenia?,['Bolshevist Russia'],4
Who wrote Kitab al-Tasrif?,['Abu al-Qasim al-Zahrawi'],5
Where is Catalonia located?,['Iberian Peninsula'],5
What is dukkha?,"['suffering, anxiety, dissatisfaction']",4
What school advanced atomism?,['Nyaya–Vaisesika school'],5
Who granted Utrecht city rights ,['Henry V in 1122'],5
What is the Holocaust?,"['was the deliberate and systematic murder of millions of Jews and other ""unwanted""']",5
Where was Jesus arrested?,['Gethsemane'],5
What institution controls BYU?,['Church Educational System'],5
What defines Philosophy education?,['the philosophical study of education and its problems'],5
Who shot Queen Victoria?,['Roderick Maclean'],5
Who organized this chain?,['Rukh'],5
Who decreed this?,['Pope Urban VIII'],4
Who wrote Shahnameh?,['Ferdowsi'],4
what dominates the cityscape,"[""Utrecht's cityscape is dominated by the Dom Tower, the tallest belfry in the Netherlands and originally part of the Cathedral of Saint Martin""]",4
What is the Berggarten?,['European botanical garden'],5
Are Hispanics in Hawaii?,"[""7.0 per cent of the islands' people are either Hispanic or Hispanophone or both.""]",5
Where did Freemasonry originate?,['Scotland'],5
What is sheftalia?,['minced meat wrapped in mesentery'],4
Who were MBE'S?,['The members of The Beatles'],5
Who led the Harkat-ul-Mujahideen?,['Fazlur Rehman Khalil'],5
Who executed the apartheid?,['the Arab government'],5
Where is Houston located?,['in Southeast Texas near the Gulf of Mexico'],5
Who did Beyoncé marry?,['Jay Z.'],5
Which birds migrate?,['Many species'],4
Who attacked the protest?,['troops'],5
What is being recreated ,"[""Parts of the city's network of canals, which were filled to create the shopping center and central station area, will be recreated""]",4
What does Anglican mean?,['the English Church'],5
Many records showed what?,"[""John's offerings to the poor""]",5
Who succeeded Vladimir Lenin?,['Joseph Stalin'],5
Where exactly is Tajikistan?,"['between latitudes 36° and 41° N (a small area is north of 41°), and longitudes 67° and 75° E (a small area is east of 75°)']",5
What is the Cabildo?,['the seat of colonial government'],5
When did Japan surrender?,['15 August'],5
Locusts destroy what?,['agricultural goods'],4
Several manufacturers offer what?,['external portable USB hard disk drives'],5
What is a VISP?,['virtual ISP'],5
What does pieta mean?,['pity'],5
Who established the Berg-Schola?,['Court Chamber of Vienna'],5
What does Oklahoma mean?,['red people'],5
What is Melungeon?,['genetically to be of European and sub-Saharan African ancestry.'],4
What failure causes surges?,['failure of the underlying bedrock'],5
What are angiosperms?,['plants that produce flowers and have enclosed seeds'],4
what does prajnaparamita mean?,['perfected spiritual insight'],5
Who were the Herculoids?,"['Herc, Coke La Rock, and DJ Clark Kent']",5
What does PRISM do? ,['provides for broad monitoring of Internet users traffic'],5
Where did it sell? ,"[""Christie's auction house on 19 May 2005 for £420,000 (£478,400 including auction fees and taxes)""]",5
What are setae?,['bristles'],4
Where is Midtown Raleigh?,['North of the I-440 Beltline'],5
What weather condition increased?,['Temperatures'],5
Who won the game?,['West Germany'],5
Where did Portuguese originate?,['Galicia and Northern Portugal'],5
Who is John Gulick?,['Rev'],5
Who leads the CAF?,['the Chief of the Defence Staff'],5
What do alleles do?,['encode slightly different versions of a protein'],5
What did Bushido transcend?,"['social class, time and geographic location']",5
Who founded the CSAD?,['Oxford University'],5
Which amendment prevents self-incrimination?,['Fifth'],5
What ocean borders Namibia?,['Atlantic Ocean'],5
Who discovered uranium?,['Martin Heinrich Klaproth'],4
What are cilia?,['fine muscle-powered hairs'],4
What is considered landmark Architecture ,"[""1924 Rietveld Schröder House, which is listed on UNESCO's world heritage sites""]",5
Where do migrants refuel?,['stopover points along the migration route'],5
Where is Agordat located?,['central Eritrea'],5
What did China export?,"['tea, silk and manufactures']",5
Who wrote the Decretum?,['Gratian'],5
Who selects National parks?,['governments or private organizations'],5
What nationality was Meacham?,['American'],5
Who attacks the village?,['Bulblins'],5
Autosomal DNA is what?,"[""a mixture from an individual's entire ancestry""]",5
When was Firefox released?,['late 2004'],5
Who built I-94?,['Henry Ford'],4
What regulates breeding activities?,['photo-receptive cells in'],5
What is tetrachromatic?,"['possessing ultraviolet (UV) sensitive cone cells in the eye as well as green, red and blue ones']",4
What is IMAP?,['Internet Message Access Protocol'],4
what is SONET? ,['synchronous optical networking'],4
What is NOT protected?,['The idea itself'],5
What do VISPs resemble? ,['mobile virtual network operators'],5
Who succeeded Emperor Constantius?,['Julian'],5
What can pathogenes cause?,['human death and disease'],5
What is souvlaki?,['pork and chicken cooked over charcoal'],4
What is a hyparchetype?,['a common intermediate source'],5
What are UTAs?,['unit training assemblies'],4
How is Nirvana achieved?,['practicing the Noble Eightfold Path (also known as the Middle Way)'],5
How is data accessed?,"['by a ""database management system"" (DBMS)']",5
Where was Apprian from?,['Alexandria'],5
Most Southernly town of somerset,"['Chard is the most southerly town in Somerset, and at an altitude of 121 m (397 ft) it is also the highest']",5
What are referees called?,"['Most referees are unnamed and essentially anonymous, though the WWE has let their officials reveal their names.']",5
Who was Kidinnu?,['a Chaldean astronomer and mathematician'],4
Who governs the church?,['the Dean and Chapter of Westminster'],5
What is a misdemeanor?,['minor crimes'],5
What is Renaixenca?,['Catalan literary revival'],4
Who ran Realart Pictures?,['Jack Broeder'],5
Who commands the reserves?,['Chief of Reserves and Cadets'],5
What englishman excavated pompeii?,['Sir William Hamilton'],5
What form is innovative?,['Central Catalan'],5
What is Italian Unification?,['social movement that annexed different states of the Italian peninsula into the single state of Italy'],5
What happened since 1997?,['referendums in Scotland and Wales and the Good Friday Agreement in Northern Ireland'],5
What theory supports this?,['quantum theory'],5
Which actor portrayed Q?,['Ben Whishaw'],5
What did Govenor Bush Realize,"[""that watershed events such as Andrew negatively impacted Florida's backbone industry of tourism severely""]",5
Who owns 19 Recordings?,['19 Entertainment'],5
Who kidnaps Dr. Swann?,['Hinx.'],5
What did Canaanites prohibit?,['intermarriage'],5
When did Ancilla die?,['11 November 1953'],5
Where is Oro Valley?,['in the western foothills of the Santa Catalina Mountains'],5
Who appoints new elders?,['a traveling overseer'],5
What does MANPADS mean?,['Man-Portable Air Defence Systems'],5
John besieged what castle?,['Roche-au-Moine'],5
Who was demonstrating?,['Kazakh students'],4
USB connects what?,['the peripheral and host grounds'],4
Who created Brick?,['Steve Wozniak'],4
What are cirri?,['fused bundles of cilia'],4
What controlled the traction?,['a motor mechanic utilizing a system of toothed wheels'],5
What does REN do?,"['uses sophisticated modeling to predict weather, especially wind patterns, and computer programs to calculate energy from the various renewable-energy plants']",5
What does Primark produce?,['clothing'],5
What is Rio Nuevo?,['a large retail and community center'],5
What is Cluster N?,['the part of the forebrain that is active during migrational orientation'],5
Who is the recipient?,"['knight if male, or dame if female']",5
What did Plato study?,['political systems'],5
Who created the astrolabe?,['the Greeks'],5
Who threatened to retaliate?,['J.J.Calvo'],5
What standardized contract law?,['Uniform Commercial Code'],5
Where was Madonna raised?,['Detroit suburbs of Pontiac and Avon Township'],5
Who was Jan Potocki?,['Polish aristocrat'],5
Who owns Melbourne Water?,['the Victorian Government'],5
Who wrote Pulcinella?,"[""Stravinsky's""]",4
Theravada escapes what cycle?,['suffering and rebirth'],5
Who founded Audiophile Records?,['Ewing Dunbar Nunn'],5
Who attacked the abbey?,['Puritan iconoclasts'],5
How is culture defined?,['symbolic and behavioral inheritance received from the past that provides a community framework for what is valued'],5
What is nonverbal communication?,['conveying meaning in the form of non-word messages'],5
When was Hipparchus born?,['190'],5
What is a WISP? ,['wireless Internet service provider'],5
Who regulates antibiotic approval?,['FDA'],5
Who is Kevin Faulconer?,['current mayor'],5
Does Paris see snow?,['sometimes sees light snow or flurries'],5
Who founded autosegmental phonology?,['John Goldsmith'],5
What is a plectrum?,['pick'],5
When was Brazil colonized?,"['April 22, 1550']",5
How did Cleoptra die?,['suicide'],5
What happeded between 1927-1934?,['collectivization of agriculture and a rapid expansion of cotton production took place'],5
What is the lilangeni?,"[""Swaziland's currency""]",5
Where are Zagorci located?,['northern Croatia'],5
Who was Saint Denis?,['Christian martyr and patron saint of Paris'],5
Is the trophy decorated? ,"[""the trophy wears is decorated with ribbons in the colours of both finalists, with the loser's ribbons being removed at the end of the game.""]",5
What is the density?,"['11,457 people per square mile']",5
How was Erichtho portrayed?,['stereotypical witch'],5
When did Yugoslavia disintegrate?,['1991'],5
What is Doordarshan?,"[""the Government of India's public service broadcaster""]",4
Who does sunset limited service ,"['Sunset Limited, which travels across the southern United States via New Orleans, Houston, and San Antonio to its western terminus of Los Angeles']",5
When do birds molt?,['varies with some species'],5
When was Galdan killed?,['Dzungar–Qing War'],5
Who directed Spectre?,['Sam Mendes'],4
Who is Samantha Power?,"[""Barack Obama's Special Assistant to the President on Human Rights""]",5
What is the SACU?,['Southern African Customs Union'],5
Who carried the castle?,['the 4th Division'],5
What is the USAF?,['the aerial warfare service branch of the United States Armed Forces'],5
How idealistic were samurai?,['as practical on the battlefield as were any other warrior'],5
Who resigned in 1954?,['Naguib'],5
What represents statistical redundancy?,['Lossless compression'],5
What does URL mean?,['Uniform Resource Identifier'],5
What means ,['Advaita'],2
Who did Henry marry?,['Eleanor of Aquitaine'],5
Which countries signed ACTA?,"['United States, Japan, Switzerland, and the EU']",5
Where is St Greggorys abbey,"['is at Stratton-on-the-Fosse, and the ruins of the former Cistercian Cleeve Abbey are near the village of Washford']",5
What are Special Operations? ,"['operations conducted in hostile, denied, or politically sensitive environments']",5
What are reception statutes?,['the common law of England (particularly judge-made law) is the law of the state'],5
When was Southport added?,['1905'],5
what is qbuzz,['Local buses in Utrecht are operated by Qbuzz – its services include a high-frequency service to the Uithof university district'],3
What does the Trust invest,['The foundation trust invests undistributed assets'],5
What breed was Laika?,['husky-terrier mix'],5
When was Lincoln elected?,['1860'],5
What are Lipananahay?,['Armenians from Lebanon'],4
What are incunabula's? ,['documents printed before 1500'],5
What does Tyche mean?,['luck'],5
What is khorovats?,['an Armenian-styled barbecue'],4
What does tathagatagarbha mean?,['Buddha-nature'],5
Printed word enabled what?,['a faster propagation of new ideas'],5
Who developed pragmatism?,['Charles Sanders Peirce and William James'],4
What are otsagorgs?,['serpent-carpets'],4
What do many towns encourage ,"[""Many towns have encouraged small-scale light industries, such as Crewkerne's Ariel Motor Company, one of the UK's smallest car manufacturers""]",5
What is OSHA?,['Occupational Safety and Health Administration'],4
When is empirical started?,['before the doctor knows the exact identification of microorgansim'],5
Why do fungi communicate?,['to coordinate and organize their growth and development'],5
What does slahta mean?,"['""(noble) family""']",5
Who was Edward j Gurney ,"[""968 Edward J. Gurney, also a white conservative, was elected as the state's first post-reconstruction Republican US Senator""]",5
What are Stromatolites?,['bacterial fossils'],4
Who financed Studio Misr?,['Talaat Harb'],5
What is Cramer credited for ,"['Cramer built a different Republican Party in Florida, attracting local white conservatives and transplants from northern and midwestern states']",5
When was Chanakya alive?,['350–-283 BCE'],5
Who designed the bridge?,['I. M. Pei'],5
What is a moleben?,['religious service'],5
Who won at Balakot?,['the professional Sikh Army'],5
What is a narcokleptocracy?,['government profiting on illegal drug trade'],5
When did Aspar die?,['Aspar'],5
What forbid harmful  incantations?,['Twelve Tables'],5
What is crosspicking?,['syncopated banjo-roll-like style'],4
What does Y-DNA show?,"[""a male's lineage only along his strict-paternal line""]",5
What is Pantheism?,['God is the universe and the universe is God'],4
What brought communism?,['The Russian Revolution of 1917'],4
Who invented crankshafts?,['Muslim engineers'],4
What was never built ,['A planned 11.7 km (7.3 mi) branch to Midford was never built'],4
What does 65Zn produce?,['intense gamma radiation'],5
What was his punishment?,['anathematized'],5
Who invaded Tibet? ,['Ögedei Khan'],4
Who is Toni Morrison?,['Nobel Prize-winning novelist'],5
Where is 10/13 based?,"['Boulder, Colo.']",5
When did Chaucer die?,['1400'],5
What organ secretes chymotrypsin?,['the pancreas'],5
Where was John buried?,['Worcester Cathedral'],5
What vowel stays distinct?,['/i/'],5
What is a cladogram?,['The family tree is also referred to as a cladogram.'],5
How many Salvadorans immigrated?,"[""20–30% of El Salvador's population emigrated. About 50%, or up to 500,000 of those who escaped headed to the United States,""]",5
What is pantheism?,['God is the universe itself'],4
What is human flourishing?,['making life better'],5
What does moha mean?,['delusion'],5
Where was Myoscolex found?,['Australia'],5
Who started Mitsubishi?,['Iwasaki Yatarō'],4
Who organized Live Aid?,['Bob Geldof and Midge Ure'],5
What is contrast banding?,['subtle visible lines in gradient areas'],5
What does Masīḥī mean?,['followers of the Messiah'],5
What are SMDs?,['surface mount devices'],4
When did Tribhuvan die?,['1955'],5
Who captured Malakoff?,['the French'],4
dd,['Buddh'],1
When was Marvel founded?,['1939'],5
What is database storage?,['physical materialization of a database'],5
When did Valencia surrender?,['28 September'],5
When did Palmerston die?,['1865'],5
What is Caoshu?,['cursive written text'],4
What succeeded the Famicom?,['Super Nintendo Entertainment System'],5
What does Hokkien mean?,['Fujian province'],5
When was Muhayyelât written?,['1796'],5
When did Mstislav die?,['1169'],5
Who occupied Bayazit?,['Wrangel'],4
What did Cerberus guard?,['the gates of Hades.'],5
When does Fastelavn occur?,['Shrove Tuesday'],5
What was tantojutsu?,['the skill of the knife'],4
Where are music students educated ,"['Young musicians are educated in the conservatory, a department of the Utrecht School of the Arts']",5
Who approved the resolution?,['San Francisco Board of Supervisors'],5
What is professional wrestling?,['an athletic form of entertainment based on a portrayal of a combat sport'],5
Who developed POJ?,['Presbyterian missionaries in China'],4
How was migration developed?,['independently'],5
Where are Bunjevci located?,['Bačka'],5
Greece is where geographically?,['Southern Europe'],5
What is ecclesiology?,['the doctrine of the church'],4
Least populates areas of Utrecht ,"['smaller Utrecht agglomeration of continuously built up areas counts some 420,000 inhabitants and includes Nieuwegein, IJsselstein and Maarssen']",5
What do winners receive? ,['the FA Cup trophy'],5
What was also donated?,['blood'],5
What is chemotrophy ?,['the use of chemical substances for energy'],4
Who eventually overthrew Dacko?,['General André Kolingba'],5
Who won the bid? ,['David Gold'],5
Which house impeached Hastings?,['House of Commons'],5
Who influenced Beyonce?,['Michael Jackson'],4
What are giant axons?,['the output signal lines of nerve cells'],5
What nation initiated hostilities?,['Japan'],5
Who wrote The Planets?,['Gustav Holst'],5
When was Jaws released?,['1975'],5
What did Knorr commission?,['a new translation of the Bible'],5
How is Moratorium defined?,['process of exploration'],5
What is a pharynx?,['throat'],5
What did Saburo mean?,['a formal nickname (yobina)'],5
Who constructed Trinity bomb?,['George Kistiakowsky'],5
What did Eannatum annex?,['practically all of Sumer'],5
What are replication origins?,['regions where DNA replication is initiated to make two copies of the chromosome'],5
What is COMESA?,['Common Market for Eastern and Southern Africa'],4
Who receives retroviral coverage?,['infected pregnant women'],5
What is Sarva-darśana-samgraha?,['a digest of all philosophies'],4
Israel developed what?,['various water-saving technologies'],4
When did Lee die?,['February 2016'],5
Did everyone endorse Gaddafi?,['some of the others attempted to constrain what they saw as his excesses'],5
Who rebuilt Westminster Abbey?,['King Edward the Confessor'],5
What does the city subsidise,['an organisation for amateur education in arts aimed at all inhabitants (Utrechts Centrum voor de Kunsten'],5
Who founded Philadelphia?,['William Penn'],4
Who was Alais?,['the daughter and heiress of Humbert III of Savoy'],4
When was McVeigh executed?,"['June 11, 2001']",5
Who called Greece Graecia?,['Romans'],5
Whan was NCAZ founded?,"['February 23, 2011']",5
Where was Bethea hanged?,['Owensboro'],5
Where where the yellow?,['the Far East'],5
When did Chopin die?,['17 October 1849'],5
What is Florida's nickname ,['Sunshine State'],5
Which company made Spectre?,['Eon Productions'],5
Who was recalled?,['Russian deputies'],4
what is centered in Utrecht ,['It is the centre of the Dutch railroad network and the location of the head office of Nederlandse Spoorwegen'],5
Where is Trasianka used?,['Belarus'],5
What is a Schnellweg?,['expressway'],5
How are parties regulated?,['a crackdown on or repression of all opposition parties'],5
Who developed Amphetamine?,"['Smith, Kline and French']",4
What was Stop Hinkley ,"['Stop Hinkley, was formed to campaign for the closure of Hinkley Point B and oppose any expansion at the Hinkley Point site']",4
Who kidnapped Eileithyia?,['Hera'],4
What monsoon affects Nanjing?,['the East Asian monsoon'],5
What bank helped Noriega?,['Bank of Credit and Commerce International'],5
What happened in 1900?,['the state legislature passed a new constitution'],5
Who founded Valencia?,['Romans'],4
What does Ṣalībī mean?,['Crusader'],5
What is I-94 called?,['Edsel Ford Freeway'],5
How are digimon born?,['Digimon hatch from types of eggs which are called Digi-Eggs'],5
who founded teach plus ,"['Teach Plus, which was founded by new teachers and advocates against seniority-based layoffs']",4
What is found in Florida ,"['Extended systems of underwater caves, sinkholes and springs']",5
Who dominated the society?,['Judeans'],5
What does Hayastantsis mean?,['those that are from Armenia'],5
Who discovered tyrothricin?,['Rene Dubos'],4
Who appointed the stadtholders?,['the states of each province'],5
What is federalism? ,['Federalism refers to the mixed or compound mode of government'],4
What did Nasser symbolize?,['the popular Arab will'],5
Who was Chanakya?,['great Vedic thinker and politician'],4
Why is hydrogen employed?,"['to saturate broken (""dangling"") bonds of amorphous silicon and amorphous carbon that helps stabilizing material properties']",5
When did pragmatism arise?,['In the late 19th and early 20th century'],5
What hinders export?,"[""country's landlocked position""]",4
What does Miranda provide?,['safeguards against self-incriminating statements made after an arrest'],5
Which fiber is thicker?,['A-delta'],5
