Question,GT Answer,"hotpotqa-medium_got-3+demos-sa-knn+cx+t5-nli-ec+ci+[0.1,0.45,0.45]+[0.15,0.55,0.3]_gpt-3.5-turbo-1106_google","hotpotqa-medium_got-3+demos-sa-knn+cx+t5-nli-ec+ci+[0.2,0.4,0.4]+[0.15,0.55,0.3]_gpt-3.5-turbo-1106_google","hotpotqa-medium_got-3+demos-sa-knn+cx+t5-nli-ec+ci+[0.3,0.35,0.35]+[0.15,0.55,0.3]_gpt-3.5-turbo-1106_google","hotpotqa-medium_got-3+demos-sa-knn+cx+t5-nli-ec+ci+[0.4,0.3,0.3]+[0.15,0.55,0.3]_gpt-3.5-turbo-1106_google","hotpotqa-medium_got-3+demos-sa-knn+cx+t5-nli-ec+ci+[1.0,0.0,0.0]+[0.15,0.55,0.3]_gpt-3.5-turbo-1106_google","hotpotqa-medium_got-3+demos-sa-knn+cx+t5-nli-ec+ci+[0.1,0.45,0.45]+[0.2,0.55,0.25]_gpt-3.5-turbo-1106_google","hotpotqa-medium_got-3+demos-sa-knn+cx+t5-nli-ec+ci+[0.2,0.4,0.4]+[0.2,0.55,0.25]_gpt-3.5-turbo-1106_google","hotpotqa-medium_got-3+demos-sa-knn+cx+t5-nli-ec+ci+[0.3,0.35,0.35]+[0.2,0.55,0.25]_gpt-3.5-turbo-1106_google","hotpotqa-medium_got-3+demos-sa-knn+cx+t5-nli-ec+ci+[0.4,0.3,0.3]+[0.2,0.55,0.25]_gpt-3.5-turbo-1106_google","hotpotqa-medium_got-3+demos-sa-knn+cx+t5-nli-ec+ci+[1.0,0.0,0.0]+[0.2,0.55,0.25]_gpt-3.5-turbo-1106_google","hotpotqa-medium_got-3+demos-sa-knn+cx+t5-nli-ec+ci+[0.1,0.45,0.45]+[0.3,0.6,0.1]_gpt-3.5-turbo-1106_google","hotpotqa-medium_got-3+demos-sa-knn+cx+t5-nli-ec+ci+[0.2,0.4,0.4]+[0.3,0.6,0.1]_gpt-3.5-turbo-1106_google","hotpotqa-medium_got-3+demos-sa-knn+cx+t5-nli-ec+ci+[0.3,0.35,0.35]+[0.3,0.6,0.1]_gpt-3.5-turbo-1106_google","hotpotqa-medium_got-3+demos-sa-knn+cx+t5-nli-ec+ci+[0.4,0.3,0.3]+[0.3,0.6,0.1]_gpt-3.5-turbo-1106_google","hotpotqa-medium_got-3+demos-sa-knn+cx+t5-nli-ec+ci+[1.0,0.0,0.0]+[0.3,0.6,0.1]_gpt-3.5-turbo-1106_google","hotpotqa-medium_got-3+demos-sa-knn+cx+t5-nli-ec+ci+[0.1,0.45,0.45]+[0.3,0.5,0.2]_gpt-3.5-turbo-1106_google","hotpotqa-medium_got-3+demos-sa-knn+cx+t5-nli-ec+ci+[0.2,0.4,0.4]+[0.3,0.5,0.2]_gpt-3.5-turbo-1106_google","hotpotqa-medium_got-3+demos-sa-knn+cx+t5-nli-ec+ci+[0.3,0.35,0.35]+[0.3,0.5,0.2]_gpt-3.5-turbo-1106_google","hotpotqa-medium_got-3+demos-sa-knn+cx+t5-nli-ec+ci+[0.4,0.3,0.3]+[0.3,0.5,0.2]_gpt-3.5-turbo-1106_google","hotpotqa-medium_got-3+demos-sa-knn+cx+t5-nli-ec+ci+[1.0,0.0,0.0]+[0.3,0.5,0.2]_gpt-3.5-turbo-1106_google","hotpotqa-medium_got-3+demos-sa-knn+cx+t5-nli-ec+ci+[0.1,0.45,0.45]+[1.0,0.0,0.0]_gpt-3.5-turbo-1106_google","hotpotqa-medium_got-3+demos-sa-knn+cx+t5-nli-ec+ci+[0.2,0.4,0.4]+[1.0,0.0,0.0]_gpt-3.5-turbo-1106_google","hotpotqa-medium_got-3+demos-sa-knn+cx+t5-nli-ec+ci+[0.3,0.35,0.35]+[1.0,0.0,0.0]_gpt-3.5-turbo-1106_google","hotpotqa-medium_got-3+demos-sa-knn+cx+t5-nli-ec+ci+[0.4,0.3,0.3]+[1.0,0.0,0.0]_gpt-3.5-turbo-1106_google","hotpotqa-medium_got-3+demos-sa-knn+cx+t5-nli-ec+ci+[1.0,0.0,0.0]+[1.0,0.0,0.0]_gpt-3.5-turbo-1106_google"
What actor had his final performance in the film based on a dytopian novel by David Eggers called The Circle?,['Bill Paxton'],Bill Paxton,Bill Paxton,Bill Paxton,Bill Paxton,Bill Paxton,Bill Paxton,Bill Paxton,Bill Paxton,Bill Paxton,Bill Paxton,Bill Paxton,Bill Paxton,Bill Paxton,Bill Paxton,Bill Paxton,Bill Paxton,Bill Paxton,Bill Paxton,Bill Paxton,Bill Paxton,Bill Paxton,Bill Paxton,Bill Paxton,Bill Paxton,Bill Paxton
The southern terminus of State Route 102 is located in a town on the southwestern side of an island know to locals as what?,['the backside'],Vernon Township,the backside,Almaville,Almaville,the backside,the backside,the backside,the backside,Almaville,the backside,the backside,the backside,the backside,the backside,the backside,the backside,the backside,the backside,the backside,the backside,Mount Desert Island,Mount Desert Island,Mount Desert Island,Mount Desert Island,Mount Desert Island
Which New Jersey-based manufacturer of suitcases and bags for travel is located in the Shops at Columbus Circle in New York City?,"['Tumi Holdings, Inc.']",Tumi,Tumi,Tumi,Tumi,Tumi,TUMI,TUMI,TUMI,TUMI,TUMI,TUMI,TUMI,TUMI,TUMI,TUMI,TUMI,TUMI,TUMI,TUMI,TUMI,TUMI,TUMI,TUMI,TUMI,TUMI
"Abba Kovner  was a Jewish Hebrew and Yiddish poet, writer and cousin of the youngest and longest surviving signatory of what?",['Israeli Declaration of Independence'],Israeli Declaration of Independence,Israeli Declaration of Independence,Israeli Declaration of Independence,Israeli Declaration of Independence,Israeli Declaration of Independence,Israeli Declaration of Independence,Israeli Declaration of Independence,Israeli Declaration of Independence,Israeli Declaration of Independence,Israeli Declaration of Independence,Israeli Declaration of Independence,Israeli Declaration of Independence,Israeli Declaration of Independence,Israeli Declaration of Independence,Israeli Declaration of Independence,Israeli Declaration of Independence,Israeli Declaration of Independence,Israeli Declaration of Independence,Israeli Declaration of Independence,Israeli Declaration of Independence,Israeli Declaration of Independence,Israeli Declaration of Independence,Israeli Declaration of Independence,Israeli Declaration of Independence,Israeli Declaration of Independence
"In which year did this division, where Cleveland Browns placed fourth in 2009, adopt its current name?",['2002'],2002,2002,2002,2002,1953,2002,2002,2002,2002,2002,2002,2002,2002,2002,2002,2002,2002,2002,2002,1953,2002,2002,2002,2002,2002
What city and nation was the location of the 2015 Pacific Games where the Kiribati national basketball team finished with a 0-4 record?,"['Port Moresby, Papua New Guinea']","Port Moresby, Papua New Guinea","Port Moresby, Papua New Guinea","Port Moresby, Papua New Guinea","Port Moresby, Papua New Guinea","Port Moresby, Papua New Guinea","Port Moresby, Papua New Guinea","Port Moresby, Papua New Guinea","Port Moresby, Papua New Guinea","Port Moresby, Papua New Guinea","Port Moresby, Papua New Guinea","Port Moresby, Papua New Guinea","Port Moresby, Papua New Guinea","Port Moresby, Papua New Guinea","Port Moresby, Papua New Guinea","Port Moresby, Papua New Guinea","Port Moresby, Papua New Guinea","Port Moresby, Papua New Guinea","Port Moresby, Papua New Guinea","Port Moresby, Papua New Guinea","Port Moresby, Papua New Guinea","Port Moresby, Papua New Guinea","Port Moresby, Papua New Guinea","Port Moresby, Papua New Guinea","Port Moresby, Papua New Guinea","Port Moresby, Papua New Guinea"
Where did Leigh Anne Tuohy’s son play college football?,['University of Mississippi'],University of Mississippi,University of Mississippi,University of Mississippi,University of Mississippi,University of Mississippi,University of Mississippi,University of Mississippi,University of Mississippi,University of Mississippi,University of Mississippi,University of Mississippi,University of Mississippi,University of Mississippi,University of Mississippi,University of Mississippi,University of Mississippi,University of Mississippi,University of Mississippi,University of Mississippi,University of Mississippi,University of Mississippi,University of Mississippi,University of Mississippi,University of Mississippi,University of Mississippi
The Last Run is a drama film that stars which Lithuanian-American actor?,['Vyto Ruginis'],Vyto Ruginis,Vyto Ruginis,Vyto Ruginis,Vyto Ruginis,Vyto Ruginis,Vyto Ruginis,Vyto Ruginis,Vyto Ruginis,Vyto Ruginis,Vyto Ruginis,Vyto Ruginis,Vyto Ruginis,Vyto Ruginis,Vyto Ruginis,Vyto Ruginis,Vyto Ruginis,Vyto Ruginis,Vyto Ruginis,Vyto Ruginis,Vyto Ruginis,Vyto Ruginis,Vyto Ruginis,Vyto Ruginis,Vyto Ruginis,Vyto Ruginis
What team did Kenny Brown manage following the departure of Dean Holdsworth?,['Chelmsford'],Chelmsford City,Chelmsford City,Chelmsford City,Chelmsford City,Chelmsford City,Chelmsford City,Chelmsford City,Chelmsford City,Chelmsford City,Chelmsford City,Chelmsford City,Chelmsford City,Chelmsford City,Chelmsford City,Chelmsford City,Chelmsford City,Chelmsford City,Chelmsford City,Chelmsford City,Chelmsford City,Chelmsford,Chelmsford,Chelmsford,Chelmsford,Chelmsford
Is the school where Aaron Parrett currently teaches English Literature public or private?,['private'],Private,private,private,private,private,private,private,private,private,private,private,private,private,private,private,private,private,private,private,private,private,private,private,private,private
Who died in the battle located near the River Boyne in Ireland?,['Eochaid or Eochu Étgudach'],"2,000 participants","2,000 participants","2,000 participants","2,000 participants","2,000 participants","About 2,000 participants","About 2,000 participants","About 2,000 participants","About 2,000 participants","about 2,000 participants","About 2,000 participants","About 2,000 participants","About 2,000 participants","About 2,000 participants","about 2,000 participants","About 2,000 people","About 2,000 people","About 2,000 people","About 2,000 people","About 2,000 people","About 2,000 people","About 2,000 people","About 2,000 people","About 2,000 people","About 2,000 people"
What part of Australia is Alice River and Rupertswood in?,['Victoria'],"Alice River is in Queensland, and Rupertswood is in Victoria, Australia.","Alice River is in Queensland, and Rupertswood is in Victoria, Australia.","Alice River is in Queensland, and Rupertswood is in Victoria, Australia.","Alice River is in Queensland, and Rupertswood is in Victoria, Australia.","Alice River is in Queensland, and Rupertswood is in Victoria, Australia.","Alice River is in Queensland, and Rupertswood is in Victoria, Australia.","Alice River is in Queensland, and Rupertswood is in Victoria, Australia.","Alice River is in Queensland, and Rupertswood is in Victoria, Australia.","Alice River is in Queensland, and Rupertswood is in Victoria, Australia.","Alice River is in Queensland, and Rupertswood is in Victoria, Australia.","Alice River is in Queensland, and Rupertswood is in Victoria, Australia.","Alice River is in Queensland, and Rupertswood is in Victoria, Australia.","Alice River is in Queensland, and Rupertswood is in Victoria, Australia.","Alice River is in Queensland, and Rupertswood is in Victoria, Australia.","Alice River is in Queensland, and Rupertswood is in Victoria, Australia.","Alice River is in Queensland, and Rupertswood is in Victoria, Australia.","Alice River is in Queensland, and Rupertswood is in Victoria, Australia.","Alice River is in Queensland, and Rupertswood is in Victoria, Australia.","Alice River is in Queensland, and Rupertswood is in Victoria, Australia.","Alice River is in Queensland, and Rupertswood is in Victoria, Australia.","Alice River is in Queensland, and Rupertswood is in Victoria, Australia.","Alice River is in Queensland, and Rupertswood is in Victoria, Australia.","Alice River is in Queensland, and Rupertswood is in Victoria, Australia.","Alice River is in Queensland, and Rupertswood is in Victoria, Australia.","Alice River is in Queensland, and Rupertswood is in Victoria, Australia."
"Who wrote the book that inspired the name of the CD/DVD ""Here at the End of All Things""?",['J. R. R. Tolkien'],The Lord of the Rings: The Return of the King,The Lord of the Rings: The Return of the King,"""The Lord of the Rings: The Return of the King""","""The Lord of the Rings: The Return of the King""","""The Lord of the Rings: The Return of the King""",The Lord of the Rings: The Return of the King,The Lord of the Rings: The Return of the King,The Lord of the Rings: The Return of the King,The Lord of the Rings: The Return of the King,The Lord of the Rings: The Return of the King,"""The Lord of the Rings: The Return of the King""","""The Lord of the Rings: The Return of the King""",The Lord of the Rings: The Return of the King,"""The Lord of the Rings: The Return of the King""","""The Lord of the Rings: The Return of the King""",The Lord of the Rings: The Return of the King,The Lord of the Rings: The Return of the King,"""The Lord of the Rings: The Return of the King""","""The Lord of the Rings: The Return of the King""",The Lord of the Rings: The Return of the King,"""The Lord of the Rings: The Return of the King""","""The Lord of the Rings: The Return of the King""","""The Lord of the Rings: The Return of the King""","""The Lord of the Rings: The Return of the King""","""The Lord of the Rings: The Return of the King"""
What was Todd Boehly's former position at the firm where Mark Walter is the CEO?,['president'],President,President,President,President,President,CEO,CEO,CEO,CEO,CEO,CEO,CEO,CEO,CEO,CEO,CEO,CEO,CEO,CEO,CEO,"Co-founder, Chairman, and Chief Executive Officer","Co-founder, Chairman, and Chief Executive Officer","Co-founder, Chairman, and Chief Executive Officer","Co-founder, Chairman, and Chief Executive Officer","Co-founder, Chairman, and Chief Executive Officer"
What British novelist born in November 1898 wrote Surprised by Joy: The Shape of My Early Life?,['Clive Staples Lewis'],C.S. Lewis,C.S. Lewis,C.S. Lewis,C.S. Lewis,C. S. Lewis,C.S. Lewis,C.S. Lewis,C.S. Lewis,C.S. Lewis,C.S. Lewis,C.S. Lewis,C.S. Lewis,C.S. Lewis,C.S. Lewis,C.S. Lewis,C.S. Lewis,C.S. Lewis,C.S. Lewis,C.S. Lewis,C.S. Lewis,C. S. Lewis,C. S. Lewis,C. S. Lewis,C. S. Lewis,C. S. Lewis
"The actress that plays Charity in the drama series ""Greenleaf"" is a member of a musical family from what city and state?","['Detroit, Michigan']","Detroit, Michigan","Detroit, Michigan","Detroit, Michigan","Detroit, Michigan","Detroit, Michigan","Detroit, Michigan","Detroit, Michigan","Detroit, Michigan","Detroit, Michigan","Detroit, Michigan","Detroit, Michigan","Detroit, Michigan","Detroit, Michigan","Detroit, Michigan","Detroit, Michigan","Detroit, Michigan","Detroit, Michigan","Detroit, Michigan","Detroit, Michigan","Detroit, Michigan","Detroit, Michigan","Detroit, Michigan","Detroit, Michigan","Detroit, Michigan","Detroit, Michigan"
What is the population of the province Herald Provincial Park is in?,['more than four and a half million people'],Over 5.5 million,Over 5.5 million,Over 5.5 million,Over 5.5 million,Over 5.5 million,Over 5.5 million,Over 5.5 million,Over 5.5 million,Over 5.5 million,Over 5.5 million,Over 5.5 million,Over 5.5 million,Over 5.5 million,Over 5.5 million,Over 5.5 million,Over 5.5 million,Over 5.5 million,Over 5.5 million,Over 5.5 million,Over 5.5 million,Approximately 5.1 million,Approximately 5.1 million,Approximately 5.1 million,Approximately 5.1 million,Approximately 5.1 million
Are Eve Beglarian and Zach Bogosian both of Armenian descent?,['yes'],Yes,Yes,Yes,Yes,Yes,Yes,Yes,Yes,Yes,Yes,Yes,Yes,Yes,Yes,Yes,Yes,Yes,Yes,Yes,Yes,Yes,Yes,Yes,Yes,Yes
"In what year year was the believed subject of the Lenny Kravitz song ""Lady"" born?",['1967'],1967,1967,1967,1967,1967,1967,1967,1967,1967,1967,1967,1967,1967,1967,1967,1967,1967,1967,1967,1967,1967,1967,1967,1967,1967
The Cinematic Orchestra was signed to the record label based in what city?,['London'],London,Motion Audio Records,Motion Audio Records,Motion Audio Records,UK,UK,UK,UK,UK,UK,UK,UK,UK,UK,UK,Motion Audio Records,UK,UK,UK,UK,Ninja Tune,Ninja Tune,Ninja Tune,Ninja Tune,Ninja Tune
What is the name of shipping magnate Mærsk Mc-Kinney Møller' father?,['A.P. Møller'],Arnold Peter Møller,Arnold Peter Møller,Arnold Peter Møller,Arnold Peter Møller,Arnold Peter Møller,Arnold Peter Møller,Arnold Peter Møller,Arnold Peter Møller,Arnold Peter Møller,Arnold Peter Møller,Arnold Peter Møller,Arnold Peter Møller,Arnold Peter Møller,Arnold Peter Møller,Arnold Peter Møller,Arnold Peter Møller,Arnold Peter Møller,Arnold Peter Møller,Arnold Peter Møller,Arnold Peter Møller,Arnold Peter Møller,Arnold Peter Møller,Arnold Peter Møller,Arnold Peter Møller,Arnold Peter Møller
"What Pakistani actor and writer from Islamabad helped write for the 2012 Pakistani comedy drama sitcom, ""Coke Kahani""?",['Yasir Hussain'],Syed Mohammad Ahmed,Syed Mohammad Ahmed,Syed Mohammad Ahmed,Syed Mohammad Ahmed,Syed Mohammad Ahmed,Syed Mohammad Ahmed,Syed Mohammad Ahmed,Syed Mohammad Ahmed,Syed Mohammad Ahmed,Syed Mohammad Ahmed,Syed Mohammad Ahmed,Syed Mohammad Ahmed,Syed Mohammad Ahmed,Syed Mohammad Ahmed,Syed Mohammad Ahmed,Syed Mohammad Ahmed,Syed Mohammad Ahmed,Syed Mohammad Ahmed,Syed Mohammad Ahmed,Syed Mohammad Ahmed,Syed Mohammad Ahmed,Syed Mohammad Ahmed,Syed Mohammad Ahmed,Syed Mohammad Ahmed,Syed Mohammad Ahmed
How to Irritate People was a broadcast written by an English actor who got his start on what television program?,['The Frost Report'],Boyz Unlimited,Boyz Unlimited,How to Irritate People,How to Irritate People,How to Irritate People,"""How to Irritate People""",How to Irritate People,How to Irritate People,How to Irritate People,Boyz Unlimited,The Frost Report,The Frost Report,The Frost Report,The Frost Report,The Frost Report,The Frost Report,The Frost Report,The Frost Report,The Frost Report,How to Irritate People,The Frost Report,The Frost Report,The Frost Report,The Frost Report,The Frost Report
Which band was formed earlier: Marianas Trench or Tse Tse Fly?,['Tse Tse Fly'],Tse Tse Fly,Tse Tse Fly,Tse Tse Fly,Tse Tse Fly,Tse Tse Fly,Tse Tse Fly,Tse Tse Fly,Tse Tse Fly,Tse Tse Fly,Tse Tse Fly,Tsetse fly,Tsetse fly,Tsetse fly,Tsetse fly,Tsetse Fly,Tse Tse Fly,Tse Tse Fly,Tse Tse Fly,Tse Tse Fly,Tse Tse Fly,Mariana Trench,Mariana Trench,Mariana Trench,Mariana Trench,Mariana Trench
" The name ""Mountbatten-Windsor"" applies to male-line descendants of the Queen without royal styles and titles which is a Eurpean dynasty resulting in what family?",['Mountbatten family'],Mountbatten family,Mountbatten family,Mountbatten family,Mountbatten family,Mountbatten family,Mountbatten family,Mountbatten family,Mountbatten family,Mountbatten family,Mountbatten family,Mountbatten family,Mountbatten family,Mountbatten family,Mountbatten family,Mountbatten family,Mountbatten family,Mountbatten family,Mountbatten family,Mountbatten family,Mountbatten family,House of Windsor,House of Windsor,House of Windsor,House of Windsor,House of Windsor
The physicist who is responsible for identifying the Rabi cycle won what award?,['Nobel Prize'],Nobel Prize in Physics,Nobel Prize in Physics,Nobel Prize in Physics,Nobel Prize in Physics,Nobel Prize in Physics,Nobel Prize in Physics,Nobel Prize in Physics,Nobel Prize in Physics,Nobel Prize in Physics,Nobel Prize in Physics,Nobel Prize in Physics,Nobel Prize in Physics,Nobel Prize in Physics,Nobel Prize in Physics,Nobel Prize in Physics,Nobel Prize in Physics,Nobel Prize in Physics,Nobel Prize in Physics,Nobel Prize in Physics,Nobel Prize in Physics,Nobel Prize in Physics,Nobel Prize in Physics,Nobel Prize in Physics,Nobel Prize in Physics,Nobel Prize in Physics
"Who is older, Thomas Friedman or English author David Lodge?",['David John Lodge CBE'],David Lodge,David Lodge,David Lodge,David Lodge,David Lodge,David Lodge,David Lodge,David Lodge,David Lodge,David Lodge,David Lodge,David Lodge,David Lodge,David Lodge,David Lodge,David Lodge,David Lodge,David Lodge,David Lodge,David Lodge,David Lodge,David Lodge,David Lodge,David Lodge,David Lodge
Where is the origin of Tie Domi who was a player for the Maple Leafs?,['Albanian origin'],"Windsor, Ontario, Canada","Windsor, Ontario, Canada","Windsor, Ontario, Canada","Windsor, Ontario, Canada","Windsor, Ontario, Canada","Windsor, Ontario","Windsor, Ontario","Windsor, Ontario","Windsor, Ontario","Windsor, Ontario","Windsor, Ontario, Canada","Windsor, Ontario, Canada","Windsor, Ontario, Canada","Windsor, Ontario, Canada","Windsor, Ontario, Canada","Windsor, Ontario","Windsor, Ontario","Windsor, Ontario","Windsor, Ontario","Windsor, Ontario","Windsor, Ontario, Canada","Windsor, Ontario, Canada","Windsor, Ontario, Canada","Windsor, Ontario, Canada","Windsor, Ontario, Canada"
What type of media do Peter Filkins and The New Criterion have in common?,['journal'],Literary media.,Literary media.,Literary media.,Literary media.,"Both have published poems, essays, and reviews.","Both have published poems, essays, and reviews.","Both have published poems, essays, and reviews.","Both have published poems, essays, and reviews.","Both have published poems, essays, and reviews.","Both have published poems, essays, and reviews.","Poems, essays, reviews, and translations","Poems, essays, reviews, and translations","Poems, essays, reviews, and translations","Poems, essays, reviews, and translations","Poems, essays, reviews, and translations",Poetry and essays,Poetry and essays,Poetry and essays,Poetry and essays,"Poems, essays, reviews, and translations",Literary criticism and poetry.,Literary criticism and poetry.,Literary criticism and poetry.,Literary criticism and poetry.,Literary criticism and poetry.
When was the album released for which Lady Gaga used for material for her Super Bowl LI halftime show?,"['October 21, 2016']","October 21, 2016","October 21, 2016","October 21, 2016","October 21, 2016","October 21, 2016",2016,2016,2016,2016,2016,2016,2016,2016,2016,2016,2016,2016,2016,2016,2016,2016,2016,2016,2016,2016
"How long did The Shire of Flinders, which encompassed the extremity of the Mornington Peninsula located south-east of Melbourne, Australia, exist?",['1874 until 1994'],1874 until 1994,1874 until 1994,1874 until 1994,1874 until 1994,1874 until 1994,1874 until 1994,1874 until 1994,1874 until 1994,1874 until 1994,1874 until 1994,1874 until 1994,1874 until 1994,1874 until 1994,1874 until 1994,1874 until 1994,1874 until 1994,1874 until 1994,1874 until 1994,1874 until 1994,1874 until 1994,1874 until 1994,1874 until 1994,1874 until 1994,1874 until 1994,1874 until 1994
Giovanna d'Arco is an opera that was created by the composer of what nationality?,['Italian'],Italian,Italian,Italian,Italian,Italian,Italian,Italian,Italian,Italian,Italian,Italian,Italian,Italian,Italian,Italian,Italian,Italian,Italian,Italian,Italian,Italian,Italian,Italian,Italian,Italian
British Airways and EasyJet are both based out of where?,['London'],"London, England","London, England","London, England","London, England","London, England",London,"London, England","London, England","London, England","London, England",London,London,London,London,"London, England",London,London,London,London,London,"London, England","London, England","London, England","London, England","London, England"
Victor Koman's Ph.D.  in Information Technology was conferred by a university located in which city ?,['Minneapolis'],Minneapolis,"Minneapolis, Minnesota","Minneapolis, Minnesota","Minneapolis, Minnesota","Minneapolis, Minnesota","Minneapolis, Minnesota","Minneapolis, Minnesota","Minneapolis, Minnesota","Minneapolis, Minnesota","Minneapolis, Minnesota","Minneapolis, Minnesota","Minneapolis, Minnesota","Minneapolis, Minnesota","Minneapolis, Minnesota","Minneapolis, Minnesota","Minneapolis, Minnesota","Minneapolis, Minnesota","Minneapolis, Minnesota","Minneapolis, Minnesota","Minneapolis, Minnesota","Minneapolis, Minnesota","Minneapolis, Minnesota","Minneapolis, Minnesota","Minneapolis, Minnesota","Minneapolis, Minnesota"
"What was the name of the fanzine that interviewed the Sex Pistols bassist when he was in the band ""The Flowers of Romance?""",['SKUM'],Skum fanzine,Skum fanzine,Skum fanzine,Skum fanzine,Skum fanzine,Skum fanzine,Skum fanzine,Skum fanzine,Skum fanzine,Skum fanzine,Skum fanzine,Skum fanzine,Skum fanzine,Skum fanzine,Skum fanzine,Skum fanzine,Skum fanzine,Skum fanzine,Skum fanzine,Skum fanzine,Skum Fanzine,Skum Fanzine,Skum Fanzine,Skum Fanzine,Skum Fanzine
What was the nationality of the composer of Chaconne in F minor?,['German'],German,German,German,German,German,German,German,German,German,German,German,German,German,German,German,German,German,German,German,German,German,German,German,German,German
What is the birthday of the man who played Lex Luthor in Superman IV: The Quest for Peace?,"['January 30, 1930']","January 30, 1930","January 30, 1930","January 30, 1930","January 30, 1930","January 30, 1930","January 30, 1930","January 30, 1930","January 30, 1930","January 30, 1930","January 30, 1930","January 30, 1930","January 30, 1930","January 30, 1930","January 30, 1930","January 30, 1930","January 30, 1930","January 30, 1930","January 30, 1930","January 30, 1930","January 30, 1930","January 30, 1930","January 30, 1930","January 30, 1930","January 30, 1930","January 30, 1930"
John Alexander and Trent Alexander-Arnold are professional footballers from which country?,['England'],"John Alexander is from Australia, and Trent Alexander-Arnold is from England.","John Alexander is from Australia, and Trent Alexander-Arnold is from England.",John Alexander is from Australia and Trent Alexander-Arnold is from the United Kingdom.,John Alexander is from Australia and Trent Alexander-Arnold is from the United Kingdom.,John Alexander is from Australia and Trent Alexander-Arnold is from the United Kingdom.,"John Alexander is from Australia, and Trent Alexander-Arnold is from the United Kingdom.",Australia and United Kingdom,Australia and United Kingdom,Australia and United Kingdom,England,Australia and United Kingdom,Australia and United Kingdom,Australia and United Kingdom,Australia and United Kingdom,England,Australia and United Kingdom,Australia and United Kingdom,Australia and United Kingdom,Australia and United Kingdom,England,"John Alexander is from Australia, and Trent Alexander-Arnold is from the United Kingdom.","John Alexander is from Australia, and Trent Alexander-Arnold is from the United Kingdom.","John Alexander is from Australia, and Trent Alexander-Arnold is from the United Kingdom.","John Alexander is from Australia, and Trent Alexander-Arnold is from the United Kingdom.","John Alexander is from Australia, and Trent Alexander-Arnold is from the United Kingdom."
What production company was co-created by the lead singer of the band Poison?,['Sheen Michaels Entertainment'],A production company,A production company,A production company,A production company,Unknown,A production company,A production company,A production company,Unknown,Unknown,Unknown,Unknown,Unknown,Unknown,Unknown,Unknown,Unknown,Unknown,Unknown,Unknown,B*M*B Productions,B*M*B Productions,B*M*B Productions,B*M*B Productions,B*M*B Productions
Are both Elko Regional Airport and Gerald R. Ford International Airport located in Michigan?,['no'],No,No,No,No,No,No,No,No,No,No,No,No,No,No,No,No,No,No,No,No,No,No,No,No,No
"Which man, Ibn Tufail or Ali Qushji, is best known for the development of astronomical physics independent from natural philosophy?",['Ali Qushji'],Ali Qushji,Ali Qushji,Ali Qushji,Ali Qushji,Ali Qushji,Ali Qushji,Ali Qushji,Ali Qushji,Ali Qushji,Ali Qushji,Ali Qushji,Ali Qushji,Ali Qushji,Ali Qushji,Ali Qushji,Ali Qushji,Ali Qushji,Ali Qushji,Ali Qushji,Ali Qushji,Ali Qushji,Ali Qushji,Ali Qushji,Ali Qushji,Ali Qushji
What was the breakthrough role of the actor starring in Good Boy! and was a native of Atlanta?,"['Tai Frasier in ""Clueless""']","Alfred ""Paper Boi"" Miles","Alfred ""Paper Boi"" Miles","Alfred ""Paper Boi"" Miles","Alfred ""Paper Boi"" Miles","Alfred ""Paper Boi"" Miles","Alfred ""Paper Boi"" Miles","Alfred ""Paper Boi"" Miles","Alfred ""Paper Boi"" Miles","Alfred ""Paper Boi"" Miles","Alfred ""Paper Boi"" Miles","Alfred ""Paper Boi"" Miles","Alfred ""Paper Boi"" Miles","Alfred ""Paper Boi"" Miles","Alfred ""Paper Boi"" Miles","Alfred ""Paper Boi"" Miles","Alfred ""Paper Boi"" Miles","Alfred ""Paper Boi"" Miles","Alfred ""Paper Boi"" Miles","Alfred ""Paper Boi"" Miles","Alfred ""Paper Boi"" Miles","Alfred ""Paper Boi"" Miles","Alfred ""Paper Boi"" Miles","Alfred ""Paper Boi"" Miles","Alfred ""Paper Boi"" Miles","Alfred ""Paper Boi"" Miles"
Boggle is a word game originally distributed by a toy and game manufacturer that published more than how many games?,"['1,800']","1,800","1,800","1,800","1,800","1,800 games","1,800 games","1,800 games","1,800 games","1,800 games","1,800 games","1,800 games","1,800 games","1,800 games","1,800 games","1,800 games","1,800","1,800","1,800","1,800","1,800",1,1,1,1,1800
What role did Julianne Moore play in the 2002 Oscar winning movie?,['emotionally troubled women'],,,,,,,,,,,,,,,,,,,,,,,,,None
What type of activity does Owner earnings and Warren Buffett have in common?,['business'],Investment,Investment,Investment,Investment,Investment,Value investing,Value investing,Value investing,Value investing,Valuation,Value investing,Value investing,Value investing,Valuation and investing,Valuation and investing,Value investing,Value investing,Value investing,Valuation method,Value investing,Investing,Investing,Investing,Investing,Investing
What was the rank of the leader of the army defeated by West Saxon forces?,['commanders of the Great Army'],Dane,Dane,Dane,Dane,Dane,Dane,Dane,Dane,Dane,Duke,Dane,Dane,Dane,Duke,Duke,Dane,Dane,Dane,Dane,Duke,Duke,Duke,Duke,Duke,Duke
"Who had the best singles ranking, Roberta Vinci or Jorge Lozano?",['Roberta Vinci'],Jorge Lozano,Jorge Lozano,Jorge Lozano,Jorge Lozano,Jorge Lozano,Jorge Lozano,Jorge Lozano,Jorge Lozano,Jorge Lozano,Jorge Lozano,Jorge Lozano,Jorge Lozano,Jorge Lozano,Jorge Lozano,Jorge Lozano,Jorge Lozano,Jorge Lozano,Jorge Lozano,Jorge Lozano,Jorge Lozano,Roberta Vinci,Roberta Vinci,Roberta Vinci,Roberta Vinci,Roberta Vinci
"What three time Tony nominee composed ""Ghost Quartet""?",['Dave Malloy'],Dave Malloy,Dave Malloy,Dave Malloy,Dave Malloy,Dave Malloy,Dave Malloy,Dave Malloy,Dave Malloy,Dave Malloy,Dave Malloy,Dave Malloy,Dave Malloy,Dave Malloy,Dave Malloy,Dave Malloy,Dave Malloy,Dave Malloy,Dave Malloy,Dave Malloy,Dave Malloy,Dave Malloy,Dave Malloy,Dave Malloy,Dave Malloy,Dave Malloy
"When did the tour begin for the album Taylor Swift released on October 22, 2012?","['March 13, 2013']","March 13, 2013","March 13, 2013","March 13, 2013","March 13, 2013","March 13, 2013","March 13, 2013","March 13, 2013","March 13, 2013","March 13, 2013","March 13, 2013","March 13, 2013","March 13, 2013","March 13, 2013","March 13, 2013","March 13, 2013","March 13, 2013","March 13, 2013","March 13, 2013","March 13, 2013","March 13, 2013","March 13, 2013","March 13, 2013","March 13, 2013","March 13, 2013","March 13, 2013"
Roxie Hart starred the entertainer and comedic actor who had what nickname?,['The King of Chutzpah'],Gwen Verdon,Gwen Verdon,Gwen Verdon,Gwen Verdon,Gwen Verdon,Gwen Verdon,Gwen Verdon,Gwen Verdon,Gwen Verdon,Gwen Verdon,Renée Zellweger,Renée Zellweger,Cedric the Entertainer,Cedric the Entertainer,Cedric the Entertainer,Gwen Verdon,Gwen Verdon,Gwen Verdon,Gwen Verdon,Gwen Verdon,The entertainer,The entertainer,Gwen Verdon,Gwen Verdon,Gwen Verdon
Are Guildford Cathedral and St Paul's Cathedral both located in England?,['yes'],Yes.,Yes.,Yes.,Yes.,Yes.,Yes.,Yes.,Yes.,Yes.,Yes.,Yes.,Yes.,Yes.,Yes.,Yes.,Yes.,Yes.,Yes.,Yes.,Yes.,Yes,Yes,Yes,Yes,Yes
Who had a perfect game against The Ignitor's team in 1998?,['David Wells'],David Wells,David Wells,David Wells,David Wells,Paul Molitor,David Wells,David Wells,David Wells,David Wells,David Wells,David Wells,David Wells,David Wells,David Wells,David Wells,David Wells,David Wells,David Wells,David Wells,David Wells,David Wells,David Wells,David Wells,David Wells,David Wells
Kevin Yorn an American entertainment attorney who represents an Australian actor who  played the role of Josh Taylor in what soap opera?,['Neighbours'],Santa Barbara,Santa Barbara,Santa Barbara,Santa Barbara,Santa Barbara,Santa Barbara,Santa Barbara,Santa Barbara,Santa Barbara,Santa Barbara,Santa Barbara,Santa Barbara,Santa Barbara,Santa Barbara,Santa Barbara,Santa Barbara,Santa Barbara,Santa Barbara,Santa Barbara,Santa Barbara,Neighbours,Neighbours,Neighbours,Neighbours,Neighbours
Who played the role of Nettie Harris in the 1985 film directed by Steven Spielberg?,['Akosua Gyamama Busia'],Akosua Busia,Akosua Busia,Akosua Busia,Akosua Busia,Akosua Busia,Akosua Busia,Akosua Busia,Akosua Busia,Akosua Busia,Akosua Busia,Akosua Busia,Akosua Busia,Akosua Busia,Akosua Busia,Akosua Busia,Akosua Busia,Akosua Busia,Akosua Busia,Akosua Busia,Akosua Busia,Akosua Busia,Akosua Busia,Akosua Busia,Akosua Busia,Akosua Busia
"How many rooms are in the building built in 1883 at Garden City in Nassau County, New York?",['500-room'],500 rooms,500 rooms,500 rooms,500 rooms,500 rooms,500 rooms,500 rooms,500 rooms,500 rooms,500 rooms,500 rooms,500 rooms,500 rooms,500 rooms,500 rooms,500 rooms,500 rooms,500 rooms,500 rooms,500 rooms,269 rooms,269 rooms,269 rooms,269 rooms,269 rooms
What do the Church of St. Mary of the Spring and Hagia Irene have in common?,['Greek Eastern Orthodox church'],Located in Istanbul,Located in Istanbul,Located in Istanbul,Located in Istanbul,Located in Istanbul,Both are churches in Istanbul,Located in Istanbul,Both are churches in Istanbul,Both are churches in Istanbul,They are both churches in Istanbul.,They are both ancient churches in Istanbul,They are both ancient churches in Istanbul,They are both ancient churches in Istanbul,They are both ancient churches in Istanbul,They are both ancient churches in Istanbul,Both are churches in Istanbul,Located in Istanbul,Both are churches in Istanbul,Both are churches in Istanbul,They are both churches in Istanbul.,Located in Istanbul,Located in Istanbul,Located in Istanbul,Located in Istanbul,Located in Istanbul
Who does the current PFA Young Player of the Year currently play for?,['Premier League club'],Arsenal,Arsenal,Arsenal,Arsenal,Arsenal,Arsenal,Arsenal,Arsenal,Arsenal,Arsenal,Arsenal,Arsenal,Arsenal,Arsenal,Arsenal,Arsenal,Arsenal,Arsenal,Arsenal,Arsenal,Arsenal,Arsenal,Arsenal,Arsenal,Arsenal
"Who was Germany's large-scale, low strength fortification unit, disbanded in 1919, named after? ",['Menges'],Edmund Pendleton Gaines,Edmund Pendleton Gaines,Edmund Pendleton Gaines,Edmund Pendleton Gaines,Edmund Pendleton Gaines,Edmund Pendleton Gaines,Edmund Pendleton Gaines,Edmund Pendleton Gaines,Edmund Pendleton Gaines,Edmund Pendleton Gaines,Austro-Hungarian,Austro-Hungarian,Austro-Hungarian,Austro-Hungarian,André Maginot,Austro-Hungarian,Austro-Hungarian,Austro-Hungarian,Austro-Hungarian,Austro-Hungarian,Austro-Hungarian,Austro-Hungarian,Austro-Hungarian,André Maginot,André Maginot
"József Viola's association was most prominent with which professional Italian football club in Turin, Piedmont?",['Juventus Football Club'],Juventus,Juventus,Juventus,Juventus,Juventus,Juventus,Juventus,Juventus,Juventus,Juventus,Juventus,Juventus,Juventus,Juventus,Juventus,Juventus,Juventus,Juventus,Juventus,Juventus,Juventus,Juventus,Juventus,Juventus,Juventus
Were both Prince and Patty Jenkins have been inducted into the Rock and Roll Hall of Fame?,['no'],No,No,No,No,No,No,No,No,No,No,No,No,No,No,No,No,No,No,No,No,No,No,No,No,No
"Are the bands ""Black Grape"" and ""Balance and Composure"" from the same country?",['no'],No,No,No,No,No,No,No,No,No,No,No,No,No,No,No,No,No,No,No,No,No,No,No,No,No
are Tinto Brass and Baltasar Kormákur both from the same country ?,['no'],No.,No.,No.,No.,No.,No.,No.,No.,No.,No.,No.,No.,No.,No.,No.,No.,No.,No.,No.,No.,No.,No.,No.,No.,No.
which university was founded first Duke University or Tufts University?,['Duke University'],Duke University,Duke University,Duke University,Duke University,Duke University,Duke University,Duke University,Duke University,Duke University,Duke University,Duke University,Duke University,Duke University,Duke University,Duke University,Duke University,Duke University,Duke University,Duke University,Duke University,Duke University,Duke University,Duke University,Duke University,Duke University
What is the current position held by the Nathan Sharansky's co-author of the book The Case for Democracy?,['Israeli Ambassador'],Minister of Strategic Affairs of Israel,Minister of Strategic Affairs of Israel,Minister of Strategic Affairs of Israel,Minister of Strategic Affairs of Israel,Minister of Strategic Affairs of Israel,Minister of Strategic Affairs of Israel,Minister of Strategic Affairs of Israel,Minister of Strategic Affairs of Israel,Minister of Strategic Affairs of Israel,Minister of Strategic Affairs of Israel,Minister of Strategic Affairs of Israel,Minister of Strategic Affairs of Israel,Minister of Strategic Affairs of Israel,Israeli Minister of Strategic Affairs,Minister of Strategic Affairs of Israel,Minister of Strategic Affairs of Israel,Minister of Strategic Affairs of Israel,Minister of Strategic Affairs of Israel,Minister of Strategic Affairs of Israel,Minister of Strategic Affairs of Israel,Israeli Minister of Strategic Affairs,Israeli Minister of Strategic Affairs,Israeli Minister of Strategic Affairs,Israeli Minister of Strategic Affairs,Israeli Minister of Strategic Affairs
What was the nickname of the player who played his final season for the 2016 Miami Dolphins before dying in an accident?,['Niño'],Xavien Howard,,Xavien Howard,Xavien Howard,Xavien Howard,Unknown,Xavien Howard,Xavien Howard,Xavien Howard,Xavien Howard,Sweetness,Sweetness,Sweetness,Sweetness,"""Sweetness""",Sweetness,Sweetness,Sweetness,Sweetness,Sweetness,Sweetness,Sweetness,Sweetness,Sweetness,Sweetness
Is Velvetpark or Shape magazine written more for a lesbian and queer-identified female readership?,['Velvetpark'],Velvetpark,Velvetpark,Velvetpark,Velvetpark,Velvetpark,Velvetpark,Velvetpark,Velvetpark,Velvetpark,Velvetpark,Velvetpark magazine,Velvetpark,Velvetpark,Velvetpark,Velvetpark,Velvetpark magazine,Velvetpark,Velvetpark,Velvetpark,Velvetpark,Velvetpark,Velvetpark,Velvetpark,Velvetpark,Velvetpark
Why is Serena Williams more accomplished than Mariaan de Swardt in her tennis career?,['the world No. 1 for the first time'],More Grand Slam singles titles,More Grand Slam singles titles,More Grand Slam singles titles,More Grand Slam singles titles,More Grand Slam singles titles,More Grand Slam singles titles,More Grand Slam singles titles,More Grand Slam singles titles,More Grand Slam singles titles,More Grand Slam singles titles,More Grand Slam singles titles,More Grand Slam singles titles,More Grand Slam singles titles,More Grand Slam titles,More Grand Slam titles,More Grand Slam titles,More Grand Slam singles titles,More Grand Slam singles titles,More Grand Slam titles,More Grand Slam singles titles,More Grand Slam titles,More Grand Slam titles,More Grand Slam titles,More Grand Slam titles,More Grand Slam titles
"On what album is Samuel ""Sam"" Ervin Beam's cover of ""Such Great Heights"" featured?","['""Give Up""']",Such Great Heights,Such Great Heights,Such Great Heights,Such Great Heights,Such Great Heights,Such Great Heights,Such Great Heights,Such Great Heights,Such Great Heights,Such Great Heights,Such Great Heights,Such Great Heights,Such Great Heights,Such Great Heights,Such Great Heights,Such Great Heights,Such Great Heights,Such Great Heights,Such Great Heights,Such Great Heights,Such Great Heights,Such Great Heights,Such Great Heights,Such Great Heights,Such Great Heights
What race track in the midwest hosts a 500 mile race eavery May?,['Indianapolis Motor Speedway'],Indianapolis Motor Speedway,Indianapolis Motor Speedway,Indianapolis Motor Speedway,Indianapolis Motor Speedway,Indianapolis Motor Speedway,Indianapolis Motor Speedway,Indianapolis Motor Speedway,Indianapolis Motor Speedway,Indianapolis Motor Speedway,Indianapolis Motor Speedway,Indianapolis Motor Speedway,Indianapolis Motor Speedway,Indianapolis Motor Speedway,Indianapolis Motor Speedway,Indianapolis Motor Speedway,Indianapolis Motor Speedway,Indianapolis Motor Speedway,Indianapolis Motor Speedway,Indianapolis Motor Speedway,Indianapolis Motor Speedway,Indianapolis Motor Speedway,Indianapolis Motor Speedway,Indianapolis Motor Speedway,Indianapolis Motor Speedway,Indianapolis Motor Speedway
What does the organization associated with Carl Wieland believe about anything other than the young earth view? ,['a compromise on biblical inerrancy'],It is a compromise on the principle of the Bible.,It is a compromise on the principle of the Bible.,It is a compromise on the principle of the Bible.,It is a compromise on the principle of the Bible.,compromise,A compromise,compromise,It is a compromise on the principle of the Bible.,It is a compromise on the principle of the Bible.,A compromise,It is a compromise on the principle of biblical inerrancy.,It is a compromise on the principle of biblical inerrancy.,It is a compromise on the principle of biblical inerrancy.,It is a compromise on the principle of biblical inerrancy.,It is a compromise on the principle of biblical inerrancy.,It is a compromise on the principle of the Bible.,It is a compromise on the principle of the Bible,It is a compromise on the principle of the Bible,It is a compromise on the principle of the Bible,A compromise,It is a compromise on the principle of biblical inerrancy.,It is a compromise on the principle of biblical inerrancy.,It is a compromise on the principle of biblical inerrancy.,It is a compromise on the principle of biblical inerrancy.,It is a compromise on the principle of biblical inerrancy.
"What type of place does Regency Road, Adelaide and Klemzig, South Australia have in common?",['city'],Suburb,Suburbs,Suburbs,Suburbs,Suburbs,Suburbs,Suburbs,Suburbs,Suburbs,Suburbs,"They are both in Adelaide, South Australia.","They are both in Adelaide, South Australia.",South Australia,South Australia,South Australia,"They are both in Adelaide, South Australia.",Suburbs of Adelaide,Suburbs of Adelaide,Suburbs of Adelaide,Suburbs of Adelaide,"They are both in Adelaide, South Australia.","They are both in Adelaide, South Australia.",South Australia,South Australia,South Australia
The owner of radio station KWPW has the same name as an American character actor. What is it?,['Bill McCutcheon'],Alex Meruelo,Alex Meruelo,Alex Meruelo,Alex Meruelo,Alex Meruelo,Alex Meruelo,Alex Meruelo,Alex Meruelo,Alex Meruelo,Alex Meruelo,Alex Meruelo,Alex Meruelo,Alex Meruelo,Alex Meruelo,Alex Meruelo,Marvin Miller,Marvin Miller,Alex Meruelo,Alex Meruelo,Alex Meruelo,Alex Meruelo,Alex Meruelo,Alex Meruelo,Alex Meruelo,Alex Meruelo
In what city can a person find both the Nusretiye Clock Tower and the Eski Imaret Mosque be found?,"['Istanbul, Turkey']",Istanbul,"Istanbul, Turkey",Istanbul,Istanbul,Istanbul,Istanbul,Istanbul,Istanbul,Istanbul,Istanbul,Istanbul,Istanbul,Istanbul,Istanbul,Istanbul,Istanbul,Istanbul,Istanbul,Istanbul,Istanbul,"Istanbul, Turkey","Istanbul, Turkey","Istanbul, Turkey","Istanbul, Turkey","Istanbul, Turkey"
What is the name of the independent candidate in Maine's 2010 gubernatorial race who finished ahead of Libby Mitchell?,['Eliot Cutler'],Eliot Cutler,Eliot Cutler,Eliot Cutler,Eliot Cutler,Eliot Cutler,Eliot Cutler,Eliot Cutler,Eliot Cutler,Eliot Cutler,Eliot Cutler,Eliot Cutler,Eliot Cutler,Eliot Cutler,Eliot Cutler,Eliot Cutler,Eliot Cutler,Eliot Cutler,Eliot Cutler,Eliot Cutler,Eliot Cutler,Eliot Cutler,Eliot Cutler,Eliot Cutler,Eliot Cutler,Eliot Cutler
"What Province in Sicily, founded in the eighth century B.C., was the birthplace of the famous historical mathematician Archimedes?",['Province of Syracuse'],Syracuse,Syracuse,Syracuse,Syracuse,Syracuse,Syracuse,Syracuse,Syracuse,Syracuse,Syracuse,Syracuse,Syracuse,Syracuse,Syracuse,Syracuse,Syracuse,Syracuse,Syracuse,Syracuse,Syracuse,Syracuse,Syracuse,Syracuse,Syracuse,Syracuse
What is the name of second extended play by the artists of the mini-abum Code#01?,['Code#02 Pretty Pretty'],2NE1,Pretty Pretty,Pretty Pretty,Pretty Pretty,Pretty Pretty,2NE1,Pretty Pretty,2NE1,2NE1,2NE1,2NE1 (2011 EP),2NE1 (2011 EP),2NE1,Bad Girl,2NE1,2NE1,2NE1,2NE1,2NE1,2NE1,2NE1 2nd Mini Album,2NE1 2nd Mini Album,2NE1 2nd Mini Album,2NE1 2nd Mini Album,2NE1 2nd Mini Album
What publisher published Anthony Doerr's Pulitzer Prize fiction novel?,['Scribner'],Scribner,Scribner,Scribner,Scribner,Scribner,Scribner,Scribner,Scribner,Scribner,Scribner,Scribner,Scribner,Scribner,Scribner,Scribner,Scribner,Scribner,Scribner,Scribner,Scribner,Scribner,Scribner,Scribner,Scribner,Scribner
The design team for role playing game Black Crusade featured the work of this designer who was the lead developer for what game?,['Dark Heresy'],Dark Heresy,Dark Heresy,Dark Heresy,Dark Heresy,Dark Heresy,Dark Heresy,Dark Heresy,Dark Heresy,Dark Heresy,Dark Heresy,Dark Heresy,Dark Heresy,Dark Heresy,Dark Heresy,Dark Heresy,Dark Heresy,Dark Heresy,Dark Heresy,Dark Heresy,Dark Heresy,Dark Heresy,Dark Heresy,Dark Heresy,Dark Heresy,Dark Heresy
What midfielder for West Bromwich Albion is Michael John Standing an agent for?,['Gareth Barry'],Gareth Barry,Gareth Barry,Gareth Barry,Gareth Barry,Gareth Barry,Gareth Barry,Gareth Barry,Gareth Barry,Gareth Barry,Gareth Barry,Gareth Barry,Gareth Barry,Gareth Barry,Gareth Barry,Gareth Barry,Gareth Barry,Gareth Barry,Gareth Barry,Gareth Barry,Gareth Barry,Gareth Barry,Gareth Barry,Gareth Barry,Gareth Barry,Gareth Barry
What do Woodstock and American Dream have in common?,['documentary film'],1960s culture,1960s culture,1960s culture,Both are associated with the 1960s and represent ideals of freedom and equality.,Upward mobility and success,Both are associated with the 1960s.,Both are associated with the 1960s.,1960s,"Location in Bethel, New York in 1969",1960s,Unity and peace,Unity and peace,Unity and peace,Unity and peace,Unity and peace,They both took place in America.,They both took place in America.,Both are associated with the United States.,Both are associated with the United States.,Success and upward mobility,Counterculture movement and protests against the Vietnam War,Counterculture movement and protests against the Vietnam War,Counterculture movement and protests against the Vietnam War,Counterculture movement and protests against the Vietnam War,Counterculture movement and protests against the Vietnam War
Are both Adolfo Bioy Casares and James Norman Hall Argentinian authors?,['no'],No,No,No,No,No,No,No,No,No,No,No,No,No,No,No,No,No,No,No,No,No,No,No,No,No
"Which item spanned farther distances regarding sales, Interact Home Computer or Sord M5?",['Sord M5'],Sord M5,Sord M5,Sord M5,Sord M5,Sord M5,Sord M5,Sord M5,Sord M5,Sord M5,Sord M5,Sord M5,Sord M5,Sord M5,Sord M5,Sord M5,Sord M5,Sord M5,Sord M5,Sord M5,Sord M5,Sord M5,Sord M5,Sord M5,Sord M5,Sord M5
The King of Hollywood starred in what 1932 American pre-Code dram film?,['Strange Interlude'],Strange Interlude,Strange Interlude,Strange Interlude,Strange Interlude,Strange Interlude,No Man of Her Own,No Man of Her Own,No Man of Her Own,No Man of Her Own,No Man of Her Own,No Man of Her Own,No Man of Her Own,No Man of Her Own,No Man of Her Own,No Man of Her Own,No Man of Her Own,No Man of Her Own,No Man of Her Own,No Man of Her Own,No Man of Her Own,No Man of Her Own,No Man of Her Own,No Man of Her Own,No Man of Her Own,No Man of Her Own
Which university did the third pick by the Philadelphia 76ers in the 2014 NBA draft attend before he was drafted?,['University of Kansas'],University of Kansas,University of Kansas,University of Kansas,University of Kansas,University of Kansas,University of Kansas,University of Kansas,University of Kansas,University of Kansas,University of Kansas,University of Kansas,University of Kansas,University of Kansas,University of Kansas,University of Kansas,University of Kansas,University of Kansas,University of Kansas,University of Kansas,University of Kansas,University of Kansas,University of Kansas,University of Kansas,University of Kansas,University of Kansas
"Between two scientists Ernst Messerschmid and Philippe Perrin, who is older?",['Ernst Willi Messerschmid'],Ernst Messerschmid,Ernst Messerschmid,Ernst Messerschmid,Ernst Messerschmid,Ernst Messerschmid,Ernst Messerschmid,Ernst Messerschmid,Ernst Messerschmid,Ernst Messerschmid,Ernst Messerschmid,Ernst Messerschmid,Ernst Messerschmid,Ernst Messerschmid,Ernst Messerschmid,Ernst Messerschmid,Ernst Messerschmid,Ernst Messerschmid,Ernst Messerschmid,Ernst Messerschmid,Ernst Messerschmid,Ernst Messerschmid,Ernst Messerschmid,Ernst Messerschmid,Ernst Messerschmid,Ernst Messerschmid
"What former city, now the fourth-largest Russian city, was the Belarusian State Technological University evacuated to in 1941?",['Sverdlovsk'],Sverdlovsk,Sverdlovsk,Sverdlovsk,Sverdlovsk,Sverdlovsk,Sverdlovsk,Sverdlovsk,Sverdlovsk,Sverdlovsk,Sverdlovsk,Sverdlovsk,Sverdlovsk,Sverdlovsk,Sverdlovsk,Sverdlovsk,Sverdlovsk,Sverdlovsk,Sverdlovsk,Sverdlovsk,Sverdlovsk,"Sverdlovsk, now Yekaterinburg","Sverdlovsk, now Yekaterinburg","Sverdlovsk, now Yekaterinburg","Sverdlovsk, now Yekaterinburg","Sverdlovsk, now Yekaterinburg"
Shirley Breeden won her first Senate term in a narrow upset over the politician who was a member of what branch of the armed forces?,['U.S. Army'],United States Army Reserve,United States Army Reserve,United States Army Reserve,United States Army Reserve,United States Army Reserve,Army Reserve,Army Reserve,Army Reserve,Army Reserve,Army Reserve,Army Reserve,Army Reserve,Army Reserve,United States Army Reserve,Army Reserve,Army Reserve,Army Reserve,Army Reserve,Army Reserve,Army Reserve,Republican,Republican,Republican,Republican,Republican
The Governor of Santiago del Estero is a citizen of the province that is neighbored by which province on the north?,['Salta'],Salta,Salta,Salta,Salta,Salta,Salta,Salta,Salta,Salta,Salta,Salta,Salta,Salta,Salta,Salta,Salta,Salta,Salta,Salta,Salta,Salta,Salta,Salta,Salta,Salta
"In the Library with the Lead Pipe, an academic journal on topics about libraries, is abstracted and indexed by this third largest private company in Birmingham, Alabama? ",['EBSCO Information Services'],No,No,No,No,No,Not mentioned,Not mentioned,Not mentioned,Not mentioned,Not mentioned,No,No,No,No,No,No,No,No,No,No,No,O'Neal Industries,O'Neal Industries,O'Neal Industries,O'Neal Industries
In what city did Charlie Spiller play college football?,['Lorman'],Alcorn State,Alcorn State,Alcorn State,Alcorn State,Alcorn State,Alcorn State,Alcorn State,Alcorn State,Alcorn State,Alcorn State,Alcorn State,Alcorn State,Alcorn State,Alcorn State,Alcorn State,Alcorn State,Alcorn State,Alcorn State,Alcorn State,Alcorn State,Alcorn State,Alcorn State,Alcorn State,Alcorn State,Alcorn State
"Which musician was born first, Constantine Orbelian or Lili Chookasian?",['Lili Chookasian'],Lili Chookasian,Lili Chookasian,Lili Chookasian,Lili Chookasian,Lili Chookasian,Lili Chookasian,Lili Chookasian,Lili Chookasian,Lili Chookasian,Lili Chookasian,Lili Chookasian,Lili Chookasian,Lili Chookasian,Lili Chookasian,Lili Chookasian,Lili Chookasian,Lili Chookasian,Lili Chookasian,Lili Chookasian,Lili Chookasian,Lili Chookasian,Lili Chookasian,Lili Chookasian,Lili Chookasian,Lili Chookasian
"What is the birthday of the author of ""She Walks These Hills""?","['February 26, 1948']","February 26, 1948","February 26, 1948","February 26, 1948","February 26, 1948","February 26, 1948","February 26, 1948","February 26, 1948","February 26, 1948","February 26, 1948","February 26, 1948","February 26, 1948","February 26, 1948","February 26, 1948","February 26, 1948","February 26, 1948","February 26, 1948","February 26, 1948","February 26, 1948","February 26, 1948","February 26, 1948","February 26, 1948","February 26, 1948","February 26, 1948","February 26, 1948","February 26, 1948"
How far from Buenos Aires is the birthplace of Ezequiel Lazaro? ,['about 700 km'],Córdoba,Córdoba,In Argentina,In Argentina,In Argentina,Córdoba,Córdoba,Córdoba,Córdoba,In Argentina,Córdoba,Córdoba,Córdoba,Córdoba,Córdoba,Córdoba,Córdoba,Córdoba,Córdoba,In Argentina,Córdoba,Córdoba,Córdoba,Córdoba,Córdoba
"How many laps did Harry Prowell run during the 10,000 metres race at the 1967 Pan American Games?",['25 laps'],,25 laps,25 laps,25 laps,25 laps,,25 laps,25 laps,25,25 laps,25 laps,25 laps,25 laps,25 laps,25 laps,25 laps,25 laps,25 laps,25 laps,25 laps,25 laps,25 laps,25 laps,25 laps,25
"Who has a wider scope of profession, Pete Dexter or Elie Wiesel?","['Eliezer ""Elie"" Wiesel KBE']",Elie Wiesel,Elie Wiesel,Elie Wiesel,Elie Wiesel,Elie Wiesel,Elie Wiesel,Elie Wiesel,Elie Wiesel,Elie Wiesel,Elie Wiesel,Elie Wiesel,Elie Wiesel,Elie Wiesel,Elie Wiesel,Elie Wiesel,Elie Wiesel,Elie Wiesel,Elie Wiesel,Elie Wiesel,Elie Wiesel,Elie Wiesel,Elie Wiesel,Elie Wiesel,Elie Wiesel,Elie Wiesel
When was the king that started coin production in Copenhagen born?,['2 February 1455'],"February 2, 1455","February 2, 1455","February 2, 1455","February 2, 1455","February 2, 1455","February 2, 1455","February 2, 1455","February 2, 1455","February 2, 1455","February 2, 1455",around 920,around 920,around 920,around 920,Around 920,"February 2, 1455","February 2, 1455","February 2, 1455","February 2, 1455","February 2, 1455",Around 958,Around 958,Around 958,Around 958,Around 958
"Of the retired tennis players Ross Case and Slobodan Živojinović, which player reached a higher career-high singles ranking?",['Ross Case'],Ross Case,Ross Case,Ross Case,Ross Case,Ross Case,Ross Case,Ross Case,Ross Case,Ross Case,Ross Case,Ross Case,Ross Case,Ross Case,Ross Case,Ross Case,Ross Case,Ross Case,Ross Case,Ross Case,Ross Case,Ross Case,Ross Case,Ross Case,Ross Case,Ross Case
"How many episodes were in the season of ""Rick and Morty"" that featured an episode called ""The Ricks Must Be Crazy""?",['ten'],Ten episodes,Ten episodes,Ten episodes,Ten episodes,Ten episodes,Ten episodes,Ten episodes,Ten episodes,Ten episodes,Ten episodes,Ten episodes,Ten episodes,Ten episodes,Ten episodes,Ten episodes,Ten episodes,Ten episodes,Ten episodes,Ten episodes,Ten episodes,Ten episodes,Ten episodes,Ten episodes,Ten episodes,Ten episodes
"Iola is a city along the Neosho River in a region of Kansas that can be defined by Woddson County in the northwest, and what county in the northeast?",['Bourbon County'],Woodson County,Woodson County,Woodson County,Woodson County,Woodson County,Woodson County,Woodson County,Woodson County,Allen County,Allen County,Woodson County,Woodson County,Woodson County,Coffey County,Coffey County,Woodson County,Woodson County,Woodson County,Woodson County,Woodson County,Coffey County,Coffey County,Coffey County,Coffey County,Coffey County
"David Sinclair is a fictional character in ""Numb3rs"", a crime drama produced by what company headquartered in New York City and Los Angeles?",['CBS Corporation'],Scott Free Productions,Scott Free Productions,Scott Free Productions,Scott Free Productions,Scott Free Productions,Scott Free Productions,Scott Free Productions,Scott Free Productions,Scott Free Productions,Scott Free Productions,Scott Free Productions,Scott Free Productions,Scott Free Productions,Scott Free Productions,Scott Free Productions,Scott Free Productions,Scott Free Productions,Scott Free Productions,Scott Free Productions,Scott Free Productions,Scott Free Productions,Scott Free Productions,Scott Free Productions,Scott Free Productions,Scott Free Productions
"Where was the film set in which the daughter of Shashi Kapoor, along side Sarat Pujari and Navni Parihar, set?",['Orissa'],rural Odisha,rural Odisha,rural Odisha,rural Odisha,rural Odisha,rural Odisha,rural Odisha,rural Odisha,rural Odisha,rural Odisha,rural Odisha,rural Odisha,rural Odisha,rural Odisha,rural Odisha,Rural Odisha,Rural Odisha,rural Odisha,rural Odisha,rural Odisha,India,India,India,India,India
Georges-Henri Bousquet translated the work of a historian who is of what heritage?,['North African Arab'],Tunisian,Tunisian,Tunisian,Tunisian,Tunisian,Tunisian,Tunisian,Tunisian,Tunisian,Tunisian,Tunisian,Tunisian,Tunisian,Tunisian,Tunisian,Tunisian,Tunisian,Tunisian,Tunisian,Tunisian,Tunisian,Tunisian,Tunisian,Tunisian,Tunisian
"Which film was created more recently, Koyaanisqatsi or Mad Hot Ballroom?",['Mad Hot Ballroom'],Mad Hot Ballroom,Mad Hot Ballroom,Mad Hot Ballroom,Mad Hot Ballroom,Mad Hot Ballroom,Mad Hot Ballroom,Mad Hot Ballroom,Mad Hot Ballroom,Mad Hot Ballroom,Mad Hot Ballroom,Mad Hot Ballroom,Mad Hot Ballroom,Mad Hot Ballroom,Mad Hot Ballroom,Mad Hot Ballroom,Mad Hot Ballroom,Mad Hot Ballroom,Mad Hot Ballroom,Mad Hot Ballroom,Mad Hot Ballroom,Mad Hot Ballroom,Mad Hot Ballroom,Mad Hot Ballroom,Mad Hot Ballroom,Mad Hot Ballroom
How many novels are there in series of novels which were adapted for a 2015 BBC TV  series in which Ruby Bentall plays a character called Verity ?,['12'],Twelve,Twelve novels,Twelve novels,Twelve novels,Twelve novels,Twelve,Twelve,Twelve novels,Twelve novels,Twelve novels,Twelve,Twelve,Twelve novels,Twelve novels,Twelve,Twelve,Twelve,Twelve novels,Twelve novels,Twelve,12 novels,12 novels,12 novels,12 novels,12 novels
An Cat Dubh / Into the Heart is a song from the U2 album released on what date?,['20 October 1980'],"October 20, 1980","October 20, 1980","October 20, 1980","October 20, 1980","October 20, 1980","October 20, 1980","October 20, 1980","October 20, 1980","October 20, 1980","October 20, 1980","October 20, 1980","October 20, 1980","October 20, 1980","October 20, 1980","October 20, 1980","October 20, 1980","October 20, 1980","October 20, 1980","October 20, 1980","October 20, 1980",1980,1980,1980,1980,1980
Are Horace Ové and A. Edward Sutherland both photographers?,['no'],No,No,No,No,No,No,No,No,No,No,No,No,No,No,No,No,No,No,No,No,No,No,No,No,No
Did Nicholas Hytner and Maya Deren work in the same role in the film industry?,['no'],No,No,No,No,No,No,No,No,No,No,No,No,No,No,No,No,No,No,No,No,No,No,No,No,No
What band did Gator Country guitarist that co-wrote Bloody Reunion come from?,['Molly Hatchet'],Molly Hatchet,Molly Hatchet,Molly Hatchet,Molly Hatchet,Molly Hatchet,Molly Hatchet,Molly Hatchet,Molly Hatchet,Molly Hatchet,Molly Hatchet,Molly Hatchet,Molly Hatchet,Molly Hatchet,Molly Hatchet,Molly Hatchet,Molly Hatchet,Molly Hatchet,Molly Hatchet,Molly Hatchet,Molly Hatchet,Molly Hatchet,Molly Hatchet,Molly Hatchet,Molly Hatchet,Molly Hatchet
"What is the main industry of this town with a population of around 2,600 as of 2010 that has Mountain Valley High School attendees as residents?",['papermaking industry'],Health Care & Social Assistance,Health Care & Social Assistance,Health Care & Social Assistance,Health Care & Social Assistance,Health Care & Social Assistance,Health Care & Social Assistance,Health Care & Social Assistance,Health Care & Social Assistance,Health Care & Social Assistance,Health Care & Social Assistance,Health Care & Social Assistance,Health Care & Social Assistance,Health Care & Social Assistance,Health Care & Social Assistance,Health Care & Social Assistance,Health Care & Social Assistance,Health Care & Social Assistance,Health Care & Social Assistance,Health Care & Social Assistance,Health Care & Social Assistance,Health Care & Social Assistance,Health Care & Social Assistance,Health Care & Social Assistance,Health Care & Social Assistance,Health Care & Social Assistance
" ""Coming Over"" is the second Japanese single album by a boy group that debuted in what year?",['2012'],2012,2012,2012,2012,2012,2016,2016,2016,2016,2016,2016,2016,2016,2016,2016,2016,2016,2016,2016,2016,2012,2012,2012,2012,2012
"Where was the Danish colony, in which the Scandinavian Collectors Club claims as part of their region and includes the islands of Saint Thomas, located?",['Caribbean'],Caribbean,Caribbean,Caribbean,Caribbean,Caribbean,Caribbean,Caribbean,Caribbean,Caribbean,Caribbean,Caribbean,Caribbean,Caribbean,Caribbean,Caribbean,Caribbean,Caribbean,Caribbean,Caribbean,Caribbean,Caribbean,Caribbean,Caribbean,Caribbean,Caribbean
What award did the actor in Tales from the Crypt win?,['BAFTA TV Award Best Actor'],1990 Emmy Award for Outstanding Guest Actor in a Drama Series,1990 Emmy Award for Outstanding Guest Actor in a Drama Series,1990 Emmy Award for Outstanding Guest Actor in a Drama Series,1990 Emmy Award for Outstanding Guest Actor in a Drama Series,1990 Emmy Award for Outstanding Guest Actor in a Drama Series,1990 Emmy Award for Outstanding Guest Actor in a Drama Series,1990 Emmy Award for Outstanding Guest Actor in a Drama Series,1990 Emmy Award for Outstanding Guest Actor in a Drama Series,1990 Emmy Award for Outstanding Guest Actor in a Drama Series,1990 Emmy Award for Outstanding Guest Actor in a Drama Series,1990 Emmy Award for Outstanding Guest Actor in a Drama Series,1990 Emmy Award for Outstanding Guest Actor in a Drama Series,1990 Emmy Award for Outstanding Guest Actor in a Drama Series,1990 Emmy Award for Outstanding Guest Actor in a Drama Series,1990 Emmy Award for Outstanding Guest Actor in a Drama Series,1990 Emmy Award for Outstanding Guest Actor in a Drama Series,1990 Emmy Award for Outstanding Guest Actor in a Drama Series,1990 Emmy Award for Outstanding Guest Actor in a Drama Series,1990 Emmy Award for Outstanding Guest Actor in a Drama Series,1990 Emmy Award for Outstanding Guest Actor in a Drama Series,Primetime Emmy Award,Primetime Emmy Award,Primetime Emmy Award,Primetime Emmy Award,Primetime Emmy Award
Who played a more important role in the church George Albert Smith or Wong Jing?,['George Albert Smith'],George Albert Smith,George Albert Smith,George Albert Smith,George Albert Smith,George Albert Smith,George Albert Smith,George Albert Smith,George Albert Smith,George Albert Smith,George Albert Smith,George Albert Smith,George Albert Smith,George Albert Smith,George Albert Smith,George Albert Smith,George Albert Smith,George Albert Smith,George Albert Smith,George Albert Smith,George Albert Smith,George Albert Smith,George Albert Smith,George Albert Smith,George Albert Smith,George Albert Smith
"What memorial park located at John J. Pershing Drive in North Omaha has, among other amenities, a baseball park?",['Dodge Memorial Park'],N.P. Dodge Memorial Park,N.P. Dodge Memorial Park,N.P. Dodge Memorial Park,N.P. Dodge Memorial Park,N.P. Dodge Memorial Park,N.P. Dodge Memorial Park,N.P. Dodge Memorial Park,N.P. Dodge Memorial Park,N.P. Dodge Memorial Park,N.P. Dodge Memorial Park,N.P. Dodge Memorial Park,N.P. Dodge Memorial Park,NP Dodge Memorial Park,NP Dodge Memorial Park,N.P. Dodge Memorial Park,N.P. Dodge Memorial Park,N.P. Dodge Memorial Park,N.P. Dodge Memorial Park,N.P. Dodge Memorial Park,N.P. Dodge Memorial Park,N.P. Dodge Memorial Park,N.P. Dodge Memorial Park,N.P. Dodge Memorial Park,N.P. Dodge Memorial Park,N.P. Dodge Memorial Park
"The Bart the Fink episode of The Simpsons aired in February of 1996, and involves the host of which kiddie show?",['The Itchy & Scratchy Show'],Krusty the Clown,Krusty the Clown,Krusty the Clown,Krusty the Clown,Krusty the Clown,Krusty the Clown,Krusty the Clown,Krusty the Clown,Krusty the Clown,Krusty the Clown,Krusty the Clown,Krusty the Clown,Krusty the Clown,Krusty the Clown,Krusty the Clown,Krusty the Clown,Krusty the Clown,Krusty the Clown,Krusty the Clown,Krusty the Clown,Krusty the Clown,Krusty the Clown,Krusty the Clown,Krusty the Clown,Krusty the Clown
"Between the two film makers Fabián Bielinsky and Murdock MacQuarrie, who was born earlier?",['Murdock MacQuarrie'],Murdock MacQuarrie,Murdock MacQuarrie,Murdock MacQuarrie,Murdock MacQuarrie,Murdock MacQuarrie,Murdock MacQuarrie,Murdock MacQuarrie,Murdock MacQuarrie,Murdock MacQuarrie,Murdock MacQuarrie,Murdock MacQuarrie,Murdock MacQuarrie,Murdock MacQuarrie,Murdock MacQuarrie,Murdock MacQuarrie,Murdock MacQuarrie,Murdock MacQuarrie,Murdock MacQuarrie,Murdock MacQuarrie,Murdock MacQuarrie,Murdock MacQuarrie,Murdock MacQuarrie,Murdock MacQuarrie,Murdock MacQuarrie,Murdock MacQuarrie
Which Prince of Bismarcks EMS dispatch incited France to declare the Franco-Prussian War in July 1870,['Otto Eduard Leopold'],Prince Leopold of Hohenzollern-Sigmaringen,Prince Leopold of Hohenzollern-Sigmaringen,Prince Leopold of Hohenzollern-Sigmaringen,Prince Leopold of Hohenzollern-Sigmaringen,Prince Leopold of Hohenzollern-Sigmaringen,Prince Leopold of Hohenzollern-Sigmaringen,Prince Leopold of Hohenzollern-Sigmaringen,Prince Leopold of Hohenzollern-Sigmaringen,Prince Leopold of Hohenzollern-Sigmaringen,Prince Leopold of Hohenzollern-Sigmaringen,Prince Leopold of Hohenzollern-Sigmaringen,Prince Leopold of Hohenzollern-Sigmaringen,Prince Leopold of Hohenzollern-Sigmaringen,Prince Leopold of Hohenzollern-Sigmaringen,Prince Leopold of Hohenzollern-Sigmaringen,Prince Leopold of Hohenzollern-Sigmaringen,Prince Leopold of Hohenzollern-Sigmaringen,Prince Leopold of Hohenzollern-Sigmaringen,Prince Leopold of Hohenzollern-Sigmaringen,Prince Leopold of Hohenzollern-Sigmaringen,"Leopold, Prince of Hohenzollern","Leopold, Prince of Hohenzollern",Prince Leopold of Hohenzollern-Sigmaringen,Prince Leopold of Hohenzollern-Sigmaringen,Prince Leopold of Hohenzollern-Sigmaringen
What genre does Orkworld and John Wick have in common?,['role-playing'],Fantasy and action thriller.,Fantasy and action thriller.,Action,Action,Action,Fantasy and action thriller.,Fantasy and action thriller.,Action,Action,Action,Fantasy and action thriller.,Fantasy and action thriller.,Fantasy and action thriller.,Fantasy and action thriller.,Fantasy and action thriller.,Fantasy and action thriller.,Fantasy and action thriller.,Action,Action,Action,Action,Action,Action,Action,Action
"Who was born first, Ana Kasparian or Andre Agassi?",['Andre Kirk Agassi'],Andre Agassi,Andre Agassi,Andre Agassi,Andre Agassi,Andre Agassi,Andre Agassi,Andre Agassi,Andre Agassi,Andre Agassi,Andre Agassi,Andre Agassi,Andre Agassi,Andre Agassi,Andre Agassi,Andre Agassi,Andre Agassi,Andre Agassi,Andre Agassi,Andre Agassi,Andre Agassi,Andre Agassi,Andre Agassi,Andre Agassi,Andre Agassi,Andre Agassi
"Which of these artist lives closer to Canada, Koshi Inaba or Jonathan Davis?",['Jonathan Howsmon Davis'],Jonathan Davis,Jonathan Davis,Jonathan Davis,Jonathan Davis,Jonathan Davis,Jonathan Davis,Jonathan Davis,Jonathan Davis,Jonathan Davis,Jonathan Davis,Koshi Inaba,Koshi Inaba,Koshi Inaba,Jonathan Davis,Jonathan Davis,Koshi Inaba,Koshi Inaba,Jonathan Davis,Jonathan Davis,Koshi Inaba,Koshi Inaba,Koshi Inaba,Koshi Inaba,Koshi Inaba,Koshi Inaba
Who directed the nuclear war drama where Rita May played Jimmy Kemp's mother?,['Mick Jackson'],Mick Jackson,Mick Jackson,Mick Jackson,Mick Jackson,Mick Jackson,Mick Jackson,Mick Jackson,Mick Jackson,Mick Jackson,Mick Jackson,Mick Jackson,Mick Jackson,Mick Jackson,Mick Jackson,Mick Jackson,Mick Jackson,Mick Jackson,Mick Jackson,Mick Jackson,Mick Jackson,Mick Jackson,Mick Jackson,Mick Jackson,Mick Jackson,Mick Jackson
Did Billy Corgan's band The Smashing Pumpkins or Greek Fire originate in a more southern location?,['Greek Fire'],The Smashing Pumpkins,The Smashing Pumpkins,The Smashing Pumpkins,The Smashing Pumpkins,The Smashing Pumpkins,The Smashing Pumpkins,Greek Fire,Greek Fire,Greek Fire,The Smashing Pumpkins,Greek Fire,Greek Fire,Greek Fire,Greek Fire,Greek Fire,The Smashing Pumpkins,The Smashing Pumpkins,The Smashing Pumpkins,The Smashing Pumpkins,The Smashing Pumpkins,Greek Fire,Greek Fire,Greek Fire,Greek Fire,Greek Fire
Who has the highest scope in profession in  Rob Thomas or  James Dean Bradfield,['James Dean Bradfield'],James Dean Bradfield,James Dean Bradfield,James Dean Bradfield,James Dean Bradfield,James Dean Bradfield,James Dean Bradfield,James Dean Bradfield,James Dean Bradfield,James Dean Bradfield,James Dean Bradfield,Rob Thomas,Rob Thomas,Rob Thomas,Rob Thomas,Rob Thomas,James Dean Bradfield,James Dean Bradfield,James Dean Bradfield,James Dean Bradfield,James Dean Bradfield,Rob Thomas,Rob Thomas,Rob Thomas,Rob Thomas,Rob Thomas
"Which species is the most numerous, Podocarpus or Osmunda? ",['Podocarpus'],Podocarpus,Podocarpus,Podocarpus,Podocarpus,Podocarpus,Podocarpus,Podocarpus,Podocarpus,Podocarpus,Podocarpus,Podocarpus,Podocarpus,Podocarpus,Podocarpus,Podocarpus,Podocarpus,Podocarpus,Podocarpus,Podocarpus,Podocarpus,Podocarpus,Podocarpus,Podocarpus,Podocarpus,Podocarpus
"Charles Hurt is currently the opinion editor of ""The Washington Times"", Fox News contributor, Breitbart News contributor, and editor of which politically conservative American news aggregation website?",['Drudge Report'],Drudge Report,Drudge Report,Drudge Report,Drudge Report,Drudge Report,Drudge Report,Drudge Report,Drudge Report,Drudge Report,Drudge Report,Drudge Report,Drudge Report,Drudge Report,Drudge Report,Drudge Report,Drudge Report,Drudge Report,Drudge Report,Drudge Report,Drudge Report,Drudge Report,Drudge Report,Drudge Report,Drudge Report,Drudge Report
"Which British music producer and engineer is notable for working wih an English electronic band having the founders: Dave Gahan, Martin Gore, and Andy Fletcher?",['Gareth Jones'],Vince Clarke,Vince Clarke,Vince Clarke,Vince Clarke,Vince Clarke,Vince Clarke,Vince Clarke,Vince Clarke,Vince Clarke,Vince Clarke,Andy Fletcher,Andy Fletcher,Andy Fletcher,Andy Fletcher,Vince Clarke,Vince Clarke,Vince Clarke,Vince Clarke,Vince Clarke,Vince Clarke,Gareth Jones,Gareth Jones,Gareth Jones,Gareth Jones,Gareth Jones
Jesús Dautt is a Mexican professional footballer who is on loan from a club founded on what date?,['28 June 1945'],"April 18, 1916","April 18, 1916","April 18, 1916","April 18, 1916","April 18, 1916",February 1764,"April 18, 1916","April 18, 1916","April 18, 1916","April 18, 1916",February 1764,February 1764,February 1764,February 1764,February 1764,February 1764,February 1764,February 1764,February 1764,February 1764,Not enough information provided to answer the question.,Not enough information provided to answer the question.,Not enough information provided to answer the question.,Not enough information provided to answer the question.,Not enough information provided to answer the question.
In what year was the soft drink that the Coca-Cola Company designed Red Flash to compete against created?,['1937'],2000,2000,2000,2000,2000,2000,2000,2000,2000,2000,2000,2000,2000,2000,2000,2000,2000,2000,2000,2000,1937,1937,1937,1937,1937
"Who is affiliated with more countries as a director, Robert Florey and R. G. Springsteen?",['Robert Florey'],Robert Florey,Robert Florey,Robert Florey,Robert Florey,Robert Florey,Robert Florey,Robert Florey,Robert Florey,Robert Florey,Robert Florey,Robert Florey,Robert Florey,Robert Florey,Robert Florey,Robert Florey,Robert Florey,Robert Florey,Robert Florey,Robert Florey,Robert Florey,Robert Florey,Robert Florey,Robert Florey,Robert Florey,Robert Florey
Born 2 B.R.E.E.D. was co-written by the late singer-songwriter who has sold over how many records worldwide?,['100 million'],75 million,75 million,75 million,75 million,75 million,75 million,75 million,75 million,75 million,75 million,75 million,75 million,75 million,75 million,75 million,75 million,75 million,75 million,75 million,75 million,100 million,100 million,100 million,100 million,100 million
 What term was used in the North-West Derby  to disparge their rivals?,['Mickey Mouse Cup'],Northwest Derby,Northwest Derby,Northwest Derby,Northwest Derby,Northwest Derby,North West Derby,North West Derby,North West Derby,North West Derby,North West Derby,North West Derby,North West Derby,North West Derby,North-West Derby,North-West Derby,North West Derby,North-West Derby,North West Derby,North West Derby,Northwest Derby,Northwest Derby,Northwest Derby,Northwest Derby,Northwest Derby,Northwest Derby
What type of the district is the Downtown Bentonville of the state in the southeastern region of the United States which is home to over 3 million people as of 2017?,['business district'],Urban district,Urban district,City,City,historic business district,Metropolitan Statistical Area,Urban district,Urban district,Urban district,historic business district,Business district,Business district,Business district,Business district,historic business district,Historic business district,Historic business district,Historic business district,Historic business district,historic business district,Congressional district,Congressional district,Congressional district,Congressional district,Congressional district
"What was the name of a woman from the book titled ""Their Lives: The Women Targeted by the Clinton Machine "" and was also a former white house intern?",['Monica Lewinsky'],Kathleen Willey,Kathleen Willey,Kathleen Willey,Kathleen Willey,Kathleen Willey,Kathleen Willey,Kathleen Willey,Kathleen Willey,Kathleen Willey,Kathleen Willey,Kathleen Willey,Kathleen Willey,Kathleen Willey,Kathleen Willey,Kathleen Willey,Kathleen Willey,Kathleen Willey,Kathleen Willey,Kathleen Willey,Kathleen Willey,Kathleen Willey,Kathleen Willey,Kathleen Willey,Kathleen Willey,Kathleen Willey
Which terrorist group was the cause of the battle in which Mark E. Michell won an award for his actions?,['al-Qaeda'],Taliban,Taliban,Taliban,Taliban,Taliban,Taliban,Taliban,Taliban,Taliban,Taliban,Taliban,Taliban,Taliban,Taliban,Taliban,Taliban,Taliban,Taliban,Taliban,Taliban,Taliban,Taliban,Taliban,Taliban,Taliban
What is the name of the so-called reform opera for Vienna that came before the one first performed in Vienna in the presence of Empress Maria Theresa?,"['""Alceste""']",Orfeo ed Euridice,Orfeo ed Euridice,Orfeo ed Euridice,Orfeo ed Euridice,Orfeo ed Euridice,Orfeo ed Euridice,Orfeo ed Euridice,Orfeo ed Euridice,Orfeo ed Euridice,Orfeo ed Euridice,Orfeo ed Euridice,Orfeo ed Euridice,Orfeo ed Euridice,Orfeo ed Euridice,Orfeo ed Euridice,Orfeo ed Euridice,Orfeo ed Euridice,Orfeo ed Euridice,Orfeo ed Euridice,Orfeo ed Euridice,Orpheus and Eurydice,Orpheus and Eurydice,Orpheus and Eurydice,Orpheus and Eurydice,Orpheus and Eurydice
From which alphabet was this alphabet derived that the name of the club Ilysiakos B.C. has the starting letter of?,['Phoenician alphabet'],Phoenician alphabet,Phoenician alphabet,Phoenician alphabet,Phoenician alphabet,Phoenician alphabet,Phoenician alphabet,Phoenician alphabet,Phoenician alphabet,Phoenician alphabet,Phoenician alphabet,Phoenician alphabet,Phoenician alphabet,Phoenician alphabet,Phoenician alphabet,Phoenician alphabet,Phoenician alphabet,Phoenician alphabet,Phoenician alphabet,Phoenician alphabet,Phoenician alphabet,Phoenician alphabet,Phoenician alphabet,Phoenician alphabet,Phoenician alphabet,Phoenician alphabet
Wim Jonk manages Cruyff Football together with the footballer who is also currently manager of which team?,['Tel Aviv'],Volendam,Volendam,Volendam,Volendam,Volendam,Volendam,Volendam,Volendam,Volendam,Volendam,Volendam,Volendam,Volendam,Volendam,Volendam,Volendam,Volendam,Volendam,Volendam,Volendam,FC Volendam,FC Volendam,FC Volendam,FC Volendam,FC Volendam
"Which band has released more albums with their original members, Sick Puppies or Third Eye Blind?",['Sick Puppies'],Third Eye Blind,Third Eye Blind,Third Eye Blind,Third Eye Blind,Third Eye Blind,Third Eye Blind,Third Eye Blind,Third Eye Blind,Third Eye Blind,Third Eye Blind,Third Eye Blind,Third Eye Blind,Third Eye Blind,Third Eye Blind,Third Eye Blind,Third Eye Blind,Third Eye Blind,Third Eye Blind,Third Eye Blind,Third Eye Blind,Sick Puppies,Sick Puppies,Sick Puppies,Sick Puppies,Sick Puppies
How long is the road the A12 is a part of?,['5320 km'],129 miles,129 mi (208 km),129 mi (208 km),129 mi (208 km),129 mi (208 km),129 miles,129 mi (208 km),129 mi (208 km),129 mi (208 km),129 mi (208 km),129 miles,129 mi (208 km),129 miles,129 miles,129 mi,129 miles,129 mi (208 km),129 mi (208 km),129 miles,129 mi (208 km),129 miles,129 miles,129 mi,129 mi,129 mi
"Egremont Castle is located in what market town, civil parish, and two electoral wards in the Borough of Copeland in Cumbria, England?",['Egremont'],Egremont,Egremont,Egremont,Egremont,Egremont,Egremont,Egremont,Egremont,Egremont,Egremont,Egremont,Egremont,Egremont,Egremont,Egremont,Egremont,Egremont,Egremont,Egremont,Egremont,Egremont,Egremont,Egremont,Egremont,Egremont
How many chapters does Yōko Shōji's most famous manga have?,['24'],24 chapters,24 chapters,24 chapters,24 chapters,24 chapters,24 chapters,24 chapters,24 chapters,24 chapters,24 chapters,24 chapters,24 chapters,24 chapters,24 chapters,24 chapters,24 chapters,24 chapters,24 chapters,24 chapters,24 chapters,24 chapters,24 chapters,24 chapters,24 chapters,24 chapters
Agnes Body was the founding head of a state secondary school located on what road?,['Wragby Road'],Wragby Road,Wragby Road,Wragby Road,Wragby Road,Wragby Road,Wragby Road,Wragby Road,Wragby Road,Wragby Road,Wragby Road,Wragby Road,Wragby Road,Wragby Road,Wragby Road,Wragby Road,Wragby Road,Wragby Road,Wragby Road,Wragby Road,Wragby Road,Wragby Road,Wragby Road,Wragby Road,Wragby Road,Wragby Road
Dance and Laugh Amongst the Rotten is a studio Album by a band from which country ?,['the Netherlands'],Dutch,Dutch,Dutch,Dutch,Dutch,Dutch,Dutch,Dutch,Dutch,Dutch,Dutch,Dutch,Dutch,Dutch,Dutch,Dutch,Dutch,Dutch,Dutch,Dutch,Netherlands,Netherlands,Netherlands,Netherlands,Netherlands
What star in the film Up at the Villa has earned the title of knighthood?,['Sir Derek George Jacobi'],Kristin Scott Thomas,Kristin Scott Thomas,Kristin Scott Thomas,Kristin Scott Thomas,Kristin Scott Thomas,Kristin Scott Thomas,Kristin Scott Thomas,Kristin Scott Thomas,Kristin Scott Thomas,Kristin Scott Thomas,Kristin Scott Thomas,Kristin Scott Thomas,Kristin Scott Thomas,Kristin Scott Thomas,Kristin Scott Thomas,Kristin Scott Thomas,Kristin Scott Thomas,Kristin Scott Thomas,Kristin Scott Thomas,Kristin Scott Thomas,Kristin Scott Thomas,Kristin Scott Thomas,Kristin Scott Thomas,Kristin Scott Thomas,Kristin Scott Thomas
What competitions does Lai Shiu Wing team compete participate in? ,['FIFA World Cup'],China and Hong Kong national teams,China and Hong Kong national teams,China and Hong Kong national teams,China and Hong Kong national teams,China and Hong Kong national teams,China and Hong Kong national teams,China and Hong Kong national teams,China and Hong Kong national teams,China and Hong Kong national teams,China and Hong Kong national teams,Hong Kong football competitions,Hong Kong football competitions,Hong Kong First Division,Hong Kong First Division,Hong Kong Premier League,China and Hong Kong national teams,China and Hong Kong national teams,China and Hong Kong national teams,China and Hong Kong national teams,China and Hong Kong national teams,China and Hong Kong national teams,China and Hong Kong national teams,China and Hong Kong national teams,China and Hong Kong national teams,China and Hong Kong national teams
What did both Karel Bossart and Sergei Korolev design?,['rocket'],Spacecraft,Spacecraft,Spacecraft,Spacecraft,Spacecraft,Spacecraft and missiles,Spacecraft and missiles,Spacecraft and missiles,Spacecraft and missiles,Spacecraft and missiles,Spacecraft,Spacecraft,Spacecraft,Spacecraft,spacecraft and launch vehicles,spacecraft,spacecraft and rocket systems,spacecraft and rocket systems,spacecraft and rocket systems,spacecraft and rocket systems,Spacecraft and missiles,Spacecraft and missiles,Spacecraft and missiles,Spacecraft and missiles,Spacecraft and missiles
Who wrote the 1970 international hit song Murray Head is most recognized for?,['Andrew Lloyd Webber and Tim Rice'],Andrew Lloyd Webber and Tim Rice,Andrew Lloyd Webber and Tim Rice.,Andrew Lloyd Webber and Tim Rice.,Andrew Lloyd Webber and Tim Rice.,Andrew Lloyd Webber and Tim Rice.,Andrew Lloyd Webber and Tim Rice,Andrew Lloyd Webber and Tim Rice,Andrew Lloyd Webber and Tim Rice,Andrew Lloyd Webber and Tim Rice,Andrew Lloyd Webber and Tim Rice,Andrew Lloyd Webber and Tim Rice,Andrew Lloyd Webber and Tim Rice,Andrew Lloyd Webber and Tim Rice,Andrew Lloyd Webber and Tim Rice,Andrew Lloyd Webber and Tim Rice,Andrew Lloyd Webber and Tim Rice,Andrew Lloyd Webber and Tim Rice,Andrew Lloyd Webber and Tim Rice,Andrew Lloyd Webber and Tim Rice,Andrew Lloyd Webber and Tim Rice,Andrew Lloyd Webber and Tim Rice,Andrew Lloyd Webber and Tim Rice,Andrew Lloyd Webber and Tim Rice,Andrew Lloyd Webber and Tim Rice,Andrew Lloyd Webber and Tim Rice
Bridgewater Triangle is an area where the phenomenon associated with what type of tradition has been seen?,['Native American'],Paranormal,Paranormal,Paranormal,Paranormal,Paranormal,Paranormal,Paranormal tradition,Paranormal tradition,Paranormal tradition,Paranormal,Paranormal,Paranormal,Paranormal,Paranormal,Paranormal,Paranormal,Paranormal,Paranormal,Paranormal,Paranormal tradition,Paranormal tradition,Paranormal tradition,Paranormal tradition,Paranormal tradition,Paranormal tradition
EM,,0.42567567567567566,0.43243243243243246,0.4189189189189189,0.4189189189189189,0.40540540540540543,0.3918918918918919,0.39864864864864863,0.39864864864864863,0.38513513513513514,0.39864864864864863,0.39864864864864863,0.40540540540540543,0.40540540540540543,0.40540540540540543,0.39864864864864863,0.40540540540540543,0.41216216216216217,0.41216216216216217,0.41216216216216217,0.40540540540540543,0.4391891891891892,0.4391891891891892,0.4391891891891892,0.4391891891891892,0.4391891891891892
F1,,0.5448636948636949,0.5592781092781093,0.5457645957645957,0.5457645957645957,0.541956241956242,0.5158301158301158,0.5381274131274131,0.5324763074763075,0.5234672984672984,0.5347490347490347,0.5194337194337194,0.523938223938224,0.5216859716859716,0.527895752895753,0.5302445302445303,0.5290979290979291,0.5363051363051363,0.5417105417105417,0.5394582894582894,0.5297940797940799,0.5462516087516088,0.5462516087516088,0.5462516087516088,0.5462516087516088,0.5507561132561133
elapsed time,,78.90221854963818,3.893834987202206,2.075362820883055,2.219260289862349,4.570969423732242,10.891424153302166,1.472366437718675,1.14485325040044,0.9309865977313068,2.7359457144866117,11.61921312035741,1.0932744016518463,0.9945468225994626,1.7907598646911416,2.143525700311403,4.525672260168436,0.9326117602554528,1.0535468233598244,0.7860849419155637,1.8006102539397575,26.386498979620033,0.28873221938674515,0.42205946670996175,0.29520671270989085,0.3045231458303091
