Question,GT Answer,hotpotqa-short_react_gpt-3.5-turbo-1106_google,hotpotqa-short_react_text-davinci-002_google
"Which has more species, Clianthus or Callicoma?",['Clianthus'],Clianthus,Clianthus
Which  Australian singer-songwriter wrote  Cold Hard Bitch,"['Nicholas John ""Nic"" Cester']",Jet,Jet
What empire was Aleksei Gen born into?,['Russian Empire'],Russian Empire,Russian Empire
Which partner of Jash was born in 1970?,['Sarah Kate Silverman'],,
What 1876 battle featured the Other Magpie?,['Battle of the Rosebud'],The Battle of the Little Bighorn,The Battle of Cedar Creek (1876)
Willi Forst and Brian Robbins are both what?,"['actor, screenwriter, film director, film producer']",film and television producers and directors,film and television producers and directors
Where are Abbey Clancy and Peter Crouch from?,['England'],no,no
Are both Trace Cyrus and Jizzy Pearl vocalists?,['yes'],yes,yes
Are  Chrysalis and Look both women's magazines?,['yes'],Look,Look
Was Kanako Momota or Mark Hollis born first?,['Mark David Hollis'],Mark Hollis,Mark Hollis
Are Tweedia and Crossandra in separate families?,['yes'],yes,yes
Zach Parise's father played in which league?,['NHL'],NHL,NHL
Are both Aloinopsis and Eriogonum ice plants?,['no'],Aloinopsis,Aloinopsis
who released the 2012 record of red?,['Big Machine Records'],Taylor Swift,Taylor Swift
Romans stars which Tamil and Telugu actress?,['Nivetha Thomas'],Nivetha Thomas,Nivetha Thomas
Which PGA championship did Mark Brooks win?,['The 1996 PGA Championship'],1996 PGA Championship,1996 PGA Championship
What county is Ron Teachworth from?,['Oakland County'],Great Lakes region,Great Lakes region
Are Daryl Hall and Gerry Marsden both musicians?,['yes'],yes,yes
Grimsby Minster is located in which English Province?,['Province of Canterbury'],"Lincolnshire, England","Lincolnshire, England"
Is Rice University or Stanford University further west?,['Stanford University'],Stanford University,Stanford University
Are George Stevens and Luc Besson American cinematographers?,['no'],no,no
what country are Mudvayne and Hellyeah both from?,['American'],America,America
Are both Viken Babikian and Don Manoukian American ?,['yes'],yes,yes
What continents are the Moneuptychia found in?,['the Americas'],"North America, Central America, the Caribbean, South America","North America, Central America, the Caribbean, South America"
Are both Götterdämmerung and Dafne considered operas?,['no'],yes,yes
What occupations do Toshi and Emily Haines share?,['singer and songwriter'],singer,singer
What is another name for basidiomycete fungus?,['Funki Porcini'],filamentous fungi composed of hyphae,fungi
Where is the first major improved highway located?,"['Wheeling, West Virginia']",coast-to-coast from Times Square in New York City west to Lincoln Park in San Francisco,coast-to-coast from Times Square in New York City west to Lincoln Park in San Francisco
When was the creator of Bully Boy born?,['3 May 1958'],"May 3, 1958","May 3, 1958"
What are The Ready Set and Cell?,['band'],cells in biology,cells in biology
Are Sutera and Rhodotypos both types of shrub?,['no'],"No, Rhodotypos is a type of shrub.","No, Rhodotypos is a type of shrub."
Cherie Currie and Steve Augeri were both what?,['American musician'],singers,singers
What is Old Orchard Shopping Center currently called?,['Westfield Old Orchard'],Westfield Old Orchard,Westfield Old Orchard
Are Andrew Stevens and Charles Burnett both American?,['yes'],yes,yes
Are Ari Up and Boz Burrell both guitarists?,['no'],no,no
Who has more victories Chelsea or Manchester United?,['Wayne Rooney'],Manchester United,Manchester United
Are Tetrastigma and Spruce both types of plants?,['yes'],yes,yes
who features in the series  which McClure hosts ,['the Simpson family'],The Simpsons,Troy McClure
In which war was the Meuse-Argonne Offensive executed?,['World War I.'],World War I,World War I
Are Steve Perry and Leslie West both singers?,['yes'],yes,yes
What portable media player was distributed through HP?,['iPod+HP'],FlashPAC,FlashPAC
Are Alek Keshishian and Kirk Kerkorian both Armenian-American?,['yes'],yes,yes
Who sparked the 972 unrest in Lithuanian SSR?,['Romas Kalanta'],,
Are Colocasia and Coronilla both flowering plants?,['yes'],yes,yes
Could you read both Bicycling and National Review,['yes'],yes,yes
What did Karan Kapoor's maternal grandfather deliver?,['Shakespeare performances'],Shakespeare performances,Shakespeare performances
Which number-one single is Michael Steele responsible for?,"['""Walk Like an Egyptian""']",I cannot find the number-one single Michael Steele is responsible for.,I cannot find the number-one single Michael Steele is responsible for.
Scout Tufankjian and Daron Malakian are both what?,['Armenian–American'],Armenian-American,Armenian-American
What country is the Selun located in?,['Switzerland'],Switzerland,Switzerland
Were Joss Whedon and Norman Mailer both Americans?,['yes'],yes,yes
Igor Naming Agency named a resort located where?,['Las Vegas Strip'],"Paradise, Nevada","Paradise, Nevada"
Which genus has more species Babiana or Ceratophyllum ?,['Babiana'],Babiana,Babiana
Are both Jim McBride and Neil Jordan American?,['no'],no,no
Are both Superdrag and Collective Soul rock bands?,['yes'],yes,yes
What are both Eleutherococcus and Amaryllis?,['genus'],subtribe Amaryllidinae (tribe Amaryllideae),subtribe Amaryllidinae (tribe Amaryllideae)
Sam Mendes and Ruby Yang share what profession?,['filmmaker.'],director,director
What American actress stars in Tainted?,['Shari Shattuck'],Gloria Jones,Gloria Jones
What is Peter Daou's website's slogan?,"['""media for the 65.8 million,""']","""media for the 65.8 million,"" referring to the number of votes Hillary Clinton received in the 2016 presidential election.","""media for the 65.8 million."""
Are Broughtonia and Laeliocattleya both orchids?,['yes'],yes,yes
Who is older Carrie Akre or Shifty Shellshock?,['Carrie Akre'],Carrie Akre,Carrie Akre
Did Big Pig or Blur have more members?,['Big Pig'],Big Pig,Big Pig
Was High Times or National Geographic published first?,['National Geographic'],National Geographic,National Geographic
Which country is the Taipa island part of?,['China'],Macau,Macau
To what sport does the Atomweight class belong?,['mixed martial arts'],boxing,boxing
Are Denzel Washington and David Hewlett both actors?,['yes'],yes,yes
Which German aeronautical engineer concieved the Dornier Aerodyne?,['Alexander Lippisch'],Alexander Lippisch,Alexander Lippisch
Who is younger Chris Gould or Robbie Gould ?,['Chris Gould'],Robbie Gould,Robbie Gould
What are both James Hetfield and Bob Marley?,"['musician, singer, and songwriter']",musicians,musicians
"Are Macheng and Lianjiang, Guangdong both cities ?",['yes'],yes,yes
Who was responsible for the Soviet–Albanian split?,['Nikita Khrushchev'],Soviet Union,"Enver Hoxha, Mehmet Shehu, Nikita Khrushchev, and Leonid Brezhnev"
How are elephants connected to Gajabrishta?,['Sanskrit'],No,no
"What is Opry Mills in Nashville, Tennessee?",['super-regional shopping mall'],super-regional shopping mall,super-regional shopping mall
Are Ballota and Myosotis both evergreens?,['no'],no,no
Seal Harris was born in what county?,['Polk County'],"Bullock County, Alabama",Bullock County
When was Leeds no longer called Elmet?,['early 7th century'],after the 7th century,after the 7th century
What is Gary Cole's character based on?,"['the Hanna-Barbera show ""Birdman and the Galaxy Trio.""']",a former police detective,a former police detective
Are Chlidanthus and Maianthemum both flowering plants?,['yes'],yes,yes
When was the producer of  Michel'le born? ,"['February 18, 1965']","February 18, 1965","February 18, 1965"
Are Yucca and Rodgersia both perennials?,['yes'],yes,yes
Arbutus and Aspidistra are what types of plants?,['flowering plants'],plants,plants
Where are Neoregelia and Aloysia known to grow,"['temperate climates,']",no,no
Fighting Cock is produced in what Kentucky county?,['Nelson County'],"Bardstown, Kentucky","Bardstown, Kentucky"
Was Vanderbilt University or Emory University founded first?,['Emory University.'],Emory University,Emory University
Are Nikolaschka and White Russian made of beer?,['no'],no,no
Are both Jonathan Marray and Wayne Black British?,['no'],"yes, no","yes, no"
Whose brother was a king of the East-Saxons?,['Sæward'],Aelfweard,Edmund I
Are Alice Munro and Lillian Hellman both writers?,['yes'],yes,yes
"Which has more species, Aichryson or Polypodium?",['Polypodium'],Polypodium,Polypodium
Are Werther and The Odyssey both operas?,['no'],Werther,Werther
What Swedish songwriter worked with Taylor Swift?,['Shellback'],Shellback,Shellback
Tikkun and Moment are both what?,['magazine'],about the life of the American Jewish community,related to the concept of moment in physics
Dandong and Hotan are located in what country?,['China'],no,no
which plant has the highest specie  Panicum or Populus ,['Panicum'],Panicum,Panicum
"Who died second, Averroes or Ibn Taymiyyah?",['ibn Taymiyyah'],Averroes,Averroes
What year was the inventor of Rejuvelac born?,['1909'],1909,"March 4, 1909"
Cranium and Twin Tin Bots are both what?,['games'],board games,board game
In what county was Duffy Jackson born?,['Nassau County'],Nassau County,Nassau County
Are Mick Jagger and Brett Scallions both musicians?,['yes'],yes,yes
Are Ranger Rick and Tennis both sports magazines?,['no'],no,no
Löwenbräu and Bürgerbräukeller are both located where?,['Germany'],Munich,Munich
which has more acts Pagliacci or Suor Angelica?,['Pagliacci'],Pagliacci,Pagliacci
Are Anja Salomonowitz and Rod Lurie both directors?,['yes'],yes,yes
What was fort orange's initial name?,['Dutch House of Orange-Nassau'],none,none
Which maker of Robatumumab is American?,['Merck'],no,yes
Are Robert Philibosian and David Ignatius both politicians?,['no'],Robert Philibosian,Robert Philibosian
Are Xinxiang and Qionglai City both county-level cities?,['no'],no,no
"which is larger, Hunchun or Shijiazhuang?",['Shijiazhuang'],Shijiazhuang,Shijiazhuang
Are Ian Brown and Dee Snider both actors?,['no'],yes,yes
Who set Nietzche's philosophical novel to music? ,['Richard Strauss'],,I cannot find who set Nietzche's philosophical novel to music.
Were Daniel Mann and Todd Solondz both directors?,['yes'],yes,yes
Ethel Winter worked with which avant-garde theater director?,['Jean Erdman'],unknown,unknown
Is The Moon-Spinners and Oceans both documentaries?,['no'],no,no
Are both Lukas Rossi and Terry Kath American?,['no'],no,no
Is Ordos City more west than Yangzhong?,['yes'],yes,yes
"Which has more species, Festuca or Dactylis?",['Festuca'],Festuca,Festuca
 Are Finding Kraftland and Shikashika both frozen drinks?,['Shikashika is a shaved ice drink'],no,no
Does Lucozade pre-date Hires Root Beer? ,['no'],Hires Root Beer,Hires Root Beer
"What is older, Downfall or Dark Tower?",['Downfall'],Downfall,Downfall
Are Vintage Life and InStyle both US-based magazines?,['no'],Vintage Life,Vintage Life
Tom Araya and Marcus Mumford were both what?,['musician'],musicians,musicians
What American corporation owns Claim Jumper?,"[""Landry's""]","Landry's, Inc.","Landry's, Inc."
Which as more species Cassiope or Deutzia?,['Deutzia'],Deutzia,Deutzia
who is younger Keith Bostic or Jerry Glanville ?,['Keith Bostic'],Keith Bostic,Keith Bostic
What Nobel Laureate teaches at  Chapman University?,['Vernon Smith'],No,none
How did Pre's Trail's namesake die?,['in an automobile accident'],automobile crash,automobile crash
Are Ana Kasparian and Katherine Sarafian both Armenian-,['yes'],yes,yes
Are Joe Orton and Bernard-Marie Koltès both playwrights ?,['yes'],yes,yes
Which Austrian Chancellor does Jörg Leichtfried serve under?,['Christian Kern'],Karl Nehammer,Karl Nehammer
Bangalore Naatkal starred which actor and photographer?,['Ramanaidu Daggubati'],,
What languages did the son of Sacagawea speak?,['French and English'],Shoshone and Numic,Shoshone and Numic
Which CEO of FedEx becked  Value America ,"['Frederick Wallace ""Fred"" Smith']",I cannot find which CEO of FedEx becked Value America.,I cannot find which CEO of FedEx becked Value America.
What is Diego Tonetto's Italian passport called?,['Italian nationality law'],Italian passport,Italian passport
Who is older Danny Green or James Worthy?,['James Worthy'],James Worthy,James Worthy
Are both Leycesteria and Anigozanthos native to Australia?,['no'],no,no
Alfie Allen played Theon Greyjoy on which show?,['Game of Thrones'],Game of Thrones,Game of Thrones
The host of PokerFace is from where?,"['Newcastle upon Tyne, England']",,
whats the famous bavagheet by arun date?,['Shukratara'],I cannot find the famous bavagheet. Please help.,I cannot find the famous bavagheet. Please help.
"Which has more species, Sonerila or Scaevola?",['Sonerila'],Sonerila,Sonerila
Does Erodium or Cymbidium include more species?,['Erodium'],Erodium,Erodium
What are both Caleb Shomo and Brian Welch?,['singer'],musicians,musicians
What type of submarine was the non-nuclear U-32?,['German Type 212 class'],Type 212A submarine,Type 212A submarine
In which state is Stewart Nozette imprisoned?,['Indiana'],Indiana,Indiana
Are Joe Walsh and Chester Bennington both guitarists?,['no'],yes,yes
Are Broughtonia and Perilla both types of mint?,['no'],no,yes
Are Catasetum and Origanum in the same family?,['no'],no,no
Who is younger Jenny Bae or Lionel Richie ?,['Jenny Bae'],Lionel Richie,Lionel Richie
which  Australian politician represented  Electoral district of Goulburn,['Jane Goward'],Wendy Tuckerman,Wendy Tuckerman
Which Genus has more species Eucryphia or Lepidozamia ?,['Eucryphia'],Eucryphia,Eucryphia
EM,,0.4797297297297297,0.47297297297297297
F1,,0.5373981123981124,0.5294625794625795
elapsed time,,4.114673310034984,1.8519722464922312
