Question,GT Answer,"open-squad-short_got-3+demos-sa-knn+cx+t5-nli-ec+ci+[0.3,0.6,0.1]_gpt-3.5-turbo-1106_google","open-squad-short_got-3+demos-sa+cx+t5-nli-ec+ci+[0.3,0.6,0.1]_gpt-3.5-turbo-1106_google",open-squad-short_vanilla_gpt-3.5-turbo-1106_google,open-squad-short_retrieve_then_read_sc_gpt-3.5-turbo-1106_google,open-squad-short_multihop_gpt-3.5-turbo-1106_google,open-squad-short_dsp+sample_gpt-3.5-turbo-1106_google,open-squad-short_dsp+knn_gpt-3.5-turbo-1106_google
Who killed Harold II? ,"['William II', 'Duke William II', 'Duke William II']",An arrow,William the Conqueror,William the Conqueror,William the Conqueror,William the Conqueror,William the Conqueror,Norman invaders under William the Conqueror
What is a typical configuration,"['A typical configuration is to run IP over ATM or a version of MPLS', 'run IP over ATM or a version of MPLS', 'run IP over ATM or a version of MPLS']","Projected average quantity, type, capacity, speed, etc., of components","Projected average quantity, type, capacity, speed, etc., of components",4-4-2 formation,arrangement of components,Tivoli® Enterprise Monitoring Servers,"system populated with projected average quantity, type, capacity, speed, etc., of components","System populated with projected average quantity, type, capacity, speed, etc., of components"
What is septicemia? ,"['(a type of ""blood poisoning""', 'a type of ""blood poisoning""', 'a type of ""blood poisoning""']",Blood poisoning by bacteria,Blood poisoning by bacteria,blood poisoning,Blood poisoning by bacteria,Bacteria entering the bloodstream and causing blood poisoning,Blood poisoning by bacteria,blood poisoning by bacteria
Who were otachi?,"['non-Mongol physicians', 'non-Mongol physicians', 'non-Mongol physicians']",Category IV Kaiju,Category IV Kaiju,a type of kaiju in Pacific Rim uprising,Otachi is a female kaiju.,Kaiju in Pacific Rim,A Kaiju in the film Pacific Rim,Kaiju in Pacific Rim.
Who captured Fort Beausejour?,"['Colonel Monckton', 'Colonel Monckton', 'Colonel Monckton', 'Colonel Monckton', 'British']",The British,British,British forces captured Fort Beausejour,British,British forces captured Fort Beausejour.,British forces,British
what does vBNS stand for ,"['The Very high-speed Backbone Network Service', 'Very high-speed Backbone Network Service', 'Very high-speed Backbone Network Service']",Very high performance Backbone Network Service,very high performance Backbone Network Service,very high-speed Backbone Network Service,Vacation Bible School,very high performance Backbone Network Service,Virtual Base Station,Virtual Base Station
Who founded Woodward Park?,"['Ralph Woodward', 'Ralph Woodward', 'Ralph Woodward']",Ralph Woodward,Ralph Woodward,William G. Woodward,Ralph Woodward,Walter Woodward,Ralph Woodward,Ralph Woodward
How are AUSTPAC connections made ,"['Access can be via a dial-up terminal to a PAD, or, by linking a permanent X.25 node to the network', 'dial-up terminal to a PAD, or, by linking a permanent X.25 node', 'dial-up terminal']",Remote terminal access,Remote terminal access,by using a 9-pin D-type connector,remote terminal access,Through a public packet-switched data network,Through packet switching,Through packet switching
How can pyrenoids replicate?,"['divide to form new pyrenoids, or be produced ""de novo""', 'divide', 'divide to form new pyrenoids, or be produced ""de novo""']",They cannot replicate,Mitotic division,They cannot replicate.,using aphidicolin,binary fission,Through fission,Pyrenoids do not replicate.
What color is phycoerytherin?,"['red', 'red', 'red']",Red,Red,red,red,red,red,red
What does  mnemiopsis eat?,"['fish larvae and organisms', 'fish larvae and organisms that would otherwise have fed the fish', 'fish larvae and organisms that would otherwise have fed the fish']",Zooplankton,"Zooplankton, crustaceans, comb jellies, fish eggs, and fish larvae",plankton,"Zooplankton, crustaceans, other comb jellies, fish eggs, and larvae","zooplankton, crustaceans, other comb jellies, and fish larvae","zooplankton, pelagic fish eggs, and larvae of fish","zooplankton, pelagic fish eggs, and larvae of fish"
Who commissioned the Tapestry?,"['Odo', 'Odo', 'Odo']",Bishop Odo,Bishop Odo,Bishop Odo of Bayeux,Bishop Odo,Bishop Odo,Bishop Odo,Bishop Odo
What does Untersee mean?,"['lower lake', 'lower lake', '""lower lake""', 'lower lake']",Lower Lake,Undersea or below sea level,Undersea,under the lake,lower lake,"""undersea"" or ""below sea level""",Lake in southeastern Germany
Why did he walk?,"['exercise', 'For exercise', 'exercise']",He likes you,Various reasons,to get exercise,Various reasons,Weather forecast,Sign of respect or following her lead,Sign of respect or following her lead
What follows secondary education?,"['tertiary education', 'tertiary education', 'tertiary education']",Postsecondary education,Postsecondary education,Higher education,Postsecondary education,postsecondary education or training,Postsecondary education,Postsecondary education
Where is D'Olier Street?,"['Dublin', 'Dublin', 'Dublin']",Dublin,Dublin,"Dublin, Ireland","Dublin, Ireland","Dublin, Ireland","Dublin, Ireland","Dublin, Ireland"
What shape are Plastoglobuli?,"['spherical bubbles', 'spherical', 'spherical']",Oval or round shaped,Spherical,spherical,spherical,oval or round shaped,round or oval shaped,circular or elongated
What is a connection identifier ,"['a connection identifier rather than address information and are negotiated between endpoints so that they are delivered in order and with error checking', 'negotiated between endpoints']",Unique identifier for network connections,Unique identifier,a unique identifier for a network connection,unique string representing the name of the connection,unique identifier for network connections,A unique identifier for connections within a network,Unique identifier for assigning frames
When was Zia-ul-Haq killed?,"['1988', '1988', '1988']","August 17, 1988","August 17, 1988","August 17, 1988","August 17, 1988","August 17, 1988","August 17, 1988","August 17, 1988"
Telnet Used what  Interface technology,"['host interface to X.25 and the terminal interface to X.29', 'X.25', 'ARPANET']",Command line interface,8-bit channel,command-line interface,command line interface,command line interface,text-based interface,text-based interface
What completed the triad ,"['an interactive host to host connection was made between the IBM mainframe computer systems at the University of Michigan in Ann Arbor and Wayne State', 'the CDC mainframe at Michigan State University in East Lansing', '1972 connections']",strategic bombers,Strategic bombers with nuclear bombs and missiles,the major scale,synthesis and full characterization of homoleptic and heteroleptic carbonyl and nitrosyl complexes of the group VI metals,The third component,"land-based intercontinental ballistic missiles, submarine-launched ballistic missiles, and strategic bombers","confidentiality, integrity, and availability"
What is the IEEE?,"['American Institute of Electrical Engineers', 'the American Institute of Electrical Engineers', 'American Institute of Electrical Engineers']",Institute of Electrical and Electronics Engineers,Institute of Electrical and Electronics Engineers,Institute of Electrical and Electronics Engineers,The Institute of Electrical and Electronics Engineers,The Institute of Electrical and Electronics Engineers,A professional association for electronics and electrical engineering,The Institute of Electrical and Electronics Engineers
What did Donald Davies Develop,"['independently developed the same message routing methodology as developed by Baran', 'the same message routing methodology as developed by Baran', 'message routing methodology']",Packet switching,Packet switching,Packet switching,packet switching,packet switching,packet switching,Packet switching for computer networking
When did Temur rule?,"['1294 to 1307', '1294 to 1307', 'from 1294 to 1307']",1370 to 1405,1370 to 1405,1370-1405,1370 to 1405,1370 to 1405,from 1370 to 1405,1295-1307
Where is Kenya located?,"['in Africa', 'Africa']",East Africa,East Africa,in East Africa,East Africa,"Eastern Africa, bisected by the equator",East Africa,East Africa
What did Mongols worship?,"['the Eternal Heaven', 'Eternal Heaven', 'the Eternal Heaven']",Tengri and Genghis Khan,Tengri,"Tengri, the sky god",nature gods,nature gods,"Tengri, gods, and the sky deity Tengri",Tengri (gods) and the sky deity Tengri
What is an etioplast?,"['a plastid that lacks chlorophyll', 'plastid that lacks chlorophyll', 'plastid that lacks chlorophyll']",Intermediate type of plastid,Intermediate plastid,a plastid in which chlorophyll is not yet developed,An intermediate type of plastid,intermediate type of plastid,intermediate type of plastid,intermediate type of plastid
How do platyctenids reproduce?,"['internal fertilization and keep the eggs in brood chambers until they hatch.', 'internal fertilization', 'internal fertilization']",Using brood pouches,"Asexually, using brood pouches",asexually by budding,sexually and asexually,asexually,"asexually and sexually, and they may use brood pouches","asexually and sexually, and they may use brood pouches"
What protects the statocyst?,"['a transparent dome made of long, immobile cilia', 'a transparent dome made of long, immobile cilia', 'transparent dome made of long, immobile cilia']",anticristae,Sac-like structure,"a hard, calcareous structure",spherical organ,sac-like structure and mineralized mass,The wall of the statocyst sphere contains mechanosensory cells.,It is not clear what protects the statocyst.
Who developed DATAPAC,"['DATAPAC was developed by Bell Northern Research', 'Bell Northern Research', 'Bell Northern Research']",Bell Canada,Data-Pac,NASA and the US Geological Survey,Datapac,Software developers and engineers,Trans-Canada Telephone System,Trans-Canada Telephone System
What is Christian Perfection?,"['a genuine love of God with heart, soul, mind, and strength, and a genuine love of our neighbors as ourselves', 'leading a Spirit-filled and Christ-like life aimed toward love', 'a genuine love of God with heart, soul, mind']",Spiritual union with God,State of being free from sin,the belief that it is possible to live a sinless life,work of God in the heart,Process of achieving spiritual maturity or perfection,A process of achieving spiritual maturity or perfection,Process of achieving spiritual maturity
What did Paul Baran develop ,"['Paul Baran developed the concept Distributed Adaptive Message Block Switching', 'the concept Distributed Adaptive Message Block Switching', 'Distributed Adaptive Message Block Switching']",digital packet switching,Digital packet switching,packet-switching networks,digital packet switching,packet switching,packet switching techniques,packet switching techniques
What happened to Dane?,"['killed in a horse-riding accident', 'killed in a horse-riding accident', 'killed in a horse-riding accident']",He was fired.,He is from Denmark,He was killed.,"He rose to fame, experienced a decline, and is now back on tour.",Injured in car accident,He disappeared and his whereabouts are unknown,He disappeared
What does ATP mean?,"['adenosine triphosphate', 'adenosine triphosphate', 'adenosine triphosphate']",Adenosine triphosphate,Adenosine triphosphate,adenosine triphosphate,Adenosine triphosphate,"ATP could mean ""At This Point"" or ""Answer The Phone"" on TikTok.",Adenosine Triphosphate,Adenosine Triphosphate
What are muroplasts?,"['glaucophyte chloroplasts', 'glaucophyte chloroplasts', 'glaucophyte chloroplasts']",Plastids of glaucophyte algae,Plastids of glaucophyte algae,cell wall precursors in bacteria,plastids with a peptidoglycan cell wall,Microplastics,plastids found in glaucophyte algae,plastids with a peptidoglycan cell wall
What did vBNS do ,"['provide high-speed interconnection between NSF-sponsored supercomputing centers and select access points in the United States', 'provide high-speed interconnection between NSF-sponsored supercomputing centers and select access points in the United States', 'high-speed interconnection']",Provided high-bandwidth network for research applications,Provided high-bandwidth network for research applications,provided high-speed internet access for research and education institutions in the United States,high-speed network backbone,provided high-bandwidth network,Provided high-speed interconnection for scientific and research communities.,Provided high-speed interconnection for scientific and research communities.
What is Plasmodium?,"['the malaria parasite', 'apicomplexans', 'malaria parasite']",Genus of protozoan parasites,Genus of parasites,a genus of parasitic protozoa,a genus of parasitic protozoans,Unicellular parasite,a genus of unicellular eukaryotes,genus of unicellular parasites
What did NSFNET promote,"['advanced research and education networking in the United States', 'advanced research and education networking', 'advanced research and education networking']",advanced research and education networking in the United States,Advanced research and education networking in the United States,research and education in the United States,advanced research and education networking in the United States,interconnectivity and data transfer,advanced research and education networking,advanced research and education networking
How are packets normally forwarded,"['asynchronously using first-in, first-out buffering, but may be forwarded according to some scheduling discipline for fair queuing', 'asynchronously using first-in, first-out buffering', 'intermediate network nodes']",Through the network layer,between a source interface and a destination interface,by routers,by nodes in a computer network,Between source and destination interfaces,By the IP forwarding module.,By the IP forwarding module
What do carotenoids absorb?,"['light energy', 'light energy', 'light energy']",Blue-green light,Blue-green light,blue light,light energy,400 to 600 nm,visible light,visible light
When did Zhenjin die?,"['before Kublai in 1285', '1285', '1285']","January 5, 1286","January 5, 1286",1135,"January 5, 1286","1285 or January 5, 1286","January 5, 1286","January 5, 1286"
When was Qutb executed?,"['1966', '1966', '1966']",1966,1966,1707,1966,1966,1966,1966
What is beta carotene?,"['a bright red-orange carotenoid', 'a bright red-orange carotenoid', 'bright red-orange carotenoid found in nearly all chloroplasts']",A pigment found in plants,Red-orange pigment,a red-orange pigment found in plants and fruits,A red-orange pigment found in plants and fruits,a carotenoid that converts into vitamin A,Beta-carotene is a pigment found in plants that gives them their color and is also a source of vitamin A.,a pigment found in plants that gives them their color and is also a source of vitamin A
What is petrology?,"['the study of rocks', 'study of rocks', 'the study of rocks']",Study of rocks,Study of rocks,"the branch of geology dealing with the origin, occurrence, structure, and history of rocks",study of rocks,the branch of geology that studies rocks,Petrology is the study of rocks and the conditions under which they form.,study of rocks and their formation
What seldom mutates?,"['The inverted repeat regions', 'inverted repeat regions', 'inverted repeat regions']",Mutations,Outbreaks,Mitochondrial DNA,Mutations rarely impact outbreaks dramatically.,Some mutations,Coronaviruses,Some genetic material seldom mutates.
Where did Jebe die?,"['on the road back to Samarkand', 'on the road back to Samarkand', 'the road back to Samarkand']",Mongolia,Near Khortytsia Island,in the Gobi Desert,Near a kurgan close to Khortytsia Island,Mongolia,Conflicting sources mention Mongolia or the road back to Samarkand.,Mongolia
Where do platycenida live?,"['on rocks, algae, or the body surfaces of other invertebrates', 'rocks, algae, or the body surfaces of other invertebrates', 'rocks, algae, or the body surfaces of other invertebrates']","on rocks, algae, soft coral, or the body surfaces of other invertebrates","On rocks, algae, soft coral, or the body surfaces of other invertebrates",in Australia and New Guinea,"on rocks, algae, soft coral, or the body surfaces of other invertebrates",On the bark of trees,"on rocks, algae, soft coral, or the body surfaces of other invertebrates","On rocks, algae, soft coral, or the body surfaces of other invertebrates"
How is circuit switching charecterized ,"['by a fee per unit of connection time, even when no data is transferred', 'a fee per unit of connection time', 'fee per unit of connection time']",Fixed bandwidth and connection-oriented,Entire message sent through dedicated channel,by dedicated communication channels,"connection-oriented, fixed data transfer",dedicated physical path,"fixed bandwidth, data transmission rate, connection-oriented","Fixed bandwidth and data transmission rate, connection-oriented"
Purpose of Telnet ,"['making ARPANET technology public', 'a means of making ARPANET technology public', 'making ARPANET technology public']",Remote computer access,Terminal communication and remote login,remote login and control,Remote access and control,remote login,Remote access and text-based communication,remote access and communication
Where do dikes form?,"['in areas that are being actively deformed', 'areas that are being actively deformed', 'in areas that are being actively deformed']",In a fracture of a pre-existing rock body,In rock formations,along the edges of rivers or in coastal areas,in existing fractures or new cracks,In fractures of pre-existing rock bodies,fractures or cracks in existing rock,In river channels from sediment deposits or in geology when magma rises into existing fractures or creates new cracks.
What was Apple Talk ,"['a proprietary suite of networking protocols developed by Apple Inc. in 1985', 'a proprietary suite of networking protocols developed by Apple Inc', 'proprietary suite of networking protocols']",A suite of networking protocols,Suite of networking protocols,a proprietary suite of networking protocols developed by Apple Inc.,A set of proprietary networking protocols,A suite of networking protocols,suite of networking protocols,A discontinued proprietary suite of networking protocols developed by Apple Computer
What is a prasinophyte?,"['a green algal derived chloroplast', 'a green algal derived chloroplast', 'green algal derived chloroplast']",A group of unicellular green algae,Unicellular green algae,a type of green algae,unicellular green algae,A group of unicellular green algae,unicellular green algae,unicellular green algae
Who founded Telnet ,"['Larry Roberts', 'ARPA IPTO director Larry Roberts', 'Larry Roberts']",Telnet was developed in 1969.,Committee of researchers,Ray Tomlinson,Bolt Beranek and Newman (BBN),Telenet Inc.,Bolt Beranek and Newman (BBN),"Larry Roberts, Burian Carew, and Dr. Denloye"
What did NSFNET eventually provide,"['it developed into a major part of the Internet backbone', 'a major part of the Internet backbone', 'major part of the Internet backbone']",advanced research and education networking in the United States,Access to supercomputer centers,the backbone for the modern internet,high-speed internet connectivity,high-speed backbone for networking services,Access between the supercomputer centers and other sites over the backbone network,Access between supercomputer centers and other sites over the backbone network at no cost.
What is a Hauptlied?,"['main hymn', 'hymn', 'main hymn']",prominent hymn for Pentecost in German-speaking Lutheranism,Chief hymn,a principal song in a musical composition,A main song,Choral music,main hymn,main hymn
Who served his dinner?,"['headwaiter', 'the headwaiter', 'the headwaiter']",Freddie Frinton,George,his wife,husband's family,He served his own dinner.,The guest of honor,The guest of honor
What did Tymnet connect ,"['connect host computers (servers)at thousands of large companies, educational institutions, and government agencies', 'host computers (servers)at thousands of large companies, educational institutions, and government agencies', 'host computers']",Host computers,Host computers,businesses and individuals to the Tymnet network,"host computers at large companies, educational institutions, and government agencies","host computers at thousands of large companies, educational institutions, and government agencies","host computers (servers) at thousands of large companies, educational institutions, and government agencies","host computers at large companies, educational institutions, and government agencies"
What distinguishes stromal thylakoids?,"['are in contact with the stroma', 'in contact with the stroma', 'helicoid sheets']",50% protein and 50% lipid,Absorb sunlight,They are not directly involved in the light reactions of photosynthesis.,location and function,location and function,distribution of proteins,distribution of proteins
What are chromoplasts?,"['pigment-filled plastids responsible for the bright colors seen in flowers and ripe fruit', 'pigment-filled plastids', 'pigment-filled plastids responsible for the bright colors seen in flowers and ripe fruit']",Colored plastids containing carotenoid pigment,Pigmented plastids,plastids that contain pigments and are responsible for the color of fruits and flowers,pigmented plastids,Colored plastids containing carotenoid pigment,Colored plastids containing carotenoid pigment,plastids responsible for pigment synthesis and storage
Who was the hostage?,"['Duncan', 'Duncan', 'Duncan']",American diplomats,American diplomats,King Richard I of England,American diplomats,American citizen,a rabbi and three others,American diplomats
Who conducted this survey?,"['American Association of University Women', 'American Association of University Women', 'American Association of University Women']",Surveyor or Researcher,Surveyor or pollster,Pew Research Center,surveyor or researcher,reputable research organization or hotel research organization,Surveyor or researcher,The survey may have been conducted by a surveyor or researcher.
What was Galileo Ferraris?,"['physicist', 'physicist', 'Italian physicist']","Italian university professor, physicist, and electrical engineer","Italian university professor, physicist, and electrical engineer",an Italian physicist and electrical engineer,physicist and electrical engineer,"Italian university professor, physicist, and electrical engineer","Italian university professor, physicist, and electrical engineer","physicist, university professor, and electrical engineer"
What distinguishes granal thylakoids?,"['are arranged in grana', 'arranged in grana', 'arranged in grana']",Protein composition,Connected by stromal lamellae,They are stacked into grana.,protein composition,helical intersection by unstacked stroma lamellae,protein composition,protein composition
Who may assign Elders?,"['District Superintendents', 'ordained by a bishop', 'District Superintendents']",Existing leadership,Existing leadership or eldership team,The pastor,existing leadership,Apostles and the broader congregation,Existing leadership,existing leadership and the Holy Spirit
Who operated the vBSN network ,"['The network was engineered and operated by MCI Telecommunications under a cooperative agreement with the NSF', 'MCI Telecommunications', 'National Science Foundation']",University of South Florida,MetaverseSociety,Verizon Wireless,University of Alicante (UA),MetaverseSociety,Blockdaemon,University of Alicante (UA) in collaboration with the Instituto Geográfico Nacional (IGN)
Who founded the UMC?,"['union of the Methodist Church (USA) and the Evangelical United Brethren Church', 'John and Charles Wesley in England', 'the union of the Methodist Church (USA) and the Evangelical United Brethren Church']",John and Charles Wesley,The Evangelical United Brethren Church and The Methodist Church,John Wesley and Charles Wesley,John and Charles Wesley,"John and Charles Wesley, Philip William Otterbein, Martin Boehm, and Jacob Albright","John and Charles Wesley, Thomas Coke, and Francis Asbury",John and Charles Wesley
Where was Dyrrachium located?,"['the Adriatic', 'the Adriatic', 'Adriatic']",Albania and Montenegro,Modern Albania and Montenegro,in modern-day Albania,"Durrës, Albania",Adriatic coast of modern Albania,modern-day Albania,eastern shore of the Adriatic Sea
What are phytoplankton?,"['planktonic plants', 'planktonic plants', 'a vital part of marine food chains']","the foundation of the aquatic food web, the primary producers",Single-celled organisms,microscopic algae or bacteria,Microscopic plant-like organisms,Microscopic marine algae,Microscopic marine algae,microscopic marine algae at the base of aquatic food webs
Who did internet2 partner with ,"['a partnership with Level 3 Communications to launch a brand new nationwide network', 'Level 3 Communications', 'Qwest']","Amazon Web Services, Google Cloud Platform, and Microsoft Azure",Key organizations,NASA and the National Science Foundation,"key organizations, global research networks, state and regional research and education networks, Qwest",Amazon Web Services,"key organizations, security, trust, identity experts, cloud services, regional and state network providers",Amazon Web Services
How are ergänzungsschulen funded?,"['tuition', 'tuition', 'tuition fees']",tuition fees,State subsidies and parents,by the government,tuition fees,tuition fees,Through tuition fees.,"tuition fees, private individuals and organizations, and public funding"
Who did internet2 partner with,"['The Internet2 community, in partnership with Qwest', 'Qwest', 'Qwest']","Amazon Web Services, Google Cloud Platform, and Microsoft Azure",Key organizations,NASA and the National Science Foundation,"key organizations, global research networks, state and regional research and education networks, Qwest",Amazon Web Services,"key organizations, security, trust, identity experts, cloud services, regional and state network providers",Amazon Web Services
How do cestids swim?,"['by undulating their bodies as well as by the beating of their comb-rows.', 'undulating their bodies', 'by undulating their bodies as well as by the beating of their comb-rows']",Ciliary gliding,They do not swim,with undulating movements,as free-swimming oncosphere larvae,with a ciliated epithelium,with a swimming coracidium stage,with a swimming coracidium stage
What causes rock extension?,"['normal faulting and through the ductile stretching and thinning', 'normal faulting', 'normal faulting and through the ductile stretching and thinning']",Tensional forces,Tensional stresses,tectonic forces,Tensional forces,Tensional forces,Tensional forces,Tensional forces
What is retrograde signaling?,"['signals from the chloroplast that regulate gene expression in the nucleus', 'signals from the chloroplast that regulate gene expression', 'signals from the chloroplast that regulate gene expression in the nucleus']",Signal travels backwards from target to source,Signal travels backwards,signaling that travels in the opposite direction from the usual flow of information,The process where a signal travels backwards from a target source to its original source.,Postsynaptic production of a signal acting on the presynaptic neuron,A process where a signal travels backward from a target source to its original source.,a process in biology where a signal travels backward from a target source to its original source
What does chloroplastidan mean?,"['green chloroplast', 'green chloroplast lineage', 'green chloroplast lineage']",Green algae and land plants,Various green algae and land plants,It refers to a group of algae and land plants.,related to chloroplasts,presence of chloroplasts,Chloroplastida means a group of organisms that includes green algae and land plants.,Chloroplastida means a group of organisms that includes green algae and land plants.
What is tertiary education?,"['universities and/or TAFE colleges', 'universities and/or TAFE colleges', 'universities and/or TAFE colleges']",Post-secondary education beyond high school,Post-secondary education,higher education beyond secondary school,post-secondary education,Education beyond secondary school,post-secondary education beyond high school,post-secondary education
Who bought the rights?,"['Enrique Pérez de Guzmán', 'Enrique Pérez de Guzmán', 'Enrique Pérez de Guzmán']",Big Time Rush,Big Time Rush,Disney bought the rights,Hipgnosis Songs Capital,Current owners,"Bought The Rights, LLC",Big Time Rush
Where was Luther born?,"['Eisleben, Saxony', 'Eisleben, Saxony', 'Eisleben, Saxony']","Eisleben, Germany","Eisleben, Saxony","Eisleben, Germany","Eisleben, Germany",Eisleben,"Eisleben, Germany","Eisleben, Germany"
What did Tesla write?,"['books and articles', 'a number of books and articles', 'a number of books and articles']",Books and articles,"""The Problem of Increasing Human Energy""",AC and DC systems,My Inventions: The Autobiography of Nikola Tesla; The Fantastic Inventions of Nikola Tesla; The Tesla Papers,Books and articles,books and articles,Books and articles
Which company owns ABC?,"['The Walt Disney Company', 'The Walt Disney Company', 'The Walt Disney Company']",The Walt Disney Company,The Walt Disney Company,The Walt Disney Company,The Walt Disney Company,The Walt Disney Company,The Walt Disney Company,The Walt Disney Company
What are frets?,"['helicoid stromal thylakoids', 'helicoid stromal thylakoids', 'helicoid stromal thylakoids']",Metal strips on a neck,Thin strips on a stringed instrument,metal strips on a guitar,Metal strips on a guitar's fretboard.,Thin strips of metal embedded in the neck of a guitar,Strips of metal on a guitar's fretboard,Strips of metal on a guitar's fretboard
Who mentored Buyantu?,"['Li Meng', 'Li Meng', 'Li Meng']",Li Meng,Li Meng,Temür Khan,Li Meng,Li Meng,Li Meng,Li Meng
Which organisms have chloroplasts?,"['plants and algae', 'plants and algae', 'plants and algae.']",Plants and algae,Plants and photosynthetic algae,plants and algae,"plants, algae, and some protists",Plants and algae,plants and photosynthetic algae,"plants, algae, and some species of amoeba"
Where do Ctenophora live?,"['marine waters worldwide.', 'marine waters worldwide', 'marine waters']","Almost all ocean regions, particularly in surface waters near shores",Marine habitats,in marine environments,in most marine environments,marine habitats,"marine habitats, almost all ocean regions, particularly in surface waters near shores","marine habitats, almost all ocean regions, particularly in surface waters near shores"
What shape are pyrenoids?,"['roughly spherical', 'roughly spherical', 'spherical']",Various shapes,"Spheres, plates, rods",round or oval,"spheres, plates, rods",spheroidal,"spheres, plates, rods","spheres, plates, rods"
Who had mathmatical insite?,"['Sir Isaac Newton', 'Sir Isaac Newton', 'Sir Isaac Newton', 'Sir Isaac Newton', 'Sir Isaac Newton', 'Sir Isaac Newton']",John Horton Conway,John Horton Conway,Isaac Newton,"educators, researchers, and students",Cantor,Math Insight,Euclid and Archimedes
How are packets normally forwarded,"['by intermediate network nodes asynchronously using first-in, first-out buffering, but may be forwarded according to some scheduling discipline for fair queuing', 'intermediate network nodes asynchronously using first-in, first-out buffering', 'asynchronously']",Through the network layer,between a source interface and a destination interface,by routers,by nodes in a computer network,Between source and destination interfaces,By the IP forwarding module.,By the IP forwarding module
Where was Luther buried?,"['in the Castle Church', 'Castle Church in Wittenberg', 'Castle Church in Wittenberg,']",Castle Church at Wittenberg,"Eisleben, Germany","Castle Church in Wittenberg, Germany",Castle Church at Wittenberg,Castle Church at Wittenberg,Castle Church at Wittenberg,"Castle Church, Wittenberg"
What river separates Jacksonville?,"['The St. Johns River', 'St. Johns River', 'St. Johns River']",St. Johns River,St. Johns River,St. Johns River,St. Johns River,St. Johns River,St. Johns River,St. Johns River
What delivery message was used ,"['by store and forward switching', 'packets', 'store and forward switching']",Delivered,Delivered,Pony Express,Delivered,text message,SMS delivery message,SMS delivery message templates
What are construction managers?,"['firms engaged in managing construction projects without assuming direct financial responsibility for completion of the construction project', 'firms engaged in managing construction projects', '(firms engaged in managing construction projects without assuming direct financial responsibility for completion of the construction project)']",Project supervisors,Supervisors of construction projects,oversee building projects,oversee construction projects,oversee construction projects,"They are responsible for planning, coordinating, budgeting, and supervising construction projects from start to finish.",Key leaders in infrastructure development
How tall was Tesla?,"['6 feet 2 inches', '6 feet 2 inches', '6 feet 2 inches (1.88 m)']",6 feet 2 inches,6 feet 2 inches,6 feet 2 inches,6 feet 2 inches,6 feet 2 inches,6 feet 2 inches,6 feet 2 inches
What is Vision 2030?,"['an economic development programme it hopes will put the country in the same league as the Asian Economic Tigers by the year 2030', 'economic development programme', 'an economic development programme']","Plan for Saudi Arabia built around three themes: a vibrant society, a thriving economy, and an ambitious nation","Saudi Arabia's ambitious roadmap for economic diversification, global engagement, and enhanced quality of life.",Saudi Arabia's plan to reduce its dependence on oil and diversify its economy.,"Saudi Arabia's ambitious roadmap for economic diversification, global engagement, and enhanced quality of life.",A plan for the future of Saudi Arabia,A plan for economic diversification and enhanced quality of life in Saudi Arabia built around three primary themes.,"a plan for economic diversification, global engagement, and enhanced quality of life in Saudi Arabia built around three primary themes."
What is a stromule?,"['stroma-containing tubule', 'stroma-containing tubule', 'stroma-containing tubule']",Plastid stroma-filled tubules,Plastid stroma-filled tubules,a tubular extension of a plastid,a microscopic structure in plant cells,thin tubular extensions of the plastid compartment surrounded by the envelope membrane,microscopic structures in plant cells,plant cell structure
When did Torchwood premier?,"['22 October 2006', '22 October 2006', '22 October 2006']","October 22, 2006","October 22, 2006",2006,"October 22, 2006","October 22, 2006","October 22, 2006","October 22, 2006"
Who was Frédéric Chopin?,"['Famous musicians', 'musicians', 'Famous musicians']",Polish French composer and pianist,Polish composer and pianist,a Polish composer and virtuoso pianist,Polish composer and virtuoso pianist,Polish-French composer and pianist,Polish French composer and pianist,Polish French composer and pianist
What did Warsz own?,"['a village', 'village']",Several private independent districts,Twitch streamer,a large estate in the village of Warszowice,Twitch account,Warzone player with $200k earned,content creator and streamer,"personal possessions such as clothing, jewelry, and personal property"
What was report P-2626,"['a general architecture for a large-scale, distributed, survivable communications network', 'a general architecture for a large-scale, distributed, survivable communications network', 'briefing B-265']",O2 Sensor Pumping Current Trim/Open Bank 1 Sensor 1,O2 Sensor Pumping Current Trim/Open Bank 1 Sensor 1,a report on the use of nuclear weapons,O2 sensor pumping current trim circuit/open bank 1 sensor 1,A trouble code for a bad O2 sensor,Report P-2626 is related to building digital communication networks using links with less than perfect reliability.,Distributed communications networks
Who conceptualized the piston?,"['Papin', 'Papin', 'Papin', 'Papin']",Denis Papin,Denis Papin,Herón of Alexandria,Denis Papin,Father Eugenio Barsanti and Felice Matteucci,Denis Papin,John Ramsbottom
Was the plan formalized?,"['The plan that the delegates agreed to was never ratified by the colonial legislatures nor approved of by the crown', 'was never ratified', 'never ratified', 'never ratified', 'The plan that the delegates agreed to was never ratified']",Yes,Yes,"Yes, in 2015.",Yes,Yes,Yes,Yes
Who attends Loreto Normanhurst?,"['girls', 'girls', 'girls']",Girls from Years 5-12,Students from rural NSW,Girls from Kindergarten to Year 12 attend Loreto Normanhurst.,Girls in Years 5-12 attend Loreto Normanhurst.,"Approximately 1100 girls from Year 5 to Year 12, including around 170 boarding students.","Girls from Year 5 to Year 12, including boarding students.",Girls in Years 5-12
What is Nexus?,"['the Tyne and Wear Passenger Transport Executive.', 'the Tyne and Wear Passenger Transport Executive', 'Passenger Transport Executive']",Convergence of disruptive forces,A means of connection; tie; link.,a brand of smartphones and tablets,"Connection, link",level of minimum contacts in a state,connection between a state and a business,level of connection between a taxing jurisdiction and an entity
What was Warner Sinback,"[""a data network based on this voice-phone network was designed to connect GE's four computer sales and service centers"", 'a data network', 'a data network']",A person who recommended selling time-sharing services,Developer,an American author and journalist,a person,involved in the development of a time-sharing operating system,Involved in the creation of General Electric Information Services and the development of a time-sharing operating system.,involved in the creation of General Electric Information Services and the development of a time-sharing operating system
WHat does UserDatagram Protocol gaurentee,"['In the virtual call system, the network guarantees sequenced delivery of data to the host', 'sequenced delivery of data to the host', 'sequenced delivery of data']",No guarantees for message delivery,Data integrity,no guarantee of delivery or duplicate protection,no guarantees for message delivery,UDP does not guarantee anything,no guarantee of data delivery,no data delivery guarantee
What does paramylon store?,"['Starch', 'Starch', 'Starch']",Reserve food,Food,energy,photosynthate,glucose polymers,photosynthate,photosynthate
What was apolitical Islam?,"['a historical fluke', 'political Islam', 'historical fluke']",A modern phenomenon,A modern phenomenon,a movement in the 20th century,a modern phenomenon that seeks to use religion to shape the political system,Basis for political identity and action,A modern phenomenon that seeks to use religion to shape the political system,Any interpretation of Islam as a source of political identity and action
Telnet was sold to ,"['Telenet was incorporated in 1973 and started operations in 1975. It went public in 1979 and was then sold to GTE', 'GTE', 'GTE']",Vivacom,Vivacom,Microsoft,Vivacom,Vivacom,Vivacom,Vivacom
Who did Luther banish?,"['Zwickau prophets', 'Zwickau prophets', 'Zwickau prophets']",Martin Luther,Pope Leo X,Anabaptists,Jews,Zwickau prophets,someone from Saxony and attempted to do the same in Brandenburg,Someone from Saxony and attempted to do the same in Brandenburg.
What does Obersee mean?,"['upper lake', 'upper lake', '(""upper lake""', 'upper lake']",Upper Lake,Upper Lake,Upper Lake,Upper Lake,Upper Lake,"""Upper Lake""",Upper Lake
What is a statocyst?,"['a balance sensor', 'a balance sensor consisting of a statolith', 'a balance sensor consisting of a statolith']",A balance sensory receptor,Balance sensory receptor,a balance organ in invertebrates,balance sensory receptor,balance sensory receptor,A balance sensory receptor in aquatic invertebrates.,balance sensory receptor
What happened in 1901?,"['Marconi successfully transmitted the letter S from England to Newfoundland', 'Marconi successfully transmitted the letter S from England to Newfoundland', 'Marconi successfully transmitted the letter S from England to Newfoundland']",President William McKinley was assassinated.,McKinley was shot,The first Nobel Prizes were awarded.,"McKinley was shot and killed, and Theodore Roosevelt became president.","Various events occurred in 1901, including the shooting of US President William McKinley, the end of the Boxer Rebellion in China, and the invention of the spiral hairpin and prototype motorcycle.",McKinley was assassinated and Queen Victoria died,President William McKinley was assassinated.
Who were the Semuren?,"['allied groups from Central Asia and the western end of the empire', 'various allied groups from Central Asia and the western end of the empire', 'various allied groups']",Persons with special status,Persons with special status,a noble family in France,Persons with special status in the Yuan dynasty,a social class in the Yuan dynasty,a social class in China during the Yuan dynasty,Persons with special status in the Yuan dynasty
Who directed Stormy Monday?,"['Mike Figgis', 'Mike Figgis', 'Mike Figgis']",Mike Figgis,Mike Figgis,Mike Figgis,Mike Figgis,Mike Figgis,Mike Figgis,Mike Figgis
What is the NASUWT?,"['trade unions', 'trade unions', 'trade unions']",National Association of Schoolmasters/Union of Women Teachers,Teachers' Union,National Association of Schoolmasters Union of Women Teachers,a trade union representing teachers in the UK,A trade union representing teachers in the United Kingdom,a trade union representing teachers throughout the United Kingdom,a trade union representing teachers throughout the United Kingdom
Who made Ralph earl?,"['Edward the Confessor', 'Edward the Confessor', 'Edward the Confessor']",Ralph Earl,Ralph Earl,Ralph Earl was an American painter.,Ralph Earl,Self-taught,Benjamin West and Joshua Reynolds,Ralph Earl
What tribes supported British?,"['Iroquois Six Nations, and also by the Cherokee', 'Iroquois Six Nations, and also by the Cherokee', 'Iroquois Six Nations, and also by the Cherokee', 'Iroquois', 'the Iroquois Six Nations']","Fox, Chickamauga, Iroquois, Kickapoo, Mascouten, Mohawk, Ojibway, Piankeshaw, Potawatomi, Sauk and Shawnee","Fox, Chickamauga, Iroquois, Kickapoo, Mascouten, Mohawk, Ojibway, Piankeshaw, Potawatomi, Sauk, Shawnee",Iroquois and Cherokee,"Mohawk, Fox, Chickamauga, Iroquois, Kickapoo, Mascouten, Ojibway, Piankeshaw, Potawatomi, Sauk, Shawnee","Cherokees, Creeks, Iroquois, Mohawk, Oneida, Tuscarora","Cherokees, Creeks, most Iroquois nations, Fox, Chickamauga, Kickapoo, Mohawk, Ojibway, Potawatomi, Shawnee","Cherokees, Creeks, and most Iroquois nations"
What do pyrenoids store?,"['starch', 'starch', 'starch']",Starch and occasionally proteins,Starch and occasionally proteins,starch,Starch and occasionally proteins,starch,Starch,starch
Who did Emma Marry?,"['King Ethelred II', 'Ethelred II', 'King Ethelred II']",Mr. Knightley,Mr. Knightley,King Ethelred II of England,Mr. Knightley,Will Schuester,Mr. Knightley,Mr. Knightley
Who did he fire?,"['secretary', 'a secretary', 'a secretary']",.44 Magnum,Harry Callahan,Secretary of State Rex Tillerson,six shots,Sam Altman,a bank robber,bank robber
Who wrote The Mutants?,"['Terry Nation', 'Terry Nation', 'Terry Nation']",Josh Boone and Knate Gwaltney,Josh Boone,Bernard Stiegler,Bob Baker and Dave Martin,"M. Gerald Neuffer, Edward H. Coe, Susan R. Wessler",Kris Neville,Susan Wessler
Where was war fought?,"['primarily along the frontiers between New France and the British colonies', 'between New France and the British colonies', 'frontiers between New France and the British colonies', 'along the frontiers', 'Virginia in the South to Nova Scotia in the North']","Eastern Asia, the Pacific Ocean, the Indian Ocean",Europe and the Pacific,"in Europe, Asia, and Africa","Europe, the Middle East, Africa, the Pacific, parts of Asia, South-central United States, northern Mexico",Eastern part of the country,"Southern United States, Europe, Middle East, Africa, Pacific, Asia","Europe, the Middle East, Africa, the Pacific, Asia, and the southern United States"
What surrounds chloroplasts?,"['two innermost lipid-bilayer membranes', 'phagocytic vacuole', 'lipid-bilayer membranes']",chloroplast envelope,Chloroplast envelope,double membrane,chloroplast envelope,chloroplast envelope and thylakoid membrane,chloroplast envelope,chloroplast envelope
Who was Count of Melfi,"['William Iron Arm', 'William Iron Arm', 'William Iron Arm']",Niccolò Acciaioli,Niccolò Acciaioli,Robert Guiscard,William of Hauteville,William of Hauteville,The Count of Melfi was a member of the House of Hauteville.,The Count of Melfi was a Norman ruler and conqueror.
What is structural geology?,"['the study of positions of rock units and their deformation', 'study of positions of rock units and their deformation', 'the study of positions of rock units and their deformation']",Study of rock distribution and deformation,Study of rock distribution and deformation,the study of the three-dimensional distribution of rock units and their deformation patterns,Study of rock deformation,study of the architecture of rocks as related to deformation,"study of the form, arrangement, and internal structure of rocks","study of the form, arrangement, and internal structure of rocks"
When was vetting introduced?,"['2006', '2006', '2006']",1891,January 2017,1947,early 2000s,1930s,1860s,1860s
What is an anda?,"['sworn brother or blood brother', 'sworn brother', 'sworn brother or blood brother)']",contains data for generic drug approval,A request to the FDA,a type of Indian egg curry dish,regulatory submission for generic drugs,Spanish word with various meanings,"""You"" in Indonesian, ""to operate"" in Spanish, and an abbreviation for Abbreviated New Drug Application (ANDA)","surprise, disbelief, rejection, admiration, emphasis, and irony in colloquial Spanish; also an abbreviation for Abbreviated New Drug Application (ANDA)"
What do apicoplasts synthesize?,"['fatty acids, isopentenyl pyrophosphate, iron-sulfur clusters', 'fatty acids, isopentenyl pyrophosphate, iron-sulfur clusters', 'fatty acids, isopentenyl pyrophosphate, iron-sulfur clusters']",Fatty acids,Isoprenoid precursors and fatty acids,fatty acids and isoprenoids,fatty acids,lipids,lipids and isoprenoid precursors,Lipids and isoprenoid precursors
What are apicoplasts missing?,"['photosynthetic pigments or true thylakoids', 'photosynthetic function', 'all photosynthetic function']",The capability for photosynthesis,Photosynthetic ability,a cell wall,Photosynthesis,ability to convert light into energy,photosynthesis,photosynthesis and pigment-loaded thylakoid membranes
What can amyloplasts become?,"['chromoplasts', 'chromoplasts', 'chromoplasts']",Chloroplasts,Chloroplasts,chloroplasts,chloroplasts,chromoplasts,chloroplasts,chloroplasts
What are colloblasts?,"['specialized mushroom-shaped cells in the outer layer of the epidermis', 'specialized mushroom-shaped cells in the outer layer of the epidermis', 'specialized mushroom-shaped cells in the outer layer of the epidermis']",Structures used to capture prey,Structures used to capture prey,adhesive cells in ctenophores,adhesive cells in ctenophores,specialized cells in ctenophores,Sticky cells in ctenophores,Sticky cells in ctenophores.
What does zhèng mean?,"['""right"", ""just"", or ""true""', 'right', 'right"", ""just"", or ""true"",']",Correct,upright or correct,correct/right/proper/proficient,correct,upright or correct,"upright, exactly, in good order, whole, complete, entire, correct, honest, and standard","correct, upright, honest, standard"
When was the Holocene?,"['11,700 years ago', '~11,700 years ago', '~11,700 years ago']","approximately 9,700 years before the Common Era (BCE)",0.012 million years ago,"11,700 years ago","11,700 years ago","11,700 years before 2000 CE","approximately 11,700 years ago","Approximately 11,700 years ago"
When was Montreal captured?,"['1760', '1760', '1760', '1760', '1760']","September 8, 1760","November 13, 1775",1760,"September 8, 1760","September 6, 1760","November 13, 1775","November 13, 1775"
What did this concept contradict ,"['This concept contrasted and contradicted the theretofore established principles of pre-allocation of network bandwidth', 'theretofore established principles of pre-allocation of network bandwidth', 'principles of pre-allocation of network bandwidth']",Itself,Reality,the theory of divine right of kings,previously established theory,Consistency,other ideas or principles,other ideas or principles
How large are Plastoglobuli?,"['45–60 nanometers across', '45–60 nanometers across', '45–60 nanometers across']",80-120 nm,80-120 nm,100-500 nanometers,Between 60 nm and 4000 nm,80-120 nm,30 nm to several micrometers,100-200 nm
What are cestida called?,"['belt animals', 'belt animals', '""belt animals""']",Tapeworms,Tapeworms,comb jellies,tapeworms,ctenophores,tapeworms,tapeworms
What entity owns V/Line?,"['Victorian Government', 'the Victorian Government', 'Victorian Government']",The government,V/Line Corporation,"The Government of Victoria, Australia",V/Line is owned by the government.,Victorian state government,V/Line Corporation,Government-owned corporation
What does NADPH store?,"['energy', 'energy', 'energy']",Energy,Energy,energy,energy,electrons and protons,sugars,reducing agents
What is Psalm 31:5?,"['prayer of the dying', 'the common prayer of the dying', 'common prayer of the dying.']","""Into your hand I commit my spirit; you have redeemed me, O LORD, faithful God.""","""Into your hands I commit my spirit""","Into your hands I commit my spirit; deliver me, Lord, my faithful God.",A verse from the book of Psalms in the Bible,A verse from the book of Psalms in the Bible.,Entrusting one's spirit to the Lord,A verse from the Bible expressing trust and reliance on God
What are chares?,"['Narrow alleys', 'Narrow alleys', 'Narrow alleys']",Narrow medieval streets or alleys,Masculine name,ancient Greek coins,Positive and negative charges,"Chares can refer to a masculine name meaning ""grace"" or ""kindness"" in Greek, or it can also mean ""chore"" or ""household chore"" in English.",Chares can refer to a masculine name or a narrow medieval street.,chores or small jobs
Who wrote the eulogy?,"['Louis Adamic', 'Louis Adamic', 'Slovene-American author Louis Adamic']",Jackie Bailey,Maynard James Keenan,William Shakespeare wrote the eulogy for Julius Caesar.,Young Thug & Gunna,"close family member, friend, or minister",immediate family member or loved one,Jackie Bailey
What does Phosphorylation do?,"['helps many proteins bind the polypeptide', 'helps many proteins bind the polypeptide', 'helps many proteins bind the polypeptide']",Alters protein charge and conformation,Alters protein function and cell signaling,adds a phosphate group,Controls cellular signaling pathways,stimulates or inhibits the function of the molecule,alters protein charge and conformation,regulates cellular processes
Where is Peridinin found?,"['peridinin-type chloroplast', 'chloroplasts', 'chloroplasts']","Marine and freshwater dinoflagellates, clams, sea anemones, and corals","Marine and freshwater dinoflagellates, clams, sea anemones, and corals",in marine dinoflagellates,in many photosynthetic dinoflagellates,photosynthetic dinoflagellates,"marine and fresh water dinoflagellates, clams, sea anemones, and corals",in the peridinin-chlorophyll-protein (PCP) light-harvesting complex in dinoflagellates
Is the packet header long ,"['The packet header can be small, as it only needs to contain this code and any information, such as length, timestamp, or sequence number', 'The packet header can be small', 'small']",Yes,Yes,"No, it is short","Yes, the packet header can be long, ranging from 20 to 60 bytes.","Yes, the packet header can be up to 60 bytes long.",up to 60 bytes,Up to 60 bytes
Who was Philip I?,"['Landgrave of Hesse', 'Landgrave of Hesse', 'Landgrave of Hesse']",King of the Franks,King of the Franks,King of France from 1060 to 1108,King of the Franks from 1060 to 1108,Roman Emperor and father of Maximilian I,King of the Franks,King of the Franks from 1060 to 1108
What are phycobilisomes?,"['relatively large protein complexes', 'large protein complexes', 'large protein complexes']",Aggregates of light-harvesting proteins,Protein complexes anchored to thylakoid membranes,light-harvesting antennae in cyanobacteria and red algae,light harvesting antennae complexes,Light-harvesting antennae complexes,light-harvesting antennae complexes,light harvesting antennae
Who conceptualized the aeolipile?,"['Hero of Alexandria', 'Hero of Alexandria', 'Hero of Alexandria', 'Hero of Alexandria']",Hero of Alexandria,Heron of Alexandria,Heron of Alexandria,Heron of Alexandria,Heron of Alexandria,Hero of Alexandria,Heron of Alexandria
What was telenet ,"['the first FCC-licensed public data network in the United States', 'the first FCC-licensed public data network in the United States', 'first FCC-licensed public data network']",A commercial packet-switched network,A commercial packet-switched network,a Belgian telecommunications company,a packet-switched network,American commercial packet-switched network,American commercial packet-switched network,an American commercial packet-switched network
When were stromules discovered?,"['1962', '1962', '1962']",1888 and 1908,1888 and 1908,in 1997,1888 and 1908,more than 100 years ago,1888 and 1908,1888 and 1908
What replaced the Sky+Box?,"['Sky+HD Box', 'Sky+HD Box', 'Sky+HD Box']",Sky Q,Sky Q,Sky Q Box,Sky Q,The new Sky Box,Sky Q,Sky Q
What was huihui?,"['Muslim medicine', 'Muslim medicine', 'Muslim medicine']","Generic term for China's Muslims, Persian Christians, and Jews",Generic term,Chinese Muslims,"""Hawaiian word for 'to join, intermingle, mix'""",Huihui was a term that historically referred to the Huihe people.,"A generic term for China's Muslims, Persian Christians, and Jews",A term with origins in the Uyghur Khaganate and used to refer to the Hui ethnic group in China
What does rhodophyte mean?,"['red algal chloroplast', 'red algal chloroplast lineage', 'red algal chloroplast lineage']",Red algae,Red algae,red algae,Any red alga of the phylum Rhodophyta,red algae,red algae,Red algae
What religion were the Normans,"['Catholic', 'Catholic orthodoxy', 'Catholic']",Christian,Christianity,Catholicism,Christian,Christian,Catholic,Catholic
What was DATANET 1 ,"['was the public switched data network operated by the Dutch PTT Telecom', 'the public switched data network operated by the Dutch PTT Telecom', 'public switched data network']",First stage of a public packet-switched datanetwork in the Netherlands,The first stage of a public packet-switched datanetwork in the Netherlands,a pioneering computer network in the United Kingdom,one of the first packet-switched networks,The first computer network,The first Dutch packet-switched network,the first Dutch packet-switched network
Where do ctenophora live?,"['marine waters', 'marine waters worldwide', 'marine waters']",Marine habitats,Marine habitats,in marine environments,most marine environments,marine habitats,marine habitats,"marine habitats, particularly in surface waters near shores"
What is an underbid?,"['when builders ask for too little money to complete the project', 'when builders ask for too little money to complete the project', 'builders ask for too little money to complete the project']",to bid less than a competing bidder,To bid less than a competing bidder,a bid lower than the current highest bid,To bid less than a competing bidder,to bid less than (another bid) or less than the bid of (another bidder),Bidding less than a competing bidder,Bidding less than a competing bidder
What is Sanctifying Grace?,"['grace of God which sustains the believers in the journey toward Christian Perfection', 'is that grace of God which sustains the believers in the journey toward Christian Perfection', 'that grace of God which sustains the believers in the journey toward Christian Perfection']",Gift of God's life into the soul,Gift of God's life,a supernatural gift of God that enables us to live a holy life,Infused gift of God's life,"God's freely given presence and power to restore the fullness of God's image in which we are created, and a permanent substance that adheres to the soul unless one rejects God by committing a mortal sin.",infused into the soul by the Holy Spirit,A gratuitous gift of God's life infused into the soul
What surrounds Plastoglobuli?,"['a lipid monolayer', 'lipid monolayer', 'a lipid monolayer']",membrane lipid monolayer,A membrane lipid monolayer,lipid bilayer,a membrane lipid monolayer,membrane lipid monolayer,membrane lipid monolayer,"a membrane lipid monolayer, half-lipid bilayer, and a single peripheral membrane"
When was al-Nimeiry overthrown?,"['1985', '1985', '1985']","April 6, 1985","April 6, 1985","April 6, 1985",April 1985,6 April,"April 6, 1985","April 6, 1985"
EM,,0.1320754716981132,0.11320754716981132,0.09433962264150944,0.11320754716981132,0.09433962264150944,0.10062893081761007,0.10062893081761007
F1,,0.2846855061947455,0.2737968541041755,0.2648946650297806,0.3011652501254698,0.265267495141709,0.2741150514975141,0.2696317243854411
elapsed time,,285.21221506070793,170.5884526810556,0.7263823170332039,4.335149111237916,6.887610114595425,18.74450341260658,40.31834451207575
