Question,GT Answer,"qrecc-short_got-3+demos-sa-knn+cx+t5-nli-ec+ci+[0.3,0.6,0.1]_gpt-3.5-turbo-1106_google","qrecc-short_got-3+demos-sa+cx+t5-nli-ec+ci+[0.3,0.6,0.1]_gpt-3.5-turbo-1106_google",qrecc-short_vanilla_gpt-3.5-turbo-1106_google,qrecc-short_retrieve_then_read_sc_gpt-3.5-turbo-1106_google,qrecc-short_multihop_gpt-3.5-turbo-1106_google,qrecc-short_dsp+sample_gpt-3.5-turbo-1106_google,qrecc-short_dsp+knn_gpt-3.5-turbo-1106_google
What are tofus origins?,"['Like many soya foods, tofu originated in China. Legend has it that it was discovered about 2000 years ago by a Chinese cook who accidentally curdled soy milk when he added nigari seaweed.']","China, around 2,000 years ago",China,"Tofu originated in China over 2,000 years ago.",Tofu originated in China.,Tofu originated in China.,Tofu originated in China.,China
what category storm was dora,['Hurricane Dora was a Category 4 Hurricane.'],Category 4.,Category 4,Hurricane Dora was a Category 4 storm.,Category 4,Category 4,Category 4,Category 4
when was peru liberated,['José de San Martín and his forces liberated Peru and proclaimed its independence from Spain on 28 July 1821'],"Peru was liberated on July 28, 1821.","July 28, 1821","Peru was liberated from Spanish rule on July 28, 1821.","July 28, 1821","July 28, 1821","July 28, 1821","July 28, 1821"
how old is gaelic football,"['While Gaelic football as it is known today dates back to the late 19th century, various kinds of football were played in Ireland before this time.']",Gaelic football is over 700 years old.,over 700 years,Gaelic football is over 130 years old.,Over 700 years,Gaelic football is over 350 years old.,Over 700 years,Gaelic football is over 700 years old.
Was Revival successful?,"[""Revival entered the UK Albums Chart with 132,000 album-equivalent units, becoming the year's second largest opening behind Sheeran's ÷ and giving the rapper his eighth consecutive number-one album.""]",Yes,Yes,"Revival was a commercial success, debuting at number one on the US Billboard 200.",No.,"Yes, Revival was successful.",Yes.,Yes.
what does the glycocalyx do,"['The glycocalyx is a type of identifier that the body uses to distinguish between its own healthy cells and transplanted tissues, diseased cells, or invading organisms.']","Controls vascular permeability, prevents thrombosis, prevents adhesion of leukocytes, and actively repels blood-borne molecules.",modulates adhesion and surface characteristics,The glycocalyx helps protect the cell and allows it to recognize other cells.,"The glycocalyx regulates fluid movement, controls vascular permeability, prevents thrombosis, and guides cell movement.","Controls vascular permeability, prevents thrombosis, prevents adhesion of leukocytes, and actively repels blood-borne molecules.","Controls vascular permeability, prevents thrombosis, prevents adhesion of leukocytes, and actively repels blood-borne molecules","Controls vascular permeability, prevents thrombosis, prevents adhesion of leukocytes, and actively repels blood-borne molecules."
When was the IPS formed,"['The Indian Police Service is formed in 1948, a year later of independence of India.']",1948,1948,The Indian Police Service (IPS) was formed in 1948.,1948,1966,1948,1948
how old is beth fowler,['Beth Fowler is 79 years old.'],Beth Fowler is 83 years old.,83 years,"Beth Fowler was born on November 1, 1940, so she is 81 years old.",83 years,About 82 years,83 years,Beth Fowler is 83 years old.
What are mammals?,"['Mammals are vertebrate animals constituting the class Mammalia, and characterized by the presence of mammary glands which in females produce milk for feeding their young, a neocortex, fur or hair, and three middle ear bones.']","Mammals are warm-blooded, vertebrate animals that have hair or fur; are born alive; and feed their young milk produced by the mother's mammary glands.",Vertebrates with hair and mammary glands.,Mammals are vertebrate animals characterized by the presence of mammary glands which in females produce milk for feeding their young.,Warm-blooded vertebrates with fur and milk-producing mammary glands.,"Warm-blooded, have hair or fur, born alive, fed milk, complex brain.","Vertebrate animals with hair or fur, mammary glands, single-boned lower jaws, one-time tooth replacement, and three bones in the middle ear.","Vertebrate animals with hair or fur, mammary glands, single-boned lower jaws, one-time tooth replacement, and three bones in the middle ear."
was b-rabbit in a relationship,"['In the film 8 Mile, B-Rabbit has an ex-girlfriend, Janeane and a love interest, Alex.']",Yes.,Yes,"In the movie ""8 Mile,"" B-Rabbit, played by Eminem, was in a relationship with Alex, played by Brittany Murphy.",Yes.,"Yes, B-Rabbit was in a relationship with Alex.",Yes.,"Yes, B-Rabbit was in a relationship with Jeneane and later with Alex."
What is a trope?,"['A literary trope is the use of figurative language, via word, phrase or an image, for artistic effect such as using a figure of speech. The word trope has also come to be used for describing commonly recurring literary and rhetorical devices, motifs or clichés in creative works']",A trope is a word used in a nonliteral sense to create a powerful image.,A word or expression used in a nonliteral sense to create a powerful image,"A trope is a common or overused theme or device in literature, film, or other forms of storytelling.",A literary or rhetorical device.,A common or overused theme or device in literature.,A figure of speech.,A figure of speech.
who made the fees,['Tuition fees were first introduced across the entire United Kingdom in September 1998 under the Labour government.'],Wealthfront Strategies LLC,Susan Langmore,Fees are typically set by the organization or individual providing the service.,Tony Blair introduced tuition fees in the United Kingdom in 1998.,Marketing and accounting departments,Tony Blair,Tony Blair
what does the scream symbolize,"['In what he referred to as his soul painting, Edvard Munch reveals in The Screan an honest and perhaps even ugly glimpse of his inner troubles and feelings of anxiety.']",The Scream symbolizes anxiety.,Alienation and abnormality,The Scream by Edvard Munch is said to symbolize the anxiety of modern man.,anxiety and universal human condition,"Anxiety, fear, existential dread","The Scream symbolizes troubled times, mental illness, trauma, panic, and a feeling of alienation.","The Scream symbolizes troubled times, mental illness, trauma, panic, and a feeling of alienation."
what makes edf optimal,['EDF is an optimal scheduling algorithm because all jobs are complete by their deadline.'],EDF is optimal if the total utilization of the tasks doesn't exceed unity.,known deadlines and execution times as long as the total utilization of the tasks doesn't exceed unity,EDF (Earliest Deadline First) is optimal for minimizing the average response time.,EDF is an optimal algorithm.,EDF is an optimal scheduling algorithm on preemptive uniprocessors.,EDF is considered optimal because it maximizes CPU utilization.,EDF is optimal because it maximizes CPU utilization and allows tasks to execute as soon as their deadlines arrive.
Is smoked turkey healthy?,"[""There's no specific amount that's considered safe, but if you're a strictly-on-Thanksgiving smoked-meat eater, it's not something to stress about.""]",Smoked turkey can be a healthy choice as part of a balanced diet.,Yes,Smoked turkey is a good source of protein and low in fat.,"Yes, smoked turkey can be a healthy choice as part of a balanced diet.","It can be a good source of protein and beneficial vitamins and minerals, but it is still considered processed meat and may be high in sodium.","It can be a healthy choice as part of a balanced diet, but it's important to consider the ingredients and preparation.","It can be a healthy choice as part of a balanced diet, but it's important to consider the ingredients and preparation."
can women wear kippah,['Kippot for women are also being made and worn. These are sometimes made of beaded wire to seem more feminine.'],"Yes, women can wear kippah.",Yes,"Yes, women can wear a kippah.","Yes, women can wear kippah in some non-Orthodox communities.","Yes, in some more liberal Conservative synagogues.","Yes, women can wear kippahs.","Yes, women can wear kippahs."
who succeeded the soviet union,"[""The Russian Federation assumed the Soviet Union's rights and obligations and became recognized as the de facto successor state.""]",Boris Yeltsin,Boris Yeltsin,The Russian Federation succeeded the Soviet Union.,Boris Yeltsin,Boris Yeltsin,Boris Yeltsin,Boris Yeltsin
who discovered iodine-131,"['Iodine-131 was discovered by Glenn Seaborg and John Livingood in 1938 at the University of California, Berkeley..']",Glenn Seaborg and John Livingood,Glenn Seaborg and John Livingood,Glenn T. Seaborg and John Livingood discovered iodine-131 in 1938.,Glenn Seaborg and John Livingood,Glenn T. Seaborg and John Livingood,Glenn Seaborg and John Livingood,Glenn Seaborg and John Livingood
who designed the rrhof museum,['Architect I.M. Pei designed the RRHOF museum'],I. M. Pei,I. M. Pei,The Rock and Roll Hall of Fame Museum was designed by architect I.M. Pei.,I. M. Pei,I.M. Pei,I. M. Pei,I. M. Pei
How secure is blockchain?,['Private keys are even more secure as they are considerably longer. It is in this way that blockchain offers a greater level of security to the individual user as it removes the need for weak and easily compromised passwords and online identities.'],Blockchain security is comprehensive.,safe and secure,Blockchain is considered to be highly secure due to its decentralized and encrypted nature.,Highly secure,Blockchain is not completely secure.,Nearly impossible to tamper with.,Nearly impossible to tamper with.
Did Harold Shipman marry?,"['On 5 November 1966, Harold Shipman married Primrose May Oxtoby.']",Yes.,Yes,Harold Shipman married Primrose May Oxtoby in 1966.,Yes.,Yes.,Yes,Yes.
Who is Sachin Tendulkar?,['Sachin Ramesh Tendulkar is an Indian former international cricketer and a former captain of the Indian national team.'],An Indian professional cricket player,Indian professional cricket player,Sachin Tendulkar is a former Indian cricketer widely regarded as one of the greatest batsmen in the history of cricket.,Indian former international cricketer,Former Indian cricketer,Sachin Tendulkar is a former Indian international cricketer widely regarded as one of the greatest batsmen of all time.,Sachin Tendulkar is a former Indian international cricketer widely regarded as one of the greatest batsmen of all time.
who is Thor heyerdahl,"['Thor Heyerdahl; October 6, 1914 – April 18, 2002) was a Norwegian adventurer and ethnographer with a background in zoology, botany, and geography.']",Thor Heyerdahl was a Norwegian adventurer and ethnographer.,Norwegian adventurer and ethnographer,Thor Heyerdahl was a Norwegian adventurer and ethnographer.,Norwegian adventurer and ethnographer,Norwegian ethnologist and adventurer,"Thor Heyerdahl was a Norwegian ethnologist, adventurer, and biologist known for organizing and leading transoceanic expeditions such as the Kon-Tiki and Ra.","Thor Heyerdahl was a Norwegian ethnologist, adventurer, and biologist known for organizing and leading transoceanic expeditions such as the Kon-Tiki and Ra."
can non-jews wear kippah,"['Though it is not required, when a non-Jew wears a kippah in a synagogue, it is considered a sign of respect.']","Yes, non-Jews can wear a kippah.",Yes.,Non-Jews can wear a kippah as a sign of respect when visiting a synagogue or attending a Jewish religious ceremony.,"Yes, non-Jews can wear a kippah in certain situations.",Yes.,"Yes, non-Jews can wear a kippah as a sign of respect, but it is not required.","Yes, but it is not required."
was Hollywood Babylon successful?,"['The NYT said, If a book such as Hollywood Babylon can be said to have charm, it lies in the fact that the book is without one single redeeming merit.“']",Hollywood Babylon was successful.,No,Hollywood Babylon was a best-selling book by Kenneth Anger.,"Yes, Hollywood Babylon was successful.","No, Babylon was not successful.",No.,No.
what were the oligarchs,['Business oligarchs of the former Soviet republics.'],The oligarchs were prominent Russian businessmen.,A small group of people holding political power,The oligarchs were a small group of businessmen who acquired great wealth and political power in Russia after the collapse of the Soviet Union.,Wealthy business entrepreneurs.,Wealthy individuals,Russian business entrepreneurs,Russian oligarchs were business entrepreneurs who rapidly accumulated wealth in the 1990s via the Russian privatization that followed the dissolution of the Soviet Union.
Who started Cheap Trick?,"['In 1967, Rick Nielsen formed Fuse with Tom Peterson and Bun E. Carlos joining on drums. the band adopted the name Cheap Trick on August 25, 1973.']","Rick Nielsen, Tom Petersson, Robin Zander, and Bun E. Carlos","Rick Nielsen, Tom Petersson, Robin Zander, and Bun E. Carlos.",Cheap Trick was formed in 1973 by guitarist Rick Nielsen and bassist Tom Petersson.,Rick Nielsen,"Rick Nielsen, Tom Petersson, Robin Zander, and Bun E. Carlos",Rick Nielsen,Rick Nielsen
who is skip james,"['Nehemiah Curtis Skip James was an American Delta blues singer, guitarist, pianist and songwriter.']","Skip James was an American Delta blues singer, guitarist, pianist, and songwriter.","American Delta blues singer, guitarist, pianist, and songwriter","Skip James was an American Delta blues singer, guitarist, pianist and songwriter.",Skip James was a Delta blues musician.,Skip James was a blues musician.,"Skip James was an American Delta blues singer, guitarist, pianist, and songwriter.","Skip James was an American Delta blues singer, guitarist, pianist, and songwriter."
when was graham windham founded,['Graham Windham was founded in 1806.'],1806,1806,Graham Windham was founded in 1806.,1806,1806,1806,1806
what is The Bridge?,"[""The Bridge is Ace of Base's second album""]",The Bridge is a six-lane reinforced concrete arch bridge.,A TV show,The Bridge is a crime drama television series that aired on FX from 2013 to 2014.,"The Bridge can refer to a physical structure, a musical passage, or an open area on a ship.","The Bridge can refer to different things, such as a specific type of bridge, a TV show, a book, or a metaphorical concept.","A bridge in music refers to the section of music used to build tension, function as a transition, and add variety.",The Bridge is a structure carrying a pathway or roadway over a depression or obstacle.
is kevin malone a gambler,"['Kevin Malone is the resident gambler, partaking or initiating various bets throughout the office with other co-workers, and shows a fairly sharp talent for monitoring games fairly.']","Yes, Kevin Malone was a gambler.",Yes,"Kevin Malone from The Office is known for his love of gambling, particularly poker.",Yes,"Yes, Kevin Malone is a gambler.",Yes.,Yes.
where was percy grainger from,"['Percy Grainger was born in Brighton, a suburb of Melbourne, Australia.']","Percy Grainger was from Brighton, Victoria, Australia.","Melbourne, Victoria, Australia","Percy Grainger was born in Brighton, Victoria, Australia.","Melbourne, Australia","Melbourne, Victoria, Australia","Melbourne, Australia","Brighton, Victoria, Australia"
how does edf work,['Whenever a scheduling event occurs the queue will be searched for the process closest to its deadline. This process is the next to be scheduled for execution.'],By offering solutions to save on energy consumption.,By finding practical and lasting solutions to environmental problems,"EDF (Electricité de France) is a French electric utility company, largely owned by the French state.",EDF works by delivering bold solutions to cut climate pollution and strengthen the ability of people and nature to thrive.,"EDF delivers bold, game-changing solutions to help people facing climate threats today while curbing climate change for the future.","EDF works by delivering bold, game-changing solutions to help people facing climate threats and curbing climate change.","EDF works by delivering bold, game-changing solutions to help people facing climate threats today while curbing climate change."
Can turkeys fly?,"['While the turkey you cook for Thanksgiving has never been airborne, wild turkeys can fly.']","Yes, turkeys can fly.",Yes,Wild turkeys are able to fly short distances at speeds up to 55 miles per hour.,"Yes, turkeys can fly.","Yes, turkeys can fly for short distances.","Yes, turkeys can fly.","Yes, turkeys can fly."
Was he married?,"['Coogan was married four times, and had four children.']","No, he was not married.",Yes,"Yes, he was married.",Yes.,Check for marriage records in Los Angeles County.,"The poem ""Was He Married?"" by Stevie Smith suggests that the subject may have been married.",Possibly.
how old is Davy Russell,['Davy Russell is 40 years old.'],44 years old,44 years old,"Davy Russell was born on June 27, 1979, making him 42 years old.",44 years,44 years,44 years old,Davy Russell is 44 years old.
what is the kon-yiki expedition,"['The Kon-Tiki expedition was inspired by old reports and drawings made by the Spanish Conquistadors of Inca rafts, and by native legends.']","A 1947 journey by raft across the Pacific Ocean from South America to the Polynesian islands, led by Norwegian explorer Thor Heyerdahl.",a 1947 journey by raft across the Pacific Ocean from South America to the Polynesian islands,"The Kon-Tiki expedition was a 1947 journey by raft across the Pacific Ocean from South America to the Polynesian islands, led by Norwegian explorer Thor Heyerdahl.",A 1947 journey by raft across the Pacific Ocean led by Thor Heyerdahl.,A 1947 journey by raft across the Pacific Ocean led by Thor Heyerdahl.,"A 1947 journey by raft across the Pacific Ocean from South America to the Polynesian islands, led by Norwegian explorer Thor Heyerdahl.",A 1947 journey by raft across the Pacific Ocean led by Thor Heyerdahl.
What does Peter mean?,"['The precise meaning of the Aramaic word is disputed, some saying that its usual meaning is rock or crag']","Peter means ""rock"" or ""stone.""",Rock; Stone,"The name Peter means ""rock"" or ""stone.""","""rock"" or ""stone""","""Rock"" or ""stone""","""rock"" or ""stone""","""Rock"" or ""stone"""
how big is target,['Target is the 8th-largest retailer in the United States.'],"Target operates 1,948 stores throughout the United States.","1,948 stores","Target operates over 1,900 stores in the United States.","About 125,000 square feet.","125,000 to 135,000 square feet","Around 125,000 to 150,000 square feet","The average size of a typical Target store is around 125,000 to 130,000 square feet."
who founded the Edmonton Oilers,['The Oilers were officially foundedby W. D. Wild Bill Hunter and Dr. Chuck Allard.'],"W. D. ""Wild Bill"" Hunter and Dr. Chuck Allard","W. D. ""Wild Bill"" Hunter and Dr. Chuck Allard",The Edmonton Oilers were founded by Bill Hunter.,"W. D. ""Wild Bill"" Hunter and Dr. Chuck Allard",Bill Hunter,"W. D. ""Wild Bill"" Hunter and Dr. Chuck Allard","W. D. ""Wild Bill"" Hunter and Dr. Chuck Allard"
What is blockchain?,"['A blockchain, originally block chain, is a growing list of records, called blocks, that are linked using cryptography. Each block contains a cryptographic hash of the previous block, a timestamp, and transaction data.']",Blocks of data linked into an uneditable digital chain,A type of shared database,"Blockchain is a decentralized, distributed ledger technology that records the provenance of a digital asset.","A digitally distributed, decentralized, public ledger.",A type of distributed ledger technology.,"A shared, immutable ledger.","A shared, immutable ledger."
Are alcoholics generally depressed?,"['Nearly one-third of people with major depression also have an alcohol problem. Often, the depression comes first.']","Yes, alcoholics frequently experience depression.",Yes,Alcoholics are more likely to suffer from depression than non-alcoholics.,Yes.,"Yes, alcoholics are generally more likely to be depressed.","Yes, alcoholics are generally depressed.","Yes, alcoholics are generally depressed"
What are Cubesats?,"['A CubeSat is a type of miniaturized satellite for space research that is made up of multiples of 10 cm × 10 cm × 11.35 cm cubic units. CubeSats have a mass of no more than 1.33 kilograms per unit, and often use commercial off-the-shelf components for their electronics and structure.']",Square-shaped miniature satellites that can be used alone or in groups of multiple units.,A class of nanosatellites,CubeSats are a type of miniaturized satellite for space research.,Small box-shaped satellites.,"Small satellites with a standard size and form factor, providing affordable access to space for small companies, research institutes, and universities.","Small, square-shaped miniature satellites.",Cubesats are a class of nanosatellites that use a standard size and form factor.
who developed linux distribution,['Linus Torvalds developed the Linux kernel'],Linus Torvalds,Linus Torvalds,Linus Torvalds developed the Linux distribution.,Linus Torvalds,Various organizations and communities develop Linux distributions.,Linus Torvalds,Linus Torvalds
What is dramatism?,"['Dramatism, an interpretive communication studies theory, was developed by Kenneth Burke as a tool for analyzing human relationships.']",Dramatism is a communication studies theory.,A communication studies theory.,Dramatism is a method of analysis developed by Kenneth Burke.,A communication theory developed by Kenneth Burke.,A communication theory developed by Kenneth Burke.,Communication theory analyzing human relationships.,A communication studies theory developed by Kenneth Burke.
when was probability theory developed,['The first recorded evidence of probability theory can be found as early as 1550 in the work of Cardan.'],Probability theory was developed as early as 1550.,1550,Probability theory was developed in the late 17th century.,16th century,Sixteenth and seventeenth centuries,16th century,16th century
where was yasir shah born,['Yasir Shah was born in Swabi in Khyber Pakhtunkhwa in 1986.'],"Swabi, Khyber Pakhtunkhwa, Pakistan","Swabi, Khyber Pakhtunkhwa, Pakistan","Yasir Shah was born in Swabi, Khyber Pakhtunkhwa, Pakistan.","Swabi, Khyber Pakhtunkhwa","Swabi, Khyber Pakhtunkhwa, Pakistan","Swabi, Khyber Pakhtunkhwa, Pakistan","Swabi, Khyber Pakhtunkhwa, Pakistan"
is vikings on netflix,"[""The mothership Vikings series currently is not available on Netflix; it's streaming on Hulu and Amazon Prime Video.""]","Yes, Vikings is available on Netflix.",No,"Yes, Vikings is available to stream on Netflix.","Yes, Vikings is available on Netflix.","Yes, Vikings is available on Netflix in certain countries.","Vikings is available on Netflix in some countries, but not in the US or UK.","Vikings is available on Netflix in some countries, but not in the US or UK."
when was Tim Minchin born,['He was born on 7 October 1975'],"Tim Minchin was born on October 7, 1975.","October 7, 1975","Tim Minchin was born on October 7, 1975.","October 7, 1975","October 7, 1975","October 7, 1975","Tim Minchin was born on October 7, 1975."
what makes guinness stout dark,['A portion of the barley is roasted to give Guinness stout its dark colour and characteristic taste.'],Roasted unmalted barley,Roasted unmalted barley,Guinness stout is dark because it is made with roasted barley.,Roasted barley,Roasted barley gives Guinness stout its distinctive dark color.,Roasted barley,Roasted barley
when was Robbie Montgomery born,"['Robbie Marie Montgomery was born on June 16, 1940.']","Robbie Montgomery was born on June 16, 1940.","June 16, 1940","Robbie Montgomery was born on June 16, 1940.","June 16, 1940","June 16, 1940","June 16, 1940","Robbie Montgomery was born on June 16, 1940"
Who was Noah Webster,"['Noah Webster Jr.  born in West Hartford, Connecticut on October 16, 1758, was an American lexicographer, textbook pioneer, English-language spelling reformer, political writer, editor, and prolific author.']",An American lexicographer.,American lexicographer,"Noah Webster was an American lexicographer, textbook pioneer, English-language spelling reformer, political writer, editor, and prolific author.",American lexicographer and educator,"American lexicographer, educator, and lobbyist",American lexicographer and educator.,"Noah Webster was an American lexicographer, educator, and language reformer."
What are the Meshuggah,['A Swedish extreme metal band from Umeå'],a Swedish extreme metal band,Extreme metal band,Meshuggah is a Swedish extreme metal band formed in 1987.,Swedish extreme metal band,Swedish extreme metal band,Swedish extreme metal band,Meshuggah is a Swedish extreme metal band formed in 1987.
Tell me about lipids.,"['Lipids are molecules that contain hydrocarbons and make up the building blocks of the structure and function of living cells. Examples of lipids include fats, oils, waxes, certain vitamins (such as A, D, E and K), hormones and most of the cell membrane that is not made up of protein.']","Lipids help with moving and storing energy, absorbing vitamins, and making hormones.",Fatty compounds with various functions,"Lipids are a diverse group of organic compounds that include fats, oils, and waxes.","Lipids are fatty, waxy, or oily compounds that are soluble in organic solvents and insoluble in polar solvents such as water.",Lipids are fatty compounds that perform various functions in the body.,Lipids are fatty compounds that perform a variety of functions in the body.,"Lipids are fatty compounds that perform a variety of functions in the body, including being part of cell membranes and helping control what goes in and out of cells."
Who developed Happy Tree Friends,"['Happy Tree Friends is developed by Aubrey Ankrum, Rhode Montijo, Kenn Navarro and Warren Graff for Mondo Media.']","Aubrey Ankrum, Rhode Montijo, and Kenn Navarro.","Aubrey Ankrum, Rhode Montijo, Kenn Navarro, and Warren Graff","Happy Tree Friends was created by Aubrey Ankrum, Rhode Montijo, Kenn Navarro, and Warren Graff.","Kenn Navarro, Rhode Montijo, and Aubrey Ankrum","Kenn Navarro, Rhode Montijo, Aubrey Ankrum, and Warren Graff",Kenn Navarro and Warren Graff.,"Kenn Navarro, Rhode Montijo, Aubrey Ankrum, and Warren Graff."
Who is James Fauntleroy?,"['James Edward Fauntleroy II is an American singer, songwriter and record producer from Inglewood, California.']","James Fauntleroy is an American singer, songwriter, and record producer.","American singer, songwriter, and record producer","James Fauntleroy is an American singer, songwriter, and record producer.","American singer, songwriter, and record producer","James Fauntleroy is an American singer, songwriter, and record producer.","James Fauntleroy is a Grammy-winning songwriter, producer, and recording artist known for collaborations with high-profile artists in R&B and pop music.","James Fauntleroy is a Grammy-winning songwriter, producer, and recording artist known for collaborations with high-profile artists in R&B and pop music."
What is PewDiePie's nationality,"['PewDiePie was born as Felix Arvid Ulf Kjellberg in Gothenburg, Sweden. His nationality is Swedish and his ethnicity is also Swedish.']",Swedish,Swedish,PewDiePie is Swedish.,Swedish,Swedish,Swedish,Swedish
who invented the cheesesteak,['Philadelphians Pat and Harry Olivieri are often credited with inventing the cheesesteak by serving chopped steak on an Italian roll in the early 1930s.'],Pat and Harry Olivieri,Pat and Harry Olivieri,"Pat Olivieri, a hot dog vendor, is often credited with inventing the cheesesteak in the early 1930s.",Pat and Harry Olivieri,Pat and Harry Olivieri,Pat and Harry Olivieri,Pat and Harry Olivieri
What is taurine?,['Taurine is a type of amino acid found in many foods and often added to energy drinks'],Taurine is a type of chemical called an amino sulfonic acid.,C2H7NO3S,Taurine is an organic compound that is widely distributed in animal tissues.,"Taurine is an amino sulfonic acid found in meat, fish, and eggs.","Taurine is an organic compound found in animal tissues and in some foods, especially in meat, dairy, and fish.",Taurine is an amino acid.,"Taurine is an amino acid found in meat, fish, and shellfish, and is essential for skeletal muscle functioning."
Who is Dian Belmont?,"['Aa fictional DC Comics character, associated with the golden age Sandman, a socialite and amateur detective, she assisted Sandman on most of his adventures as his aide and confidant.']",Dian Belmont was the lifelong companion of Sandman and an amateur detective.,Fictional DC Comics character,Dian Belmont is a fictional character in the DC Comics universe.,"Dian Belmont is a fictional character and the lifelong companion of Sandman, Wesley Dodds.",Dian Belmont is a fictional DC Comics character.,"Dian Belmont is a fictional DC Comics character associated with the golden age Sandman, described as a socialite, amateur detective, and the lifelong lover of Sandman/Wesley Bernard Dodds.",A fictional DC Comics character
when was heraclitus born,['heraclitus was born in 535 BCE'],around 540 BCE,around 540 BCE,Heraclitus was born in 535 BC.,c. 540 BCE,c. 540 BCE,c. 540 BCE,Heraclitus was born around 540 BCE.
how are catfish raised,"['The U.S. Farm Raised Catfish is raised in environmentally controlled, clay based ponds, filled with fresh water pumped from underground wells and filtered by alluvial aquifers']","In environmentally controlled, clay-based ponds filled with fresh water pumped from underground wells","In environmentally controlled, clay-based ponds filled with fresh water pumped from underground wells",Catfish are raised in ponds or tanks on fish farms.,In environmentally controlled ponds and harvested at about 18 months old.,In split-pond or high-aeration grow-out systems.,In hatcheries and nursery ponds.,In multiple-batch production with fingerlings stocked each spring.
where was Nicky Jam born,"['Nicky Jam was born in Lawrence, Massachusetts, U.S.']","Nicky Jam was born in Lawrence, Massachusetts.","Lawrence, Massachusetts","Nicky Jam was born in Boston, Massachusetts.","Lawrence, Massachusetts","Lawrence, Massachusetts","Lawrence, Massachusetts","Nicky Jam was born in Lawrence, Massachusetts."
What came before toilets?,"['In 1596 Sir John Harrington invented a flushing lavatory with a cistern. However the idea failed to catch on. People continued to use chamber pots or cess pits, which were cleaned by men called gong farmers. (In the 16th century a toilet was called a jakes).']","Holes in the ground, potties, and chamber pots",Roman baths,"Before toilets, people used chamber pots or simply went to the bathroom outside.","Holes in the ground, potties, chamber pots, and garderobes.","Pail closets, outhouses, and cesspits","Latrine systems, pail closets, and chamber pots","Chamber pots, latrine systems, and basic sewer systems"
what does interstitial fluid contain,"['Interstitial fluid consists of a water solvent containing sugars, salts, fatty acids, amino acids, coenzymes, hormones, neurotransmitters, white blood cells and cell waste-products.']","Interstitial fluid contains water and solutes, including electrolytes, sugars, salts, acids, hormones, neurotransmitters, and cell wastes.","water and solutes, including electrolytes, sugars, salts, acids, hormones, neurotransmitters, and cell wastes","Interstitial fluid contains water, ions, nutrients, gases, and waste products.","water, electrolytes, sugars, salts, acids, hormones, neurotransmitters, and cell wastes","water, electrolytes, sugars, salts, acids, hormones, neurotransmitters, and cell wastes","water, electrolytes, sugars, salts, fatty acids, amino acids, coenzymes, hormones, neurotransmitters, white blood cells, and cell waste-products","water, sugars, salts, fatty acids, amino acids, coenzymes, hormones, neurotransmitters, white blood cells, and cell waste-products"
was the movie Tombstone successful,"['The film Tombstone was a financial success, and for the Western genre, it ranks number 16 in the list of highest-grossing films since 1979.']","Yes, Tombstone was successful.",Yes,"Tombstone was a commercial success, grossing over $56 million at the box office.","Yes, Tombstone was successful.","Yes, Tombstone was successful.",Yes,Yes.
What is weathering?,"[""Weathering is the breaking down of rocks, soil, and minerals as well as wood and artificial materials through contact with the Earth's atmosphere, water, and biological organisms.""]","Weathering is the process that causes the disintegration of rocks, mineral, and soils without chemical change.",Breaking down or dissolving of rocks and minerals on the surface of the Earth.,"Weathering is the breaking down of rocks, soil, and minerals as well as artificial materials through contact with the Earth's atmosphere, biota, and waters.",Breakdown of rocks and minerals on the Earth's surface.,Breaking down of rocks.,Weathering is the breaking down or dissolving of rocks and minerals on the surface of the Earth.,Weathering is the breaking down or dissolving of rocks and minerals on the surface of the Earth.
Describe Uranus.,['Uranus (from the Latin name Ūranus for the Greek god Οὐρανός) is the seventh planet from the Sun. It has the third-largest planetary radius and fourth-largest planetary mass in the Solar System.'],"Uranus is the seventh planet from the Sun with the third largest diameter in our solar system, and it is very cold and windy.","Cold, windy, with rings and moons.",Uranus is the seventh planet from the sun and is the third-largest in the solar system.,Uranus is a gaseous cyan-colored ice giant.,"Uranus is the third-largest planet in our solar system, with a diameter about four times that of Earth. It is a very cold and windy planet, surrounded by faint rings and more than two dozen small moons. Uranus rotates at a nearly 90-degree angle from the plane of its orbit.",Uranus is a gaseous ice giant with an average temperature of minus 320 degrees Fahrenheit (-195 degrees Celsius).,"Uranus is a gaseous cyan-colored ice giant made up of water, ammonia, and methane."
Did Chris Barber tour?,"['The Big Chris Barber Band 2019 line up is: Chris Barber, Bob Hunt; Mike Henry, Gabriel Garrick, Bert Brandsma, Nick White and Ian Killoran. John Watson, John Day, Joe Farler']",Yes.,Yes.,Chris Barber and his band toured extensively in the United States and Europe.,Yes.,"Yes, Chris Barber has toured.","Yes, Chris Barber toured extensively throughout his career.",Yes
Can anemia go away?,['Your iron deficiency anemia symptoms should start to go away after about a week of taking iron supplements. Your doctor will check your blood to see if it has improved.'],Yes,"Yes, but it can also be chronic.","Anemia can be temporary or long term, depending on the cause.",Anemia may never go away completely.,"Yes, with proper treatment.","Yes, anemia can go away.","Yes, anemia can go away."
Does smoking cause cancer?,"['Each cigarette can damage DNA in many lung cells, but it is the build up of damage in the same cell that can lead to cancer. However research has shown that for every 15 cigarettes smoked there is a DNA change which could cause a cell to become cancerous.']","Yes, smoking causes cancer.",Yes.,"Yes, smoking is the leading cause of cancer and death from cancer.",Yes.,"Yes, smoking does cause cancer.",Yes.,"Yes, smoking causes cancer."
Who is Ai Weiwei?,['Ai Weiwei is a Chinese contemporary artist and activist.'],Ai Weiwei is a Chinese artist and activist.,"Chinese artist, activist, and documentarian",Ai Weiwei is a Chinese contemporary artist and activist.,"Ai Weiwei is a Chinese contemporary artist, documentarian, and activist.","Ai Weiwei is a Chinese artist, activist, and documentarian.","Ai Weiwei is a Chinese artist, activist, and documentarian known for his political commentary and activism on human rights issues.","Ai Weiwei is a Chinese artist, activist, and documentarian known for his political commentary and activism on human rights issues."
what is carbon's nickname,['Carbon has often been referred to as the king of the elements.'],coal or charcoal,carbo,"Carbon is often referred to as the ""building block of life.""","The nickname for carbon is ""coal"" or ""charcoal.""",King of the Elements,"Graphite, soot","Graphite, Soot"
whats the Tuamotus island history,"['The Tuamotus, are a French Polynesian chain of almost 80 islands and atolls forming the largest chain of atolls in the world.']",settled around 1110 CE,settled around 1110 CE,The Tuamotus were first settled by Polynesians around 200 AD.,"settled around 900-1200 CE, became French protectorate in 19th century","Settled in the 10th to 13th century, became a French protectorate in the 19th century.",The early history of the Tuamotus islands is generally unknown.,The early history of the Tuamotus islands is generally unknown.
Was Miyamoto Musashi popular?,"[""It is difficult to separate fact from fiction when discussing Miyamoto Musashi's life. There have been numerous works of fiction made about or featuring Musashi.""]",Yes,Yes,"Miyamoto Musashi was a legendary swordsman and the author of The Book of Five Rings, a classic work on strategy, tactics, and philosophy.","Yes, Miyamoto Musashi was popular.","Yes, Miyamoto Musashi was popular.","Yes, Miyamoto Musashi was popular.",Yes
when was Virat Kohli born,['Virat Kohli was born 5 November 1988.'],"November 5, 1988","November 5, 1988","Virat Kohli was born on November 5, 1988.","November 5, 1988","November 5, 1988","November 5, 1988","November 5, 1988"
when was the inc founded,['The India National Congress was founded in 1885.'],"December 28, 1885","December 28, 1885","The INC was founded on July 19, 1903.",1885,"""Inc."" in a company name signifies that the business is a legal entity called a corporation or an incorporated business.",1885,April 1979
What is golgi staining?,['Golgi staining was used by Spanish neuroanatomist Santiago Ramón y Cajal to discover a number of novel facts about the organization of the nervous system.'],Golgi's staining is achieved by impregnating aldehyde fixed nervous tissue with potassium dichromate and silver nitrate.,A silver staining technique,Golgi staining is a method used to visualize neurons under the microscope.,A silver staining technique for visualizing nervous tissue.,A technique to visualize nerve tissue.,Method to visualize neuron structures.,A method to visualize neuronal structures.
where was matt berry born,"['Matt Berry was born in Bromham, Bedfordshire']","Matt Berry was born in Bromham, United Kingdom.","Bromham, United Kingdom","Matt Berry was born in Bromham, Bedfordshire, England.","Bromham, Bedfordshire, United Kingdom","Bromham, Bedfordshire, England","Bromham, Bedfordshire, England, UK","Matt Berry was born in Bromham, Bedfordshire, England, UK."
what is a ticket scalper,['A ticket scalper is an unauthorized ticket speculator who buys tickets to a performance or sports event and resells them at inflated prices.'],An unauthorized ticket speculator who resells tickets at inflated prices.,Unauthorized ticket speculator who resells tickets at inflated prices,A ticket scalper is someone who resells event tickets for more than the face value.,unauthorized ticket speculator,Ticket scalpers are individuals who resell event tickets at a higher price for profit.,an unauthorized ticket speculator,An unauthorized ticket speculator.
How necessary is fiber?,"['But foods containing fiber can provide other health benefits as well, such as helping to maintain a healthy weight and lowering your risk of diabetes, heart disease and some types of cancer.']",Fiber is necessary for good health.,Very necessary,Fiber is essential for healthy digestion and can help prevent constipation.,"Fiber is necessary for managing weight, preventing constipation, enhancing gut health, and reducing the risk of heart disease.",Essential for a healthy diet,Fiber is essential for a healthy diet.,Fiber is essential for a healthy diet.
Who is Lisa Simpson?,['Lisa Marie Simpson is a fictional character in the animated television series The Simpsons.'],"Lisa Simpson is a fictional character in The Simpsons who is intelligent, kind, and passionate about the planet and all living things.",Fictional character in The Simpsons,Lisa Simpson is a fictional character in the animated television series The Simpsons.,A fictional character in The Simpsons.,Lisa Simpson is a fictional character.,Lisa Simpson is a fictional character in The Simpsons.,Lisa Simpson is a fictional character in The Simpsons.
what are the supernova types,"[""If a supernova's spectrum contains lines of hydrogen it is classified Type II; otherwise it is Type I.""]",Type I and Type II,Type I and Type II,There are two main types of supernovae: Type I and Type II.,Type I and Type II,Type I and Type II,Type I and Type II,Type I and Type II
What is Test cricket?,"[""Test cricket is the form of the sport of cricket with the longest match duration, and is considered the game's highest standard.""]",Test cricket is a form of first-class cricket played at international level between teams representing full member countries of the International Cricket Council.,Form of first-class cricket played at international level between teams representing full member countries of the International Cricket Council,Test cricket is the longest form of the sport of cricket.,International first-class cricket.,Test cricket is a form of first-class cricket played at the international level between teams representing full member countries of the International Cricket Council (ICC).,Form of first-class cricket at the international level.,It is a form of first-class cricket played at the international level between teams representing full member countries of the International Cricket Council (ICC).
when was UCL founded?,['The The UEFA Champions League was founded in 1955.'],1826,1826,UCL was founded in 1826.,1826,11 February 1826,1826,1826
who founded graham windham,"['Graham Windham was founded by several prominent women, most notably Elizabeth Schuyler Hamilton.']",Isabella Graham and Elizabeth Schuyler Hamilton founded Graham Windham.,Isabella Graham and Elizabeth Schuyler Hamilton,Graham Windham was founded by Eliza Hamilton and other women in 1806.,Isabella Graham and Elizabeth Schuyler Hamilton,Isabella Graham and Elizabeth Schuyler Hamilton,Isabella Graham and Elizabeth Schuyler Hamilton,Isabella Graham and Elizabeth Schuyler Hamilton.
what is a harpy,"['In Greek mythology and Roman mythology, a harpy is a half-human and half-bird personification of storm winds.']","A harpy is a half-human and half-bird creature, often believed to be a personification of storm winds.",terrifying and ugly creature,A harpy is a mythological creature in Greek and Roman mythology with the body of a bird and the face of a woman.,A creature from Greek mythology,"A half-human, half-bird creature associated with storm winds and known for stealing food from their victims.","A fabulous creature, probably a wind spirit.","A harpy is a creature from Greek and Roman mythology, often believed to be a personification of storm winds."
what happened in 1953?,"[""In 1953, soon after the production of Eaux d'Artifice, Kenneth Anger's mother died and he temporarily returned to the United States to assist with the distribution of her estate.""]","President Dwight D. Eisenhower approved a top-secret document to expand the nation's nuclear arsenal on October 30, 1953.",Dwight D. Eisenhower became president,The discovery of the double helix structure of DNA was announced in 1953.,"End of Korean War, polio vaccine, Marshal Tito elected president of Yugoslavia, death of Josef Stalin","Significant events in science, Operation Big Switch, Iranian coup d'état, and the Pact of Madrid.","The end of the Korean War, development of the polio vaccine, and various other significant events occurred in 1953.","Various events occurred in 1953, such as the end of the Korean War, the development of the polio vaccine, the execution of Carl Hall and Bonnie Brown, and the Batepá massacre in São Tomé."
What is Morrison Hotel?,['Morrison Hotel is the fifth studio album by American rock band the Doors.'],Morrison Hotel is the fifth studio album by American rock band the Doors.,Fifth studio album by the Doors.,"Morrison Hotel is the fifth studio album by American rock band The Doors, released in 1970.",The fifth studio album by the Doors.,A historic hotel in Chicago.,"Morrison Hotel is the fifth studio album by American rock band the Doors, released on February 9, 1970.","Morrison Hotel is the fifth studio album by American rock band the Doors, released on February 9, 1970."
when did gossip girl end,"['Gossip Girl ended on December 17, 2012.']","December 17, 2012","December 17, 2012","Gossip Girl ended on December 17, 2012.","December 17, 2012","December 17, 2012","December 17, 2012","December 17, 2012"
How is anemia treated?,['Treatment for this form of anemia usually involves taking iron supplements and changing your diet. If the cause of iron deficiency is loss of blood — other than from menstruation — the source of the bleeding must be located and the bleeding stopped. This might involve surgery.'],Taking iron supplements and changing the diet.,"Iron supplements, dietary changes","Anemia is treated with iron supplements, blood transfusions, and medications to increase red blood cell production.","Treatment for anemia depends on the type, cause, and severity of the condition.","Treatment for anemia may include oral iron supplements, erythropoiesis-stimulating agents, blood transfusions, and surgery.","Dietary changes, supplements, medications, and procedures.","Dietary changes, supplements, medications, and procedures."
what fields use m-dot notation,['The M-dot is used in physics and engineering.'],Object-oriented programming languages like Python,Object-oriented programming languages like Python,"The m-dot notation is commonly used in physics and engineering, particularly in the study of electromagnetism and fluid dynamics.",object's attributes and methods,Mathematics and physics,FoxPro programming language,FoxPro
WHO IS POWHATAN?,['The Powhatan people may refer to any of the Indigenous Algonquian people that are traditionally from eastern Virginia.'],"Powhatan was the paramount chief of Tsenacomoco, or tidewater Virginia, in the late 1500s and early 1600s.",Paramount chief of Tsenacomoco,"Powhatan was the paramount chief of Tsenacommacah, an alliance of Algonquian-speaking Virginia Indians in the Tidewater region of Virginia.",Powhatan was the paramount chief of Tsenacomoco.,Powhatan was the paramount chief of Tsenacomoco.,Powhatan was the paramount chief of the Powhatan Confederacy and ruled over most of the indigenous tribes in the Chesapeake Bay region in the late 1500s and early 1600s.,Powhatan was the paramount chief of the Powhatan Confederacy and ruled over most of the indigenous tribes in the Chesapeake Bay region in the late 1500s and early 1600s.
who started zz top,"['The original ZZ Top line-up was formed in Houston and consisted of Billy Gibbons, bassist/organist Lanier Greig (died February 2013) and drummer Dan Mitchell.']","Billy Gibbons, Frank Beard, and Dusty Hill","Billy Gibbons, Frank Beard, and Dusty Hill","ZZ Top was formed in 1969 in Houston, Texas by Billy Gibbons.",Billy Gibbons,"ZZ Top was formed by vocalist-guitarist Billy Gibbons, drummer Frank Beard, and bassist-vocalist Dusty Hill.","ZZ Top was started by Billy Gibbons, Lanier Greig, and Dan Mitchell.",Billy Gibbons
what defines a feature film,"['The Academy of Motion Picture Arts and Sciences, the American Film Institute, and the British Film Institute define a feature film with a running time of 2,400 seconds or longer.']",A feature film runs for more than 40 minutes.,Running time longer than 40 minutes,A feature film is a full-length film that is the main attraction of a movie theater screening.,A feature film is generally a motion picture with a running time longer than 40 minutes.,A feature film is defined as a film that runs for more than 40 minutes.,A feature film is typically defined as a film with a run time between 80 and 180 minutes.,A feature film is typically defined as a film with a run time between 80 and 180 minutes.
who created grey's anatomy,"[""The creator of Grey's Anatomy is Shonda Rhimes.""]",Shonda Rhimes,Shonda Rhimes,Shonda Rhimes created Grey's Anatomy.,Shonda Rhimes,Shonda Rhimes,Shonda Rhimes,Shonda Rhimes
where was juan vucetich from,"['Juan Vucetich Vucetich was born in the Dalmatian region of Croatia then part of the Habsburg Monarchy. In 1882, he immigrated to Argentina.']","Juan Vucetich was from Hvar, Kingdom of Dalmatia.","Hvar, Croatia",Juan Vucetich was from Croatia.,"Hvar, Kingdom of Dalmatia","Hvar, Croatia","Hvar, Croatia","Juan Vucetich was from Hvar, Croatia."
does ephesus still exist,['Ephesus was completely abandoned by the 15th century.'],"No, Ephesus does not still exist.",Yes,"Yes, Ephesus is an ancient Greek city that still exists today as a major archaeological site in Turkey.","Yes, Ephesus still exists.","Yes, Ephesus still exists.","Yes, Ephesus still exists.","Yes, Ephesus still exists, and its ruins are well-preserved in modern-day Turkey."
How does blockchain work?,['A Blockchain is a type of diary or spreadsheet containing information about transactions. Each transaction generates a hash'],Data is stored in blocks that are linked together in a chain.,A distributed and immutable ledger,Blockchain is a decentralized digital ledger that records transactions across many computers so that the record cannot be altered retroactively.,"Blocks of data linked into an uneditable, digital chain.",Decentralized network verifies transactions.,Blocks are linked together using cryptographic techniques to form a chronological chain of information.,Blockchain works by using cryptographic techniques to link blocks together and form a chronological chain of information.
where was Robbie Montgomery born,"['Robbie Marie Montgomery was born in Columbus, Mississippi.']","Robbie Montgomery was born in Columbus, Mississippi.","Columbus, Mississippi","Robbie Montgomery was born in Columbus, Mississippi.","Columbus, Mississippi","Columbus, Mississippi","Columbus, Mississippi","Columbus, Mississippi"
when was Shula born?,"['He was born on January 4, 1930']","January 4, 1930","January 4, 1930","Don Shula was born on January 4, 1930.","January 4, 1930","January 4, 1930","January 4, 1930","January 4, 1930"
was the lahore resolution approved,"['The Lahore resolution text, unanimously approved by the Subject Committee, accepted the concept of a united homeland for Muslims and recommended the creation of an independent Muslim state.']",Yes.,Yes,"The Lahore Resolution was approved on March 23, 1940.",Yes.,"Yes, the Lahore Resolution was approved.",Yes.,"Yes, the Lahore Resolution was approved."
how much were the fees,"['Students were required to pay up to £1,000 a year for tuition.']",A fixed percentage of the bill amount.,Not specified,The fees were $50.,Varies by institution.,$140 - $200,Varies widely.,Varies by industry and institution
where is the ranch filmed,"['The Ranch is filmed on a sound stage in front of a live audience in Burbank, California.']","The Ranch is filmed in Burbank, California.","Burbank, California","The Ranch was filmed on a soundstage in Burbank, California.","Burbank, California","Chief Joseph Ranch in Darby, Montana","Burbank, California","Burbank, California"
Who is Rod Serling?,"['Rod Serling was an American screenwriter, playwright, television producer, and narrator known for his live television dramas of the 1950s and his science-fiction anthology TV series, The Twilight Zone.']","Rod Serling was an American screenwriter, playwright, and television producer.",American writer and producer,"Rod Serling was an American screenwriter, playwright, television producer, and narrator known for his live television dramas of the 1950s and his science-fiction anthology TV series, The Twilight Zone.","Rod Serling was an American screenwriter, playwright, and television producer, best known as the host of ""The Twilight Zone.""","American screenwriter, playwright, television producer, and narrator/on-screen host.","Rod Serling was an American screenwriter, playwright, television producer, and narrator/on-screen host, best known for his work on The Twilight Zone.","Rod Serling was an American screenwriter, playwright, television producer, and narrator, best known for his work on The Twilight Zone."
how did Dale Earnhardt die,['Dale Earnhardt died due to injuries sustained in a collision during the final lap of the Daytona 500.'],Basilar skull fracture,Basilar skull fracture,Dale Earnhardt died in a crash during the final lap of the 2001 Daytona 500.,Basilar skull fracture,Basilar skull fracture,Basilar skull fracture,Dale Earnhardt died from a basilar skull fracture in a final-lap collision during the 2001 Daytona 500.
What is a libretto?,"['A libretto is the text used in, or intended for, an extended musical work such as an opera, operetta, masque, oratorio, cantata or musical.']",The text of a work for the musical theater.,The text of a work for musical theater,"A libretto is the text used in an extended musical work such as an opera, operetta, masque, oratorio, cantata, or musical.",The text of a work for the musical theater.,"A libretto is the text of an opera, operetta, or other kind of musical theatre.",The text used in an extended musical work.,Text used in an extended musical work.
did hannibal have any nicknames,"['Military historian Theodore Ayrault Dodge called Hannibal the father of strategy, because Roman armies adopted elements of his military tactics into their own strategic arsenal.']",The Chesapeake Ripper and Hannibal the Cannibal,The Chesapeake Ripper and Hannibal the Cannibal,"Hannibal was known as the ""Father of Strategy"" and ""The Great Liberator.""","Yes, Hannibal had several nicknames.",The Chesapeake Ripper and Hannibal the Cannibal,"Yes, Hannibal had the nickname ""Hannibal ad portas.""","Hannibal has been referred to as ""Hannibal the Cannibal"" and ""The Chesapeake Ripper."""
What is Amendment II?,['2. Set limits on the Interstate Commerce Clause'],The right to bear arms.,Right to bear arms,"Amendment II is the second amendment to the United States Constitution, which protects the right to keep and bear arms.",Protects the right to bear arms,The Second Amendment of the United States Constitution.,The Second Amendment to the United States Constitution protects the right of the people to keep and bear arms.,"The Second Amendment of the United States Constitution reads: ""A well regulated Militia, being necessary to the security of a free State, the right of the people to keep and bear Arms, shall not be infringed."""
is pete good or evil,"['Although Pete is often typecast as a villain, he has shown great versatility within the role, playing everything from a hardened criminal to a legitimate authority figure.']",Pete is evil.,evil,"Pete is a fictional character and can be portrayed as either good or evil, depending on the story.",evil,Pete is traditionally depicted as a villain.,"Pete is traditionally depicted as a villain, but in some instances, he turns good.",Pete is traditionally depicted as a villain.
What is The Sapphires?,"['The Sapphires is a 2012 Australian musical comedy-drama film based on the 2004 stage play of the same name, which is loosely based on a true story.']",The Sapphires is a 2012 Australian musical comedy-drama film.,A 2012 Australian musical comedy-drama film,The Sapphires is a 2012 Australian musical comedy-drama film based on the 2004 stage play of the same name.,A 2012 Australian musical comedy-drama film.,A film about Australian Aboriginal girls traveling to Vietnam.,A 2012 Australian musical comedy-drama film,A 2012 Australian musical comedy-drama film.
Who created Lisa Simpson?,['Matt Groening conceived Lisa Simpson.'],Matt Groening created Lisa Simpson.,Matt Groening,Lisa Simpson was created by Matt Groening.,Matt Groening,Matt Groening,Matt Groening,Matt Groening
What is atrial flutter?,"['Atrial flutter (AFL) is a type of abnormal heart rate, or arrhythmia. It occurs when the upper chambers of your heart beat too fast.']",A type of heart rhythm disorder.,Heart rhythm disorder,Atrial flutter is an abnormal heart rhythm that can cause the heart to beat rapidly and irregularly.,Abnormal heart rhythm.,A type of heart rhythm disorder.,Abnormal heart rhythm.,Abnormal heart rhythm.
What is Mechanical Animals?,['Mechanical Animals is the third studio album by American rock band Marilyn Manson.'],Mechanical Animals is the third studio album by American rock band Marilyn Manson.,An album by Marilyn Manson,Mechanical Animals is the third studio album by American rock band Marilyn Manson.,Marilyn Manson's third studio album.,Marilyn Manson's album representing the point where the revolution got sold out.,Marilyn Manson's third studio album released in 1998.,Marilyn Manson's third studio album.
who was Imran khan?,['Imran Khan is the 22nd and current Prime Minister of Pakistan. Imran Khan was also an international cricketer and captain of the Pakistan national cricket team'],Pakistani politician and former cricketer,Pakistani politician and former cricketer,Imran Khan is a Pakistani politician and former cricketer who served as the 22nd Prime Minister of Pakistan from 2018 to 2022.,Pakistani politician and former cricketer,Former PTI chairman and cricket team captain.,Pakistani politician and former cricketer,"Imran Khan is a Pakistani politician, former cricketer, and the 22nd Prime Minister of Pakistan."
What is a librettist?,['A librettist is a writer of a libretto.'],A librettist is a person who writes the words that are used in an opera or musical play.,Writes words for operas and musicals,A librettist is a person who writes the text of an opera or other musical work.,The writer of a libretto.,A writer who creates the libretto for operas and musicals.,A writer who creates the libretto for operas and musicals.,A writer who creates the libretto.
DidCharles Haley get injured?,['Charles Haley had back injuries with the Dallas Cowboys.'],"Yes, Charles Haley got injured.",Yes,Charles Haley suffered from a back injury during his career.,"Yes, Charles Haley suffered a serious back injury in 1996.","Yes, Charles Haley suffered from back injuries.",Yes,Yes
where was zulay henao born,"['Zulay Henao was born in Medellín, Antioquia, Colombia']","Zulay Henao was born in Medellin, Colombia.","Medellin, Colombia","Zulay Henao was born in Medellín, Colombia.","Medellín, Colombia","Medellín, Colombia","Medellín, Antioquia, Colombia","Medellín, Antioquia, Colombia"
what is the beers criteria,"['The Beers List, are guidelines for healthcare professionals to help improve the safety of prescribing medications for older adults.']",The Beers Criteria is a list of potentially harmful medications for older adults.,list of potentially harmful medications to limit or avoid prescribing to people above age 65,The Beers Criteria is a list of medications that are generally considered inappropriate for use in older adults.,A list of potentially inappropriate medications for older adults.,List of potentially inappropriate medications for older adults.,A guide for prescribing medications for older adults.,A guide for healthcare professionals when prescribing medications for older adults.
Who is Guru Arjan?,['Guru Arjan was the first of the two Gurus martyred in the Sikh faith and the fifth of the ten total Sikh Gurus.'],Fifth Sikh Guru and first Sikh martyr,The fifth Sikh Guru and the first Sikh martyr,Guru Arjan was the first of the two Gurus martyred in the Sikh faith and the fifth of the ten total Sikh Gurus.,Fifth Guru of Sikhism and first martyr.,Fifth Sikh Guru and prolific poet.,Fifth Guru of the Sikhs,"Guru Arjan was the fifth Guru of the Sikhs, known for updating the scriptures, being a prolific poet, and laying the foundation of the Golden Temple."
Was the band Erasure popular,"['Erasure is most popular in their native UK and mainland Europe, especially Germany, Denmark, and Sweden, and also in Argentina, Brazil, Chile, and Peru.']",Yes.,Yes,Erasure was a popular synth-pop duo in the 1980s and 1990s.,Yes,"Yes, Erasure was popular.","Yes, Erasure was popular.","Yes, Erasure was popular."
who makes quality street today,['Today Quality Street is produced by Nestlé.'],Nestlé,Nestlé,Quality Street is a brand of chocolates and toffees produced by Nestlé.,Nestlé,Nestlé,Nestlé,Nestlé
how old is Mara Wilson,['Mara Elizabeth Wilson is 32 years old.'],Mara Wilson is 36 years old.,36 years,"Mara Wilson was born on July 24, 1987, so she is 34 years old.",36 years,About 34 years,36 years old,Mara Wilson is 36 years old.
where was charles darwin born,"['Charles Darwin was born in The Mount, Shrewsbury, Shropshire, England.']","Charles Darwin was born in Shrewsbury, England.","Shrewsbury, United Kingdom","Charles Darwin was born in Shrewsbury, Shropshire, England.","Shrewsbury, England","The Mount House, Shrewsbury, United Kingdom","Shrewsbury, England","Shrewsbury, England"
Is Arnold Palmer married?,['Palmer was married to Winnie Walzer.'],"Yes, Arnold Palmer was married.",Yes,Arnold Palmer was married to Winnie Walzer from 1954 until her death in 1999. He then married Kathleen Gawthrop in 2005.,"Yes, Arnold Palmer was married twice.","Yes, Arnold Palmer was married.",Arnold Palmer was married to Kathleen Gawthrop until his death in 2016.,Arnold Palmer was married to Kathleen Gawthrop until his death in 2016.
is the NBA season cancelled,"['The league suspended the season on March 11, 2020, as a result of the coronavirus pandemic.']","No, the NBA season was suspended.",No,"The NBA season was suspended due to the COVID-19 pandemic, but it has since resumed.",No,Yes.,The NBA season is currently suspended.,The NBA season is currently suspended.
When did Revival release?,"['Revival was released on December 15, 2017, through Aftermath Entertainment, Shady Records and Interscope Records.']","December 15, 2017","December 15, 2017","Revival was released on October 9, 2015.","December 15, 2017","December 15, 2017","October 9, 2015 and December 15, 2017","Selena Gomez's Revival was released on October 9, 2015, and Eminem's Revival was released on December 15, 2017."
where is the asteroid belt,"['The asteroid belt is a torus-shaped region in the Solar System, located roughly between the orbits of the planets Jupiter and Mars.']",The asteroid belt is located between the orbits of Mars and Jupiter.,between the orbits of Mars and Jupiter,The asteroid belt is located between the orbits of Mars and Jupiter.,Between Mars and Jupiter,Between the orbits of Jupiter and Mars,Between Mars and Jupiter.,Between the orbits of Jupiter and Mars
What is the ACL?,['The anterior cruciate ligament (ACL) is one of the key ligaments that help stabilize your knee joint. The ACL connects your thighbone (femur) to your shinbone (tibia).'],The ACL is the anterior cruciate ligament.,anterior cruciate ligament,"The ACL, or anterior cruciate ligament, is one of the major ligaments in the knee.",Ligament in the knee.,A list of rules specifying access.,Anterior Cruciate Ligament,Anterior Cruciate Ligament
when was robert romanus born,"['Robert Romanus was born on July 17, 1956.']","Robert Romanus was born on July 17, 1956.","July 17, 1956","Robert Romanus was born on July 17, 1956.","July 17, 1956","July 17, 1956","July 17, 1956","Robert Romanus was born on July 17, 1956"
is Donal Francis Logue irish,"['Donal Francis Logue was born in Ottawa, Ontario, Canada, to Irish parents from County Kerry.']",Yes.,Yes,"Yes, Donal Francis Logue is of Irish descent.",Yes,Yes,Yes,"Yes, Donal Francis Logue is Irish-Canadian."
What was federal records?,"[""Federal Records was an American record label founded in 1950 as a subsidiary of Syd Nathan's King Records and based in Cincinnati, Ohio.""]","Books, papers, maps, photographs, machine-readable materials, or other documentary materials made or received by an agency of the United States Government under Federal law or in connection with the transaction of public business and preserved or appropriate for...","A law designed to ensure the preservation of institutional records of historical, fiscal, and legal value.",Federal Records was an American record label founded in 1950 by Bobby Robinson.,Recorded information made or received by a Federal agency under Federal law or in connection with the transaction of public business.,Recorded information made or received by a Federal agency under Federal law or in connection with the transaction of public business and preserved as evidence of the organization.,Documents created or received by a federal agency under federal law or in connection with the transaction of public business.,Documents created or received by a federal agency under federal law or in connection with the transaction of public business.
who wrote wuthering heights,['Wuthering Heights is a novel by Emily Brontë published in 1847 under her pseudonym Ellis Bell.'],Emily Brontë wrote Wuthering Heights.,Emily Brontë,Emily Brontë wrote Wuthering Heights.,Emily Brontë,Emily Brontë,Emily Brontë,Emily Brontë
F1,,0.3416816598148382,0.20781258421873788,0.4661758470377201,0.2635760245669051,0.25933753617447575,0.2689873604956305,0.3194185899236037
nF1,,0.33739444565576887,0.2567539431470156,0.4075898495787189,0.29121925616995054,0.27095324888950306,0.3034130551233465,0.3177023638502687
elapsed time,,216.47649470487036,194.35592979058288,1.0138162706131326,4.796271399447792,7.381773523818281,20.235498872914707,19.67015338481817
