Question,GT Answer,"qrecc-long_got-3+demos-sa-knn+cx+t5-nli-ec+ci+[0.3,0.6,0.1]_gpt-3.5-turbo-1106_google","qrecc-long_got-3+demos-sa+cx+t5-nli-ec+ci+[0.3,0.6,0.1]_gpt-3.5-turbo-1106_google",qrecc-long_vanilla_gpt-3.5-turbo-1106_google,qrecc-long_retrieve_then_read_sc_gpt-3.5-turbo-1106_google,qrecc-long_multihop_gpt-3.5-turbo-1106_google,qrecc-long_dsp+sample_gpt-3.5-turbo-1106_google,qrecc-long_dsp+knn_gpt-3.5-turbo-1106_google
What were the pros and cons of the the drinking age in the US 21 being and not 18?,"[""If charged with a crime, the 18-year-old is no longer tried in juvenile court; he's tried as an adult. In essence, an 18, 19 and 20-year-old can do everything a 21-year-old can do, except drink alcohol.Of course, no one can ignore that one benefit of the 21-year-old age limit is less drunk driving fatalities.""]","Lowering drinking age to 18 would decrease unsafe drinking activity, but it may also lead to higher levels of binge drinking later in life among men.","Pros - reduces traffic accidents and fatalities, protects young people's maturing brains, and keeps young people safer overall. Cons - allows a greater segment of the population to drink alcohol in unsafe environments and exerts valuable social pressure on potential underage drinkers and those who may serve them.",Pros: Reduced alcohol-related traffic accidents and fatalities among young people. Cons: Increased binge drinking and unsafe drinking practices among young people.,Pros: More freedom for young adults. Cons: Increased likelihood of illicit drug use and risky behaviors.,Pros and cons include potential reduction in risky behavior and normalization of responsible alcohol consumption.,"Pros and cons include safety concerns, social pressure, and the impact on traffic accidents and fatalities.",Pros of maintaining the drinking age at 21 include exerting social pressure on potential underage drinkers and reducing traffic accidents and fatalities. Cons of lowering the drinking age to 18 include allowing a greater segment of the population to drink alcohol in unsafe environments and potentially increasing illicit drug use among 18-21 year olds.
Did the single  Inside the Fire from the album indestructible byt the band disturbed do well on the charts?,"['the single Inside the Fire reached number 73 on the Billboard Hot 100 chart, and number one on the Hot Mainstream Rock Chart.']",Yes,"Yes, it did well on the charts.",Inside the Fire peaked at number one on the Billboard Hot Mainstream Rock Tracks chart.,"Yes, it peaked at number one on the Billboard Mainstream Rock Tracks chart and number four on the Modern Rock Tracks chart.","Yes, it remained at number one on Mediabase's Active Rock chart for fourteen weeks.","Yes, it peaked at number one on the Billboard Mainstream Rock Tracks chart.",Yes.
did Kenneth Anger make any other films in the US besides the film produced with Stan Brakhage that was confiscated at the film lab for obsenity and presumably destroyed?,"[""Kenneth Anger's Inauguration of the Pleasure Dome, created in 1954, was a 38-minute surrealist work featuring many Crowleyan and Thelemite themes.""]","Yes, he directed The Love That Whirls.",Yes.,"Kenneth Anger made several other films in the US, including ""Fireworks"" and ""Scorpio Rising.""","Yes, Kenneth Anger made several other films in the US.","Yes, Kenneth Anger made several other films in the US before moving to Europe.",Yes.,Yes.
"Were there any other influences for the band, Can besides The Beatles and The Velvet Underground as well as Jimi Hendrix, Sly Stone and Frank Zappa?","['Holger Czukay and Irmin Schmidt were both pupils of Karlheinz Stockhausen, and Can inherited a strong grounding in his musical theory']","Steve Reich, La Monte Young, and Terry Riley","No, there were no other influences mentioned.",Can was also influenced by the avant-garde composers Karlheinz Stockhausen and John Cage.,"Blues records, Elvis, Little Richard, Chuck Berry, and Carl Perkins","Yes, Can were also influenced by blues records, Elvis, Little Richard, Chuck Berry, and Carl Perkins.",James Brown,"Blues records and artists such as Elvis, Little Richard, Chuck Berry, and Carl Perkins."
What happened to P.G. Wodehouse and his wife after their loss in the Wall Street Crash of 1929?,"[""His wife, Ethel, negotiated a contract with MGM on her husband's behalf under which he would be paid $2,000 a week""]",He was taken prisoner at Le Touquet by the invading Germans and interned for nearly a year.,"They moved to France for tax reasons, and Wodehouse was taken prisoner by the invading Germans in 1940.",They moved to France.,"Ethel negotiated a contract with MGM on her husband's behalf under which he would be paid $2,000 a week.",Moved to France for tax reasons.,"They went to Hollywood and later lived in Le Toquet, France.",They went to Hollywood to look at prospects there and later were living in Le Toquet on the coast of France in the winter of 1940.
"Which other films did Orlando Jones come in besides In Harm's Way, Sour Grapes, and Liberty Heights?","['In 2002, Orlando Jones landed the lead role of Daryl Chase in the action-dramedy Double Take']","Woo, Office Space, Magnolia, New Jersey Turnpikes, Bedazzled, Evolution, The Time Machine, Drumline, Biker Boyz, Runaway Jury, and Primeval","Magnolia, New Jersey Turnpikes, Bedazzled, Drumline, Biker Boyz, Runaway Jury, and Primeval","The Time Machine, Runaway Jury, and The Replacements.","Magnolia, New Jersey Turnpikes, and Bedazzled","Orlando Jones appeared in films such as Woo, Office Space, Magnolia, New Jersey Turnpikes, and Bedazzled.","Evolution, The Time Machine, Drumline","Woo, Office Space, Magnolia, New Jersey Turnpikes, and Bedazzled"
"Any more films Orlando Jones came in besides In Harm's Way, Sour Grapes, Liberty Heights, and Double Take?",['In 2011 Orlando Jones appeared in the documentary film Looking for Lenny in which he talks about Lenny Bruce and freedom of speech'],"Evolution, The Time Machine, Biker Boyz, Runaway Jury, Primeval, and Drumline","Evolution, The Time Machine, Drumline, Biker Boyz, Runaway Jury, Primeval, and Bedazzled",Orlando Jones also appeared in The Time Machine.,"Biker Boyz, Runaway Jury","Yes, Orlando Jones also appeared in Evolution, The Time Machine, Drumline, Biker Boyz, Runaway Jury, Primeval, and Grindhouse Planet Terror.",Unclear.,"Yes, Orlando Jones has appeared in several other films."
What did Jeb Bush do next after being branch manager of the new Venezuela branch of Texas Commerce Bank?,"['Following the 1980 presidential election, Jeb Bush and his family moved to Miami-Dade County, Florida. He took a job in real estate with Armando Codina.']",Worked for the bank's executive program,Vice president,He was later the chairman of the Dade County Republican Party.,Worked in real estate with Armando Codina,Secretary of Commerce,Real estate development and Florida's Secretary of Commerce.,Became Florida's Secretary of Commerce
Are there any other major topics of interest pertaining to singles or songs on the album Turnaround by Westlife?,"[""Westlife's version of Mandy is also considered the single with the longest leap to the top (from No. 200 to No. 1) in UK music history.""]","""Mandy""","""Hey Whatever,"" ""Mandy,"" and ""Obvious""",The album was released in November 2003.,"""The first single released was the upbeat track, ...""","Yes, the album includes singles such as ""Mandy,"" ""Hey Whatever,"" and ""Obvious.""","""No""",No.
Why did Rothstein figure out a basic formula regarding how much cash someone was usually willing to pay to pay off their mistress and tell investors?,"[""The investor thinks that with enough of these cases at Rothstein's law firm, he could make huge sums of money.""]",The key was confidentiality.,To maintain confidentiality,Rothstein figured out a basic formula regarding how much cash someone was usually willing to pay to pay off their mistress and tell investors because he was a notorious gambler and a fixer of college basketball games.,To attract potential clients and investors.,To calculate the potential financial impact.,To manipulate and deceive investors.,To use the information to his advantage.
What did the victims have to say about Rothstein fleeing to Casablanca and wiring $16 million to an individual in Casablanca?,"['On November 3, 2009, after many texts by Stuart Rosenfeldt, urging him to choose life, Rothstein returned to Fort Lauderdale on a chartered jet, from Casablanca.']",The victims were shocked and dismayed.,Victims did not get complete financial restitution.,The victims were not happy.,The victims were likely shocked and dismayed by Rothstein's actions.,The victims were outraged and felt betrayed.,The victims were involved in this situation and may have some insight into Rothstein's actions.,The victims may have some insight into Rothstein's actions.
Did Larry Kudlow have other jobs in the government besides being associate director for economics and planning in the Office of Management and Budget?,"['In March 2018, Donald Trump appointed Kudlow to be Director of the National Economic Council, succeeding Gary Cohn.']",Yes.,No.,Kudlow served as the associate director for economics and planning in the Office of Management and Budget under President Ronald Reagan.,"Yes, Director of the National Economic Council.","Yes, Director of the National Economic Council.",Yes.,Yes.
"What did you find interesting about this article on Pelé besides his style of play, playing position and moves?","[""Averaging almost a goal per game throughout his career, Pelé was adept at striking the ball with either foot in addition to anticipating his opponents' movements on the field.""]",Pelé frequently played barefoot.,Pelé led Brazil to three World Cup football (soccer) championships.,Pelé scored 1281 goals in 1363 games.,Pelé was possibly the most famous and best-paid athlete in the world during his time.,Global impact and role in Brazil.,Pelé is known for his philanthropic work.,Pelé is known for his philanthropic work.
Did the band Rogue Traders have any more albums after the addition of new members besides Here Come the Drums?,['Better in the Dark is the third studio album by Rogue Traders.'],"Yes, Night of the Living Drums",Yes,"Yes, they released the album Better in the Dark in 2007.","Yes, they released three more studio albums.","Yes, ""Better in the Dark"" and ""Night of the Living Drums""","Yes, the band Rogue Traders released albums after the addition of new members.","Yes, the band released two albums after the addition of new members."
What was the result of the The People of the State of California v. Michael Joseph Jackson trial and investigation?,"['On June 13, 2005, they returned a verdict of not guilty on all charges.']",Michael Jackson was acquitted on all counts.,Jackson was acquitted of all charges.,Jackson was acquitted on all counts.,Acquitted on all counts,Michael Jackson was acquitted on all counts.,Michael Jackson was acquitted on all counts,Jackson was acquitted on all counts
What did Michael Jackson say about The People of the State of California v. Michael Joseph Jackson trial and investigation?,"['He never returned to Neverland Ranch, saying it had been despoiled by police searches.']",He complained of police mistreatment and a dislocated shoulder.,Jackson denied the charges.,"Michael Jackson said that the trial was a ""big lie"" and that the allegations were motivated by money.",Michael Jackson consistently maintained his innocence.,Michael Jackson was found not guilty on all counts in The People v. Jackson trial.,"""Justice is done. The man's innocent. He always was.""","""Thank God Michael is vindicated for all time."""
Did The Living End's Chris Cheney die as a result of his car accident on the Great Ocean Road?,"['After the car accident, Chris Cheney of The Living End was hospitalized for two months and was unable to play for a significant period of time']",No.,No,"No, he survived the accident.",No.,No.,No,No.
"In Fiddler on the Roof, what was the reaction of Golde to Hodel and Perchik telling Hodel's parents that they're married?","[""Tevye explains Perchik and Hodel's marriage to an astonished Golde in Fiddler on the Roof.""]",Golde's reaction is not mentioned.,"Chava elopes with Fyedka, a Christian man after Tevye refuses to allow her to marry outside of her faith.",Golde is shocked and upset.,Tevye says he will not give his permission.,"Initially shocked and upset, but ultimately accepted.",Initially resistant,Initially resistant
Why was David M. Shoup relieved by Colonel Merritt A. Edson instead of waiting at the Battle of Tarawa?,['David M. Shoup was struck by shrapnel in the legs and received a grazing wound from a bullet in the neck during the Battle of Tarawa.'],He was wounded and exhausted.,He was commanded to.,Shoup was relieved due to exhaustion and illness.,Wounded and exhausted.,Wounded and exhausted,The reason for David M. Shoup's relief at the Battle of Tarawa is not clear.,Misunderstanding about the situation on the beach
"When did Jack Abramoffdo the political alliances that hold key roles in state and national politics and business, and some would later interact with Abramoff in his role as a lobbyist?",['In 1983'],1981 to 1985,During his time at the CRNC.,"Abramoff's lobbying and the surrounding scandals were the subject of a 2010 film, Casino Jack, which was based on Abramoff's work.",From 1994 through early 2004,During his time as a lobbyist.,From 1981 to 1985,From 1981 to 1985
"Did the ack Abramoff, Norquist and Reed formed what was known as the Abramoff-Norquist-Reed triumvirate work together on anything?","[""the trio purged dissidents and re-wrote the CRNC's bylaws to consolidate their control over the organization.""]",Yes,Yes,The three worked together to lobby for the interests of Native American tribes.,Yes.,"Yes, they worked together on lobbying efforts and remaking the CRNC.","Yes, they worked together on lobbying activities, particularly related to Native American tribes and casino gambling.","Yes, they worked together on lobbying activities related to Native American tribes and casino gambling."
What did Harry McVeigh the member of the white lies band  say in the interview with the BBC's Newsbeat programme?,"[""Harry McVeigh stated that due to the nature of the band's songwriting techniques clashing with their difficult touring schedules, there will be no new White Lies material until 2010""]",He stated that due to the nature of the band's songwriting techniques clashing with their difficult...,McVeigh stated that due to the nature of the band's songwriting techniques clashing with their difficult.,"Harry McVeigh said that the band's music is ""very honest and very real.""",No new White Lies material until 2010.,"White Lies' Harry McVeigh stated that due to the nature of the band's songwriting techniques clashing with their difficult financial situation, they don't earn any money doing anything else.",Songwriting techniques and touring schedules.,He discussed the band's songwriting techniques and their touring schedules.
"What was the good news Harry McVeigh white lies band member shared after he stated that due to the nature of the band's songwriting techniques clashing with their difficult touring schedules, there will be no new White Lies material until 2010?",['Harry McVeigh mentioned that the ambitious recording of Nothing to Give and The Price of Love act as a taster of the different sound to come on their sophomore release.'],There was no good news.,The band would release new material in 2010.,"The band's debut album, To Lose My Life..., was released in January 2009.",No new White Lies material until 2010,White Lies to release new album in January,New material in 2010,The band signed a new record deal.
What was announced next after the album's first single Bigger than Us was released on 3 January 2011?,['An eleven date tour of the United Kingdom was also announced for February 2011.'],An eleven date tour of the United Kingdom was also announced,The album Ritual was released on 17 January 2011,"The album's second single, ""I Won't Let You Go,"" was released on 13 March 2011.",An eleven date tour of the United Kingdom was announced.,An eleven date tour of the United Kingdom was announced for February 2011.,"The album Ritual was released on January 17, 2011.","The album ""Ritual"" was released on January 17, 2011."
What new recording style did Jimmy Page come up with in the recorminf of the album led zeppelin by led zeppelin?,"[""Jimmy Page played the Telecaster through a Supro amplifier, and used a Gibson J-200, for the album's acoustic tracks""]",Placing an additional microphone some distance from the amplifier,Placing an additional microphone some distance from the amplifier.,"Page used a recording technique called ""backward echo"" on the album.",Distance miking,Distance miking,Placing an additional microphone some distance from the amplifier and recording the balance between the two,Placing an additional microphone some distance from the amplifier
"How did the album No Name face by the band Lifehouse sell after it was released on October 31, 2000?","['the album No name face has sold over four million copies worldwide, with 2,670,000 copies sold in the US alone']","It has sold over four million copies worldwide, with 2,670,000 copies sold in the US alone.",Over four million copies worldwide,The album sold over 2.5 million copies in the US alone.,Over four million copies worldwide,"Over four million copies worldwide, with 2,670,000 copies sold in the US alone.","It has sold over four million copies worldwide, with 2,670,000 copies sold in the US alone.","Over four million copies worldwide, with 2,670,000 copies sold in the US alone."
What position did Ken Strong play with the New York Giants from 1933 to 1935; 1939 and 1944 to 1947?,['fullback'],Placekicker,Placekicking specialist,Halfback,Kicker,Halfback,Kicking specialist,Running back
Was there a left and right in Georg Wilhelm Friedrich Hegel's influence as represented by two opposing camps?,['The Right Hegelians and The Left Hegelians'],Yes,Yes,Hegel's influence was divided into a left and right camp.,Yes.,"Yes, there were Left Hegelians and Right Hegelians.",Yes.,Yes.
"Did Arundhati Roy write any other novels, besides The God of Small Things and The Ministry of Utmost Happiness?",['No.'],"Yes, Roy wrote The Ministry of Utmost Happiness.",My Seditious Heart,Arundhati Roy has also written several non-fiction books and essays.,"Yes, ""The Ministry of Utmost Happiness.""","Yes, she has written other novels.","Yes. Arundhati Roy wrote two novels, ""The God of Small Things"" and ""The Ministry of Utmost Happiness.""",No.
What other stylistic changes were there between Jon Stewart's version of The Daily Show and Trevor Noah's version?,"['an updated set, new graphics and his monologue sometimes taking place while standing in front of a screen as opposed to sitting at the desk.']",Changes in the tone of the show,Changes in the tone of the show and stylistic changes.,Trevor Noah's version of The Daily Show has a more international focus.,"Updated set, new graphics","Updated set, new graphics, standing monologue.","Updated set, new graphics, and changes in the format of the monologue.","Updated set, new graphics, and changes in the format of the monologue."
"Is there anything interesting in the article besides the start of Heifetz's career, whether or not he released music, and what he did after retirement?","['Jascha Heifetz (February 2 1901 – December 10, 1987) was a Russian-American violinist. Many consider him to be the greatest violinist of all time.']",Heifetz was a composer himself.,Heifetz redefined the art of violin playing.,The article also discusses Heifetz's teaching career and his influence on violin playing.,"Yes, the articles discuss Heifetz's impact on musical performance and his decision to stop performing.","Yes, Heifetz's vast recorded legacy is still influential today.","Yes, the article discusses Heifetz's impact on the history of musical performance and his contributions to the violin.","Heifetz transcribed works of Johann Sebastian Bach, Antonio Vivaldi, and the 20th-century French composer Francis Poulenc for the violin."
"Anything interesting you can tell me about Frank Turner besides releasing Tape Deck Heart, Tape Deck Heart's singles, Turner and Mongol Horde's sixth album, and Turner and Mongol Horde's seventh album?","[""On 3 January 2014, Turner appeared on the BBC's Celebrity Mastermind answering questions on Iron Maiden, scoring 20 points in total, and coming first.""]",Frank Turner taught himself to play the guitar at the age of 11 after seeing an Iron Maiden poster.,"Frank Turner's real name is Francis Edward Turner, and he started his music career as the lead singer of the band Million Dead.","Turner's seventh album, Be More Kind, was released in May 2018.","Punk-folk style, previous band.","Nine solo studio albums, seven live albums, thirteen EPs, and six compilation albums.",Frank Turner has released a total of nine solo studio albums.,Frank Turner has released a total of nine solo studio albums.
Did John Cena have any other matches in the OVW after after the unoffical debut for World Wrestling Federation?,"['After his main roster call up in 2002, Cena would continue on OVW until the September 25 taping, where he lost to Kenny Brolin in a Loser Leaves OVW match.']",Yes.,Yes.,"Yes, he had a match against Randy Orton.",No.,"Yes, John Cena had several matches in OVW after his unofficial debut for World Wrestling Federation.",Yes.,Yes.
"Was there any reason for Ashkenazi Jews moving from southern European and Middle Eastern centers to settle in the north, especially along the Rhine?",['often in response to new economic opportunities and at the invitation of local Christian rulers'],"Yes, due to persecution.","Yes, due to persecution, wars, unrest, and for opportunities in trade and commerce.",The Ashkenazi Jews moved to the north due to persecution and economic opportunities.,Persecution,Persecution and migration.,Persecution and migration.,Persecution
"Is there anything information about William S. Burroughs during the Harvard years besides study, and the St. Louis Post-Dispatch?","['They would drive from Boston to New York in a reckless fashion. Once, Stern scared Burroughs so badly that he asked to be let out of the vehicle.']",He made trips to New York City and was introduced to the gay subculture there.,Burroughs studied English and Anthropology at Harvard University.,Burroughs was a member of the Harvard Glee Club.,"Yes, Burroughs was part of Adams House and studied English at Harvard.","Burroughs attended Harvard University and studied English, anthropology as a postgraduate, and attended medical school in Vienna.",No.,"Yes, Burroughs made trips to New York City, moved there in 1943, and began giving readings of his work and getting involved in experimental film projects."
"Did the 1955 single A Church, A Courtroom and Then Goodbye by Patsy Cline have any big hits?",['Although Patsy Cline promoted it with an appearance on the Grand Ole Opry the song was not successful.'],No,No,"Yes, it reached #7 on the Billboard country music chart.",No,Yes.,No,No.
What does the other account besides the one in the Anglo-Saxon Chronicle say about who shot William II of England?,"['Later chroniclers added the name of the killer, although the description of events was later embroidered with other details that may or may not be true.']",Rufus was already dead as he hit the ground,Rufus was already dead as he hit the ground.,The other account says that it was an accident.,By one of his own men,One of his own men shot William II of England.,Shot by an arrow by one of his own men.,William II of England was shot by an arrow by one of his own men.
"Was Katherine Harris claiming that a Middle Eastern man was arrested for attempting to blow up the power grid in Carmel, Indiana, in a 2004 speech in Venice, Florida, true?",['Carmel Mayor James Brainard and a spokesman for Indiana Gov. Joe Kernan said they had no knowledge of such a plot. Brainard said he had never spoken to Katherine Harris.'],No.,No.,"No, the claim was false.",No.,No,No.,No.
"What year did Carmel Mayor James Brainard and a spokesman for Indiana Gov. Joe Kernan say they had no knowledge of such a plot to blow up a the power gride in Carmel, Indiana?","['In a 2004 speech in Venice, Florida, Katherine Harris claimed that a Middle Eastern man was arrested for attempting to blow up the power grid in Carmel, Indiana.']",Unspecified,2003,2005,2004,"There is no information or mention of a plot to blow up the power grid in Carmel, Indiana in the provided sources.",2004,There is no evidence to support such a plot being real.
Was there a fact that stood out to you about Christopher Hitchen's critiques besides whom he wrote about?,"[""Writers Nancy Gibbs and Michael Duffy published an article in Time Magazine in which, among other things, they refuted Hitchens's suggestion that Graham went into ministry to make money.""]","Hitchens was an anti-theist and saw all religions as false, harmful, and authoritarian.",Hitchens was critical of American foreign policy and was an anti-theist.,Hitchens was known for his scathing critiques of public figures and his atheism.,Aggressive and insulting tactics.,Hitchens was an anti-theist.,"Hitchens posited that organized religion is ""violent, irrational, intolerant, allied to racism, tribalism, and bigotry, invested in ignorance and hostile to free inquiry, contemptuous of women and coercive toward children.""",Hitchens was critical of American foreign policy.
"In what year did the calbe-laying expedition of the SS Great Eastern with William Thomson, 1st Baron Kelvin being abandoned happen?",['1865'],1865,1865,1865,July 1865,July 1865,1865,1865
"What happened after the cable-laying expedition of the SS Great Eastern with William Thomson, 1st Baron Kelvin was abandoned?","['A further attempt in 1866 laid a new cable in two weeks , and the recover and complete the 1865 cable.']",A new cable was laid.,The project was abandoned after the cable was lost.,The ship was sold for scrap.,A new cable was laid in two weeks.,A new cable was laid in 1866.,A new cable was laid in two weeks.,A new cable was laid in two weeks.
"What was the triumph for William Thomson, 1st Baron Kelvin after new cable was laid in 1866 and the recovery and completition of the 1865 cable?","['The enterprise was feted as a triumph and Thomson enjoyed a share of the adulation. Thomson, along with the other principals of the project, was knighted on 10 November 1866.']",The enterprise was now feted as a triumph by the public and Thomson enjoyed a large share of the adulation.,Thomson was knighted and became known as Lord Kelvin.,"The successful laying of the 1866 cable was a triumph for William Thomson, 1st Baron Kelvin.",Knighted,Successful completion of the new cable and recovery of the 1865 cable.,Knighted,He was knighted and enjoyed a large share of the adulation from the public.
What did the Women's Social and Political Union do in particular that afforded them those rights of political prisoners?,"[""Women's Social and Political Union demanded to be treated as a political prisoner upon arrest.""]",The Women's Social and Political Union went on hunger strikes.,They went on hunger strikes when arrested or imprisoned.,The Women's Social and Political Union went on hunger strikes and endured force-feeding.,Hunger striking,Hunger strikes and disruptive protests.,Hunger strikes and imprisonment.,Hunger strikes and imprisonment
"Why did Roger Clemens appear unexpectedly in the owner's box at Yankee Stadium on May 6, 2007, during the seventh-inning stretch of a game against the Seattle Mariners?","[""Roger Clemens unexpectedly appeared in the owner's box at Yankee Stadium on May 6, 2007 and made a brief statement.""]",Clemens made a dramatic announcement to fans.,To announce his return to the New York Yankees,Clemens announced that he would be returning to the Yankees for the remainder of the 2007 season.,To make a dramatic announcement to fans.,To thank the fans.,To announce his return to the New York Yankees.,"Roger Clemens appeared unexpectedly in the owner's box at Yankee Stadium on May 6, 2007, to announce his return to pitch for the Yankees."
"What was Clemens's statement when he unexpectedly appeared in the owner's box at Yankee Stadium on May 6, 2007, during the seventh-inning stretch of a game against the Seattle Mariners?","[""Roger Clemens: Thank y'all. Well they came and got me out of Texas, and uhh, I can tell you it's a privilege to be back. I'll be talkin' to y'all soon.“""]","""Thank y'all. Well they came and got me out of Texas, and uhh, I can tell you it's a privilege to be back.""","""Thank y'all. Well they came and got me out of Texas, and uhh, I can tell you it's a privilege to be back""",Clemens announced that he would be returning to the Yankees for the 2007 season.,"""Thank y'all. Well they came and got me out of Texas, and uhh, I can tell you it's a privilege to be back.""",Clemens returned to the New York Yankees.,"""Thank y'all. Well they came and got me out of Texas, and uhh, I can tell you it's a privilege to be back.""","""Thank y'all. Well they came and got me out of Texas, and uhh, I can tell you it's a privilege to be back."""
what is the name of the song by Jesse Big Tiny Kennedy that was a rip-off of Hound Dog by Big Mama Thornton,"[""Jesse Big 'Tiny' Kennedy recorded Country Boy""]",Hound Dog,"""Hound Dog Blues""","Mama, He Treats Your Daughter Mean","""Real Ugly Woman""","""Country Boy""","There is no song by Jesse Big Tiny Kennedy that was a rip-off of ""Hound Dog"" by Big Mama Thornton.",There is no song by Jesse Big Tiny Kennedy that was a rip-off of Hound Dog by Big Mama Thornton.
what was the next rip-off of Hound Dog by Big Mama Thornton made after Jesse Big 'Tiny' Kennedy recorded Country Boy,"[""In the early 1970s, Robert Loers, owner of Dutch label Redita Records, found a song with the same melody as Hound Dog called (You Ain't Nuttin' But a) Juicehead“.""]","Recorded by Billy Ed Wheeler, Cab Calloway, Johnny Cash","Country Boy recorded by Jesse ""Big 'Tiny'"" Kennedy","Elvis Presley recorded a version of ""Hound Dog"" in 1956.",Elvis Presley,"""I Smell a Rat""",Elvis Presley,"Peacock re-released Willa Mae Thornton's original by August 18, 1956, backing it with Rock-a-Bye Baby."
"Were Steven Seagal's first movies - Above the Law, Hard to Kill, Marked for Death, and Out for Justice - successful?","[""Following Above the Law's success, Steven Seagal's subsequent movies were Hard to Kill, Marked for Death, and Out for Justice; all were box office hits, making him an action hero.""]",Yes.,Yes.,"Yes, they were all box office hits.",Yes.,Yes.,Yes.,Yes.
"What other activities was Julian Huxley involved in during his mid-career besides traveling widely, visiting the USSR, take part in the Political and Economic Planning think tank, and visit Kenya with wife?",['In 1943 Julian Huxley was asked by the British government to join the Colonial Commission on Higher Education'],Secretary to the Zoological Society of London,Secretary of the Zoological Society of London and the first Director of UNESCO,Huxley was a founding member of the World Wildlife Fund.,Conservation work and the creation of national parks in East African countries.,Julian Huxley got involved in the creation of UNESCO.,Creation of UNESCO,Huxley was involved in the creation of UNESCO.
"What did the Doors and Morrison do after taking the stage an hour late due to Jim's recovery from being sprayed by an officer at New Haven Arena, December 9, 1967?","['Halfway through the first set, Morrison proceeded to create an improvised song about his experience with the little men in blue.']","Morrison went onstage and launched into an obscenity-filled rant about the incident backstage, repeatedly disparaging the police. He was dragged off the stage, which resulted in a riot and charges for Morrison and several others.",They performed onstage at the New Haven Arena,The Doors were banned from the New Haven Arena after Jim Morrison was arrested on stage.,They performed their concert.,They performed a shortened set.,"Morrison simulated a sexual act with the microphone, leading to his arrest.",The Doors and Morrison performed a short set.
What was first single released on Chevelle's album This Type of Thinking (Could Do Us In)?,['The song Vitamin R (Leading Us Along) was released as the first single from the album and reached the No. 1 position on the Mainstream Rock chart.'],"""Vitamin R (Leading Us Along)""","""Vitamin R (Leading Us Along)""",The first single released was Vitamin R (Leading Us Along).,"""Vitamin R (Leading Us Along)""",“Vitamin R (Leading Us Along)”,"""Vitamin R (Leading Us Along)""","""Vitamin R (Leading Us Along)"""
What kind of fur or products did Cartier attempt to trade in the origins of the North American fur trade?,['Cartier concentrated on trading for furs used as trimming and adornment in the origins of the North American fur trade'],Beaver furs,"Beaver furs, axes, cloth, and glass beads","Cartier attempted to trade in furs such as beaver, mink, and otter.",Beaver furs,Beaver furs,Beaver furs,Beaver furs
What other items did Cartier concentrate on trading aside from trading for furs used as trimming and adornment in the origins of the North American fur trade?,"['In the origins of the North American fur trade, Cartier overlooked the fur that would become the driving force of the fur trade in the north, the beaver pelt, which would become fashionable in Europe.']","axes, cloth, and glass beads","Cloth, blankets, firearms and ammunition, metal tools, and brass kettles","Cartier also traded for gold, copper, and other goods.",Fish,Beaver furs,"European-manufactured goods such as guns, metal cooking utensils, and cloth.","Guns, metal cooking utensils, and cloth"
"What other things was unique about the North American fur trade origin besides that explorer Cartier overlooked the fur that would become the driving force of the fur trade in the north, the beaver pelt, which would become fashionable in Europe?","['In the origins of the North American fur trade, The earliest European trading for beaver pelts dated to the growing cod fishing industry that spread to the North Atlantic']",The fur trade began as an exchange between Indians and Europeans,The fur trade built relationships between Europeans and Indigenous peoples.,The North American fur trade was unique in that it was based on a partnership between European traders and indigenous peoples.,Widespread effects on the landscape and people.,Exchange of manufactured goods for furs,The North American fur trade was unique in that it involved the exchange of manufactured goods for valuable furs with Native people.,"The North American fur trade involved the exchange of manufactured goods for valuable furs with Native people, with a great demand for fur in Europe."
What other roles was included in the North American fur trade besides the fisherman who sought suitable harbors with ample lumber to dry large quantities of cod?,"['The fisherman sought suitable harbors which generated their earliest contact with local Aboriginal peoples, with whom the fisherman began simple trading in the origins of North American fur trade']","Native Americans, fur trading companies, and the US government.",Voyageurs were hired to transport trade goods.,"The North American fur trade also included traders, trappers, and Native American hunters.","French, British, and US traders provided goods such as blankets, firearms and ammunition, cloth, metal tools, and brass kettles.","Native Americans, fur trading companies, and the US government.",Fur trading companies and European traders,"French, British, and US traders provided goods such as blankets, firearms and ammunition, cloth, metal tools, and brass kettles."
Was there any other significant details back to the beginning of fur trade aside from the fisherman who sought suitable harbors which generated their earliest contact with local Aboriginal peoples?,"['The fishermen of the North American fur trade traded metal items for beaver robes made of sewn-together, native-tanned, beaver pelts.']",No.,No.,The fur trade was a major part of the early Canadian economy and helped shape the country's development.,"Yes, European American traders exchanged manufactured goods with Native people for valuable furs.","French explorers and fishermen arrived in what is now Eastern Canada during the early 1500's. Trade started after the French offered the Indians kettles, knives, and other gifts as a means to establish friendly relations.",No.,No.
Where were the fishermen traveling directly to for the trades along the Atlantic in the Origins of North American fur trade?,['The fishermen of the North American fur trade traveled near the Newfoundland coast and transport fish back to Europe for sale'],North America,Northeastern Canada,The fishermen were traveling directly to the Grand Banks of Newfoundland.,Tadoussac near the confluence of the St. Lawrence and Saguenay Rivers,The fishermen were traveling to the Atlantic coast.,Northeastern Canada,Northeastern Canada
"What was the conclusion of McCormick's Calamity Jane claim she had been married to Hickok, supposed father of McCormick?",['Calamity Jane says she had been married to Hickok and that Hickok was the father of McCormick'],Hickok was the father of McCormick,McCormick's claim was false.,McCormick's claim was dismissed.,Calamity Jane claimed she had been married to Hickok and that he was the father of McCormick.,"McCormick claimed to be the daughter of Calamity Jane and Wild Bill Hickok, and that they had married.",Disputed,McCormick's claim was greatly disputed.
What was Marilyn Chambers doing in this period when she believed her celebrity as the star of Behind the Green Door and the Ivory Snow girl would be a stepping stone to other endeavors?,"['The paradox was that, as a result of Green Door, Hollywood blackballed me, Marilyn Chambers said later.']",Marilyn Chambers was dreaming of having a career in mainstream films.,Marilyn Chambers returned to the adult film industry with 1980's Insatiable.,Marilyn Chambers was working as a model and actress.,She was an adult film actress.,"Marilyn Chambers returned to the adult film industry with 1980's Insatiable, where she played the role of Sandra Chase.",Transitioning to mainstream films and modeling.,Transitioning to mainstream films and modeling.
"Did Rascal Flatts win any awards for These Days, Love You Out Loud, I Melt, or Mayberry?","[""Melt by Rascal Flatts included two more Top 10 hits with Love You Out Loud I Melt, and Mayberry. The latter became the band's second number one.""]","Yes, for ""These Days""","Yes, for ""I'm Movin' On"" and ""Mayberry""","Yes, Rascal Flatts won the 2003 CMA Horizon Award.","Yes, for ""These Days""","Yes, Rascal Flatts won the 2003 CMA Award for Vocal Group of the Year.","Yes, Rascal Flatts won awards for ""These Days"" and ""I'm Movin' On"".","Yes, Rascal Flatts won awards for ""These Days"", ""Love You Out Loud"", ""I Melt"", and ""Mayberry""."
What was Ranveer Singh's next role after he played a conman Ricky Bahl who cons girls for a living but finally meets his match?,"[""Ranveer Singh's next release was Lootera, a period romance, written and directed by Vikramaditya Motwane, and co-starring Sonakshi Sinha.""]",Ram in Goliyon Ki Raasleela Ram-Leela,Ram in Goliyon Ki Raasleela Ram-Leela,Ranveer Singh played the role of Varun Srivastav in the film Lootera.,Bengali criminal,Ladies vs Ricky Bahl,"""Rocky Aur Rani Ki Prem Kahani""",Rocky Aur Rani Ki Prem Kahani
I think there are 7 games in the world series itself. How many did they win during Kirby Puckett's first world series?,['The Minnesota Twins defeated the Cardinals four games to three to win the Series.'],Seven games,Seven games,The Minnesota Twins won the 1987 World Series in seven games.,4,The Minnesota Twins won the 1987 World Series in seven games.,4 games,The Minnesota Twins won the 1987 World Series in seven games.
"What other achievements did Gwen Stefani have besides several music awards, including one Grammy Award, four MTV Video Music Awards, one American Music Award, one Brit Award, and two Billboard Music Awards?","['With the band, No Doubt, Gwen Stefani has won two Grammy Awards.']",a World Music Award,"American Music Award, Brit Award, World Music Award, and two Billboard Music Awards","Stefani has also been recognized for her fashion and business ventures, including an award for Fashion Icon at the 2019 People's Choice Awards.",Two MTV Video Music Awards,CMT Music Awards,Fashion icon and successful fashion brand L.A.M.B.,"Gwen Stefani has made a name for herself as a fashion icon, launching her successful fashion brand L.A.M.B."
Did any more tragedies happen to Virginia Woolf during her unhappy years beside her father and mother's deaths?,"[""Virginia's father's death precipitated a further breakdown. Later, Virginia would describe this time as one in which she was dealt successive blows as a broken chrysalis with wings still creased.""]","Yes, Virginia Woolf also lost her half-sister and brother, and suffered from periods of acute depression and insanity.","Yes, her half sister was mentally deranged.","Virginia Woolf's half-sister, Laura Makepeace Stephen, died in 1945.","Yes, Virginia Woolf also lost her brother Thoby.","Yes, Virginia Woolf also suffered the death of her half-sister and her husband's suicide.","Yes, Virginia Woolf experienced multiple tragedies in her life, including the deaths of her parents and her own mental breakdowns.","Yes, Virginia Woolf also experienced mental breakdowns and attempted suicide."
"What did the setting of Cooper's second novel The Spy in Rye, New York have in common to his life","[""Cooper's The Spy action centers around spying and skirmishing taking place around what is believed to be his friend John Jay's family home The Locusts in Rye, New York.""]","The setting of Cooper's second novel in Rye, New York was where he was living at the time.","The setting of Cooper's second novel The Spy in Rye, New York had in common with his life a connection to the ""Neutral Ground"" and the Westchester militia.","The setting of The Spy in Rye, New York, was similar to Cooper's life as he was born and raised in Rye.",Scenic setting and believable characters,"The setting of The Spy in Rye, New York is related to Cooper's life through his connection to John Jay.",Both the setting of The Spy and Cooper's upbringing in Manhattan were inspirations for the novel.,"The setting of Cooper's second novel The Spy in Rye, New York was inspired by the bucolic lands outside Manhattan, where Cooper attended school during his youth."
What other work did Verity Lambert do after she was sacked from this job as secretary at Granada Television after six months?,"['Following her dismissal from Granada, Verity Lambert took a job as a shorthand-typist at ABC Television.']",production secretary working on a program called State Your Case,Became the secretary to the company's Head of Drama and then a production secretary working on a program called State Your Case,She became the BBC's first female producer.,Shorthand-typist at ABC Weekend TV,"She worked as a shorthand-typist at ABC Weekend TV, became the secretary to the company's Head of Drama, worked in the film industry for Thorn EMI Screen Entertainment, and ran her own production company, Cinema Verity.",Typist for a hotel and a lawyer's office,Shorthand-typist at ABC Weekend TV
What other events happened to Verity Lambert besides working on Armchair Theatre and also early episodes of The Avengers?,"['While Verity Lambert was working as a Production Assistant on Armchair Theatre, an actor died during a broadcast of Underground.']",Verity Lambert became Head of Drama at Thames Television in 1974 and produced shows like The Naked Civil Servant and Rock Follies.,Verity Lambert was awarded an OBE in 2002.,Lambert was the founding producer of the science fiction series Doctor Who.,"Verity Lambert was also executive producer on the highly-regarded Euston series Out, Minder, Quatermass, Fox, and Danger UXB.","Verity Lambert also produced Adam Adamant Lives!, The Naked Civil Servant, Rock Follies, Minder, and Widows.",Verity Lambert produced the science-fiction series Doctor Who from 1963 until 1965.,Verity Lambert produced the science-fiction series Doctor Who and became Head of Drama at Thames Television.
"What are the other movies Stewart Copeland has worked on besides Airborne, Talk Radio, Wall Street, Riff Raff, Raining Stones, Surviving the Game, See No Evil, Hear No Evil, and Highlander II: The Quickenin?","[""Stewart Copeland composed soundtracks for She's Having a Baby, The First Power, Taking Care of Business, West Beirut, I am David, Riding the Bus with My Sister, and Good Burger.""]","She's Having a Baby, The First Power, Fresh, Taking Care of Business, West Beirut, and I am...","Men at Work, Good Burger, and We Are Your Friends","Copeland has also worked on the soundtracks for the films She's All That, Little Nicky, and Desperate Measures.","Men at Work, Hidden Agenda, The First Power, Fresh, Taking Care of Business, and West Beirut","Rumble Fish, South Park: Bigger, Longer & Uncut, Men at Work, Good Burger, We Are Your Friends","She's Having a Baby, The First Power, Fresh, Taking Care of Business, West Beirut, I am...","She's Having a Baby, The First Power, Fresh, Taking Care of Business, West Beirut, I am..."
"Did Stewart Copeland work on other tv shows besides The Equalizer, Dead Like Me, Star Wars: Droids, the pilot for Babylon 5, Nickelodeon's The Amanda Show, and The Life and Times of Juniper Lee as well?","[""Stewart Copeland composed soundtracks for the pilot for Babylon 5, Nickelodeon's The Amanda Show, and The Life and Times of Juniper Lee.""]",The Amanda Show,Yes.,"Yes, he also worked on the TV show The Racer's Edge.",Yes.,"Yes, he also worked on the TV show The Equalizer, Dead Like Me, Star Wars: Droids, the pilot for Babylon 5, Nickelodeon's The Amanda Show, and The Life and Times of Juniper Lee.",Yes,Yes.
Did the American band Skid Row work with any other bands during the time they opened for the 2000 Kiss Farewell Tour?,['Prunella Scales was the side project of the American band Skid Row bass player Rachel Bolan.'],Poison and INXS's bassist Garry Gary Beers,"Yes, they worked with Poison and INXS's bassist Garry Gary Beers.",Skid Row opened for Kiss on their Farewell Tour in 2000.,"Yes, Skid Row also played with other 1980s metal bands such as Poison and INXS's bassist Garry Gary Beers.","Yes, Skid Row also opened for Ted Nugent during the 2000 Kiss Farewell Tour.","Yes, Skid Row also played with other 1980s metal bands such as Poison and INXS's bassist Garry Gary Beers.",Yes
What was the other measure introduced by Luigi Luzzatti besides the measure involving the industrial workmen's compensation scheme in 1883?,['A voluntary fund for contributory disability and old age pensions was created by Luigi Luzzatti.'],A voluntary fund for contributory disability.,"Workers' cooperatives, credit unions, and voluntary insurance schemes",Luzzatti introduced a measure to reduce the tax on flour.,Compulsory accident insurance,Compulsory accident insurance,The other measure introduced by Luigi Luzzatti in 1898 is not specified in the sources.,Compulsory accident insurance
What were some other details about Corazon Aquino's agrarian land reform besides how landowners ceded land to tenant-farmers and its motivation?,['Landowners under the Comprehensive Agrarian Reform Law could voluntarily divest a proportion of their equity to others in lieu of turning over their land to the government for redistribution.'],"The law became effective on June 15, 1988.","Corazon Aquino signed Republic Act No. 6657 into law on June 10, 1988.",The Comprehensive Agrarian Reform Program (CARP) was a land reform law mandated by the 1987 Philippine Constitution.,The law was known as the Comprehensive Agrarian Reform Law (CARL).,The program also institutionalized a judicial system for implementation.,"The law became effective on June 15, 1988.",The law aimed to promote social justice and industrialization.
"What is an example presented by Dinesh D'Souza in his documentary, America: Imagine the World Without Her?","[""Setting the stage for presenting their views, D'Souza and Sullivan in the film America: Imagine the World Without Her provide counterfactual histories like killing George Washington during the Revolutionary War.""]","The rarity of a ""great war fought to end slavery"" like the American Civil War","The treatment of Native Americans, slavery, the transfer of Mexico, and its colonialist behavior",D'Souza presents the example of the United States purchasing Alaska from Russia in 1867.,The American Civil War,A world without America,"The rarity of a ""great war fought to end slavery"" like the American Civil War.","The rarity of a ""great war fought to end slavery"" like the American Civil War."
"Are there any other aspects about the band, The Devil Wears Prada's album With Roots Above and Branches Below besides it's writing and recording?",['The sales of With Roots Above and Branches Below have been very satisfactory which brought it to position No. 11 on the Billboard 200 for top albums upon its release.'],"The album peaked at number one on the Billboard Top Independent Albums, Top Hard Rock Albums, and Christian Albums charts.","The album was released on May 5, 2009.","The album was released on May 5, 2009.","The album was released on May 5, 2009.",Positive reviews and comparisons.,"Released on May 5, 2009.",Experimental blend of heavy breakdowns and vocal styles.
"What is another race that Stirling Moss participated in during this time besides the London-Sahara-Munich World Cup Rally, the 1976 Bathurst 1000, and the 1979 Benson & Hedges 500?","['On 9 June 2011, Moss announced on Radio Le Mans that he had finally retired from racing, saying that he had scared himself that afternoon. He was 81.']",1955 Mille Miglia,1000 km Nürburgring,The 1955 Mille Miglia,Mille Miglia,Mille Miglia,1974 London-Sahara-Munich World Cup Rally,1974 London-Sahara-Munich World Cup Rally
"Did his wife, Rochelle Rocky Parker, involve herself with Patrick Dempsey's acting after they were married?",['Parker appeared with Dempsey in the film In the Mood (September 1987).'],Yes.,Yes,Parker was an actress and acting coach.,Yes.,Yes,Yes.,"Yes, Rocky Parker involved herself with Patrick Dempsey's acting after they were married."
What happened next after the album Chicago Transit Authority was certified platinum by the Recording Industry Association of America (RIAA)?,['The band was Chicago booked to perform at Woodstock in 1969.'],The album was certified gold in February 1971.,The album was certified double platinum.,The band changed its name to Chicago.,The band toured the album.,The artist or label applies for the certification through the RIAA.,The album continued to sell well and gain popularity after its initial certification.,The album continued to sell well and gain popularity.
What was the name of one of the songs in the debut album by Big Brother and the Holding Company?,"['The first single released was Blind Man b/w All Is Loneliness, both from the album sessions, in July 1967.']","Bye, Bye Baby","""Down on Me""",Down on Me,"""Blind Man""","""Bye, Bye Baby""","""Bye, Bye Baby""","""Bye, Bye Baby"""
Were there any issues that Earth Crisis was concerned about besides a straight edge and vegan lifestyle and animal rights?,"[""Most of Earth Crisis focus on rejection of recreational drugs, animal products, animal testing, industrial livestock production, illegal drug trade, and earth's impending doom caused by wars or ecological collapse.""]","Yes, social and political issues","Yes, they addressed further social and political issues.",Earth Crisis was also concerned about environmental issues and the human rights issues.,"Yes, Earth Crisis was also concerned about environmentalism and deep ecology.","Yes, Earth Crisis has addressed social and political issues in their music.",Yes.,"Yes, Earth Crisis addressed further social and political issues."
"Does Earth Crisis sing about other topics besides rejection of recreational drugs, animal products, animal testing, industrial livestock production, illegal drug trade, and earth's impending doom caused by wars or ecological collapse?","['On the other hand, Earth Crisis promote straight edge, veganism, self-empowerment and organizations such as Earth First!, Sea Shepherd Conservation Society and the Animal Liberation Front.']",Yes.,No.,Earth Crisis also addresses personal empowerment and social justice issues in their music.,"Yes, Earth Crisis also sings about environmental issues and climate change.","Yes, Earth Crisis addresses a variety of social and political issues in their music.","No, Earth Crisis primarily sings about rejection of recreational drugs, animal products, animal testing, industrial livestock production, illegal drug trade, and earth's impending doom caused by wars or ecological collapse.","No, their lyrical themes primarily focus on those topics."
"Any other topics the band Earth Crisis address besides rejection of recreational drugs, animal products, animal testing, industrial livestock production, illegal drug trade, and earth's impending doom caused by wars or ecological collapse; and promoting straight edge, veganism, self-empowerment and organizations such as Earth First!, Sea Shepherd Conservation Society and the Animal Liberation Front?","[""Other subjects include criticism against white supremacy and, especially on Breed the Killers, oppressive governments. 2000's record Slither incorporated more topical issues, such as genetic engineering and second amendment rights.""]",No.,No.,"The band also addresses issues such as human rights, environmentalism, and social justice.","Social justice, environmentalism, and activism","Environmentalism, human rights, political activism","Yes, Earth Crisis also addresses environmental degradation, capitalism, and human liberation.",Environmental degradation and capitalism
Did the Stone Sour song Absolute Zero make it on to the House of Gold and Bones Part 1 album?,"[""Absolute Zero is the second track on Stone Sour's House of Gold & Bones - Part 1.""]",No,Yes.,"Yes, it did.",Yes.,Yes.,Yes.,Yes.
What did the character impersonating John Travolta do in the episode Trapped in the Closet (South Park)?,['Travolta and R. Kelly sing to Tom Cruise to come out of the closet. Travolta and Kelly eventually join Cruise in the closet.'],Ended up in the closet with Tom Cruise.,Hid in the closet,"The character impersonating John Travolta in the South Park episode ""Trapped in the Closet"" was Tom Cruise.",Ended up in the closet,Tried to get Tom Cruise to come out of the closet.,Involved in a plot related to Scientology,Involved in a plot related to Scientology
What happened to make Tom Cruise not want to come out of the closet in the episode Trapped in the Closet (South Park)?,"[""Hubbard replies that his acting is okay but not as good as others', Tom hears that he's a failure in the eyes of the prophet, locking himself in Stan's closet.""]","He heard that he is ""a failure in the eyes of the prophet"" and locked himself in Stan's closet.","Called ""a failure in the eyes of the prophet""",Tom Cruise locks himself in Stan's closet and refuses to come out.,Tom Cruise locks himself in Stan's closet.,He was portrayed as a literal closeted homosexual.,"He was told he is ""a failure in the eyes of the prophet.""","He was told he is ""a failure in the eyes of the prophet."""
"Describe other aspects of Norm Oneill's style besides being a dynamic stroke maker, having an ability to score at a high pace, and notable nimble footwork.","[""Norm O'Neill particularly liked to sweep the slower bowlers.""]","Powerful back-foot strokes, crowd favorite",O'Neill was a right-handed batsman.,Norm O'Neill was also known for his aggressive and attacking style of play.,Spin bowling and strong fielding.,"Strong defensive technique, solid against spin, and anchoring ability.",Right-handed batsman for New South Wales and Australia,Right-handed batsman for New South Wales and Australia.
"What more followed winning the NWA United National Championship on October 14, 1983 in a tournament defeating Lawler by forfeit for Ted DiBiase?","[""Three months later, on January 28, 1984, DiBiase lost the title to Michael Hayes. DiBiase's mother Helen Hild died two months later in March 4, 1984.""]",Ted DiBiase lost the title to Michael Hayes.,DiBiase lost the title to Michael Hayes and his mother died two months later.,"Hansen won the NWA Missouri Heavyweight Championship on November 25, 1983.",Lost the title to Michael Hayes.,PWF Heavyweight Championship,DiBiase lost the title to Michael Hayes.,DiBiase lost the title to Michael Hayes
"What followed Ted DiBiase and Stan Hansen defeating The Holy Demon Army on September 3,1993 for the World Tag Team Championship?","[""On November 13, 1993, DiBiase and Hansen would be stripped of the title so it could be put on the line for the 1993 World's Strongest Tag Determination League.""]",They were stripped of the title.,The Holy Demon Army won their fifth Tag Team Championship.,"The Holy Demon Army regained the titles on September 10, 1993.",The Holy Demon Army won their fifth Tag Team Championship.,They were stripped of the titles.,They were stripped of the titles.,They were stripped of the titles.
What happened after the first season of Rowan & Martin's Laugh-In featured some of the first music videos seen on network TV?,"['During the September 16, 1968, episode, Richard Nixon, running for president, appeared for a few seconds with a disbelieving vocal inflection, asking Sock it to me?']",The cast members appeared in films set to the music of the Nitty Gritty Dirt Band,It quickly became the most popular television show in the United States.,The show won the Golden Globe for Best Television Show.,The show continued for six seasons (1968–73).,The second season followed.,"Cast members appeared in films set to the music of the Nitty Gritty Dirt Band, the Bee Gees, the Temptations, the Strawberry Alarm Clock, and the First Edition.","Cast members appeared in films set to the music of the Nitty Gritty Dirt Band, the Bee Gees, the Temptations, the Strawberry Alarm Clock, and the First Edition."
What other memorable moments in the memoriable moments section for Rowan & Martin's Laugh-In besides some of the first music videos seen on network TV and Richard Nixon's apperance?,"['On multiple occasions, producer George Schlatter attempted to get William F. Buckley Jr. to appear on the show, only to be refused each time until he suddenly agreed to appear.']",Goldie Hawn's memorable moments,"Catch phrases like “sock it to me,” “verrrry interesting,” and “look that up in your Funk & Wagnalls”","The show also featured the first televised appearance of Tiny Tim, the wedding of Tiny Tim and Miss Vicki, and the first appearance of the Farkel Family.","The show introduced catch phrases like “sock it to me,” “verrrry interesting,” and “look that up in your Funk & Wagnalls.”","""Sock it to me"" and ""Here come da judge"" sketches","""The show also featured the popular catchphrase 'Sock it to me' and launched the careers of several comedians.""",Rapid-fire one-liners and knockabout comedy
why did Koolhaas and his think-tank AMO decide to unite the flags in their proposal of the European Flag?,"['The barcode seeks to unite the flags of the EU member countries into a single, colourful symbol.']",To create a new representative flag for the European Union.,To merge the flags of current EU member states into a new representative flag,The European Flag was designed by Arsène Heitz and Paul M. G. Lévy in 1955.,"To unite the flags of the EU member countries into a single, colorful symbol.",To represent the unity of Europe.,To symbolize unity and diversity within Europe.,To symbolize unity and diversity within Europe.
What was one of the other 6 points in the reform suggested by the White Revolution besides calling for land reform?,['The White Revolution proposed electoral changes to enfranchise women and allow non-Muslims to hold office.'],"Construction of an expanded road, rail, and air network","Construction of an expanded road, rail, and air network",The White Revolution also called for the nationalization of forests and pasturelands.,Sale of state-owned factories,Extension of voting rights to women,Sale of state-owned factories,Industrial growth
"What was one of the remaining points of the White Revolution reform besides calling for electoral changes to enfranchise women, a literacy campaign for the nation's schools, as well as land reform?","[""Nationalization of the nation's forest.""]",Land redistribution,Eradication of diseases such as malaria,The White Revolution also called for the nationalization of forests and pasturelands.,profit-sharing in industry,Industrial expansion and increased per capita income.,Nationalization of forests and pastures,nationalization of forests and pastures
"Any other countries that had takes on That Was The Week That Was besides Canada, the Netherlands, and New Zealand?","['An Australian show, The Mavis Bramston Show, aired from 1964 to 1968 on the Seven Network.']",No.,No.,"Yes, the United States also had a version of That Was The Week That Was.",The United States,"Yes, the show was also broadcast in Australia.",Likely yes.,"Yes, the United States also had a version of ""That Was the Week That Was."""
"What is significant in the article on Hate Crew Deathroll that you think I should know other than if it's an album, the name of the song Bodom Beach Terror, and what the album was about?",['Hate Crew Deathroll was released January 2003 in Finland.'],It confirmed Children of Bodom as one of the most important metal bands of their generation.,"Hate Crew Deathroll is the fourth studio album by Finnish melodic death metal band Children of Bodom, released in 2003 under the Century Media label",The album was released in 2003.,"""Needled 24/7"" was featured on the heavy metal documentary Metal: A Headbanger's Journey and the 2012 horror comedy video game Lollipop Chainsaw.",The impact it left on the wider metal world.,Controversy and discussion about Alexi Laiho's vocal performance.,Controversy and discussion about the vocal performance of Alexi Laiho
Are there any interesting aspects about the Havoc and Bright Lights period of Alanis Morissette's career from 2011-2014?,"['On November 20, 2011, Alanis Morissette appeared at the American Music Awards.']",Havoc and Bright Lights received mixed reviews from music critics.,Mixed reviews from music critics; three singles released.,Alanis Morissette's album Havoc and Bright Lights was released in 2012 and debuted at number five on the Billboard 200 chart.,"""Havoc and Bright Lights"" was Alanis Morissette's eighth studio album, released in 2012.",Mixed reviews for Havoc and Bright Lights.,"Yes, ""Havoc and Bright Lights"" by Alanis Morissette had three singles released from it, including ""Guardian.""","""Havoc and Bright Lights"" received mixed reviews from music critics."
Did Alanis Morissette do any more performances during the Havoc and Bright Lights time period of her career besides the duet of Uninvited with Josh Krajcik?,"['Alanis Morissette embarked on a European tour for the summer of 2012, according to Alanis.com.']",No.,No.,"Yes, she performed at the 2012 Juno Awards.",No.,"Yes, Alanis Morissette went on tour to promote her album Havoc and Bright Lights.",Unclear,"Yes, Alanis Morissette embarked on ""The Triple Moon Tour"" during the Havoc and Bright Lights time period."
Did ace of base second album titled The bridge have any other songs besides lucky love and beautiful life?,"[""Never Gonna Say I'm Sorry was released as the third single from the album The Bridge""]",Yes,"Yes, it included ""Never Gonna Say I'm Sorry.""",Don't Turn Around,"Yes, the album also included songs like ""Never Gonna Say I'm Sorry"" and ""Edge of Heaven.""","Yes, the album also included the song ""Never Gonna Say I'm Sorry.""","Yes, the album ""The Bridge"" by Ace of Base contains other songs besides ""Lucky Love"" and ""Beautiful Life"".","Yes, the album ""The Bridge"" by Ace of Base contains other songs besides ""Lucky Love"" and ""Beautiful Life."""
How did the song Never Say Im Sorry released as the third single from the album the bridge  do?,"[""Never Gonna Say I'm Sorry achieved moderate success in Europe, but it failed to chart on the Hot 100 in the US.""]",It was a notable hit and charted in several countries.,As the third single from the album The Bridge,It reached number 4 on the UK Singles Chart.,"As the third single from the album ""The Bridge""",It reached number 7 on the UK Singles Chart.,"It was released as the third single from the album ""The Bridge"" in 1996.",It was released worldwide as the third and final single from the album.
Were Son House's My Black Mama and Preachin' the Blues Son House's original songs or covers?,"[""Son House heard James McCoy playing bottleneck guitar. Two songs he learned from McCoy would later be among his best known: My Black Mama and Preachin' the Blues.""]",Original songs,Original songs,They were original songs.,Original songs,Original songs,Original compositions,Original songs
Is there any thing other than Olmsted's involvement in the state reserve that's interesting in the Frederick Law Olmsted article?,"['In 1891, Olmsted refused to develop a plan for Presque Isle Park in Marquette, Michigan.']","Frederick Law Olmsted was an American landscape architect, journalist, social critic, and public administrator. He had a true commitment to the theory of equitable access to public space for all Americans.",Olmsted's involvement in social reform and anti-slavery causes during the Civil War.,Olmsted is often considered to be the father of American landscape architecture.,Olmsted was the first to use landscape architect as a professional title.,"Olmsted was involved in residential suburbs, city squares, park systems, university campuses, and more.","Yes, Olmsted designed the country's oldest state park, the Niagara Reservation in Niagara Falls, New York.",Olmsted designed 100 public parks.
"Any other important aspects regarding Martha and the Vandellas major hit years besides their success continued with their second Top Ten single and third Top 40 single, Quicksand?","['Annette, who was pregnant with her first child and set to get married, chose to leave her singing career behind by 1964.']","Ten Vandellas songs reached the top ten of the Billboard R&B singles chart, including two R&B number ones, and six Top Ten Pop Hits on the Billboard Hot 100.",Martha and the Vandellas had their first million-seller and their only Grammy Award nomination for Best R&B Performance during their major hit years from 1962-1968.,"Martha and the Vandellas' hit years included the release of their signature song, ""Dancing in the Street,"" in 1964.","""Dancing in the Street""","Yes, their string of hits included ""Come and Get These Memories"", ""Heat Wave"", ""Nowhere to Run"", ""Jimmy Mack"", ""I'm Ready for Love"", and ""Bless You"".","""Dancing in the Street"" was their biggest hit.","""Dancing in the Street"" was their biggest hit."
"Was that true that In the book Freakonomics, Levitt and coauthor Stephen J. Dubner argued that the results of Lott's research in More Guns, Less Crime had not been replicated by other academics?","[""A federal judge found that Steven Levitt's replication claim in Freakonomics was not defamation but found merit in Lott's complaint over the email claims.""]",Yes.,Yes.,"Yes, that is true.",Yes.,Yes.,Yes.,Yes.
What did Sylar do once he was in control of Parkman's body leaving Matt trapped in his own head?,"[""Sylar threatens to murder innocent civilians if Parkman doesn't cooperate. Faced with an ultimatum, Parkman attempts to commit suicide by cop.""]",Took full control of Parkman's body,Took full control of Parkman's body,Sylar used Parkman's body to kill Nathan Petrelli.,Took full control of Parkman's body,Took full control of Parkman's body,Sylar regains full control of his body.,Took over Parkman's body.
What was her most popular single from I Never Loved a Man the Way I Love You by Aretha Franklin?,['Baby I Love You and A Natural Woman.'],"""Respect""","""Respect""",Respect,"""Respect""","""Respect""","""Respect""","""Respect"""
Were any exceptions noted in the article about Jean-Philippe Rameau not working with the same librettists on multiple operas?,"[""Jean-Philippe Rameau didn't work with the same librettists twice with the exception of Louis de Cahusac, who collaborated with him on several operas.""]","Yes, Louis de Cahusac collaborated with Rameau on several operas.","Yes, Louis de Cahusac collaborated with Rameau on several operas.","Rameau worked with Voltaire on two operas, Samson and Zoroastre.",Yes.,Yes.,"There may be exceptions, but Rameau rarely worked with the same librettist twice.","No, there were no exceptions noted."
Did Harry Hopkins do any other public health work besides working for the Bureau of Child Welfare and the Red Cross?,"['Harry Hopkins also became manager of the Bellevue-Yorkville health project, assistant director of the AICP, and executive director of the New York Tuberculosis Association.']",Yes.,"Yes, he became executive director of the New York Tuberculosis Association.",Harry Hopkins also served as the head of the New York Tuberculosis Association.,"Yes, he worked for various social work and public health organizations.","Yes, he was influential in developing the School of Social Work at Tulane University.","Yes, Harry Hopkins did other public health work besides working for the Bureau of Child Welfare and the Red Cross.","Yes, Harry Hopkins worked for the American Red Cross and was influential in developing the School of Social Work at Tulane University."
"How did the soccer officials punish Roy Keane further for a blatant knee-high foul on Alf-Inge Håland other than the initial three-match suspension and £5,000 fine from The Football Association?","['Roy Keane was banned for a further five matches and fined £150,000 in the ensuing investigation.']","Banned for five matches and fined £150,000",There were no further punishments for Roy Keane.,"Roy Keane was fined an additional £150,000 and banned from playing for Manchester United for the rest of the 2001-2002 season.","Fined £150,000 and banned for a further five games","£150,000 fine and five-match ban","Five-game ban and a £150,000 fine","Five-game ban and £150,000 fine"
What other works were produced besides the double A-sided single Common Burn / Lay Myself Down by Mazzy Star after their reformation?,"['On July 13, 2013, Mazzy Star announced details of their fourth studio album, Seasons of Your Day, which was released on September 23, 2013 in the UK.']",Through the Devil Softly,Seasons of Your Day,"Mazzy Star released their fourth studio album, Seasons of Your Day, in 2013.","""Seasons of Your Day""","EP ""Still""","""Seasons of Your Day"" and ""Still""",None
Were there any other works produced besides the double A-sided single Common Burn / Lay Myself Down and the album Seasons of Your Day by Mazzy Star after their reformation?,"[""On April 19, Mazzy Star released two new songs as part of Record Store Day 2014. I'm Less Here and Things were released on 7 vinyl.""]",Still EP,The EP Still in 2018,No.,No.,EP Still,"Yes, Mazzy Star released the EP ""Still"" in 2018.","Yes, Mazzy Star released the EP ""Still"" in 2018."
Did the book A Governor's Story: The Fight For Jobs and America's Economic Future by Jennifer Granholm and her husband get published?,"[""The book A Governor's Story: The Fight For Jobs and America's Economic Future by Jennifer Granholm and her husband was released in September 2011.""]",Yes,Yes,"Yes, the book was published in 2011.",Yes.,Yes.,"Yes, the book A Governor's Story: The Fight For Jobs and America's Economic Future by Jennifer Granholm and her husband was published.",Yes.
What was the name of the American Latin freestyle vocal group Exposé song that appeared on a movie soundtrack?,"[""In 1995, Exposé recorded I'll Say Good-Bye for the Two of Us, which appeared on the soundtrack of the film Free Willy 2: The Adventure Home.""]",I'll Say Good-Bye For The Two Of Us,"""I'll Say Good-Bye for the Two of Us""","""Point of No Return"" appeared on the soundtrack for the movie ""The Running Man.""","""I'll Say Good-Bye for the Two of Us""","""I'll Say Good-Bye for the Two of Us""","""I'll Say Good-Bye for the Two of Us""","""I'll Say Good-Bye for the Two of Us"""
What were the two American Latin freestyle vocal group Exposé songs on the album Exposé that made the Top 40?,"[""The group managed to crack the U.S. Top 40 pop chart with I Wish the Phone Would Ring and I'll Never Get Over You Getting Over Me“.""]","""Come Go With Me"" and ""Point of No Return""","""Come Go With Me"" and ""Point of No Return""","""Come Go with Me"" and ""Point of No Return"" both made the Top 40.","""Come Go With Me"" and ""Point of No Return""","""Come Go With Me"" and ""Point of No Return""","""I Wish the Phone Would Ring"" and ""I'll Never Get Over You (Getting Over Me)""","""I Wish the Phone Would Ring"" and ""I'll Never Get Over You (Getting Over Me)"""
"What was another successful painting Jan van Eyck is known for besides Child with Canon van der Paele, Lucca Madonna, and Virgin?",['The years between 1434 and 1436 are generally considered Jan van Eyck high point when he produced works including the Madonna of Chancellor Rolin.'],The Arnolfini Portrait,Ghent Altarpiece and the Arnolfini Portrait,The Arnolfini Portrait.,The Adoration of the Mystic Lamb,The Arnolfini Portrait,The Arnolfini Portrait,The Arnolfini Portrait
What was a major topic that was discussed by Rudy Giuliani and Hilary Clinton during the 2000 Senate campaign?,"[""The New York Police Department's fatal shooting of Patrick Dorismond in March 2000 was the major topic discussed during the campaign.""]",The fatal shooting of Patrick Dorismond,The New York Police Department's fatal shooting of Patrick Dorismond,The major topic was gun control.,The fatal shooting of Patrick Dorismond,The fatal shooting of Patrick Dorismond by the NYPD.,Police shootings and the Iraq war,Police shootings and the Iraq war.
"What was another big single on To Bring You My Love by PJ Harvey besides its lead single, Down by the Water?","[""C'mon Billy""]",C'mon Billy,C'mon Billy,C'mon Billy,"""Meet Ze Monsta""","""C'Mon Billy""","""C'mon Billy""","""C'Mon Billy"""
what did the scientists find out about the nature of the particles of comet wild 2 after the stardust mission,"['In 2009 it was announced by NASA that scientists had identified one of the fundamental chemical building blocks of life in a comet for the first time, glycine']",Most of the comet's rocky matter formed inside our solar system at extremely high temperature.,Most of the comet's rocky matter formed inside our solar system at extremely high temperature,"The particles of comet Wild 2 contained crystalline silicates, which are minerals that form in the presence of water.","Pre-solar ""stardust"" grains","Glycine, a fundamental building block of life",Wide range of compositions and structures,The scientists found a wide variety of compositions and structures in the particles of comet Wild 2.
What team did Klay Thompson play for when he made the record for the most 3 pointers in a game,['Klay Thompson plays for the Golden State Warriors'],Golden State Warriors,Golden State Warriors,Golden State Warriors,Golden State Warriors,Golden State Warriors,Golden State Warriors,Golden State Warriors
"Did Michael Phelps win all gold medals in the Olympics, the World Championships, and the Pan Pacific Championships","['Michael Phelps has won 65 gold, 14 silver, and three bronze  in the Olympics, the World Championships, and the Pan Pacific Championships']",No.,No,"Michael Phelps won 23 gold medals in the Olympics, 26 gold medals in the World Championships, and 8 gold medals in the Pan Pacific Championships.",Yes.,"No, Michael Phelps did not win all gold medals in the Olympics, the World Championships, and the Pan Pacific Championships.",No,No
when was the game in which Joe Namath and the New York Jets lost in the first ever Monday Night Football game to the Cleveland Browns 31-21,"['The New York Jets met the Cleveland Browns in the first-ever Monday Night Football game on September 21, 1970.']","September 21, 1970","September 21, 1970","September 21, 1970","September 21, 1970","September 21, 1970","September 21, 1970","September 21, 1970"
how many were in attendance for the first-ever Monday Night Football game between the New York Jets and Cleveland Browns,"['A franchise-record crowd of 85,703 showed up at Cleveland Stadium to see the Cleveland Browns defeat the New York Jets, 31-21, in the first Monday Night Football Game.']","85,703","85,703","The first-ever Monday Night Football game between the New York Jets and Cleveland Browns had 85,703 people in attendance.","85,703","85,703","85,703","85,703"
where did the water go after pumped to a reservoir in the town square in Hans Christopher Christiansen's Bethlehem Water Works?,"['Once in the reservoir, the water was then distributed to homes and businesses throughout Bethlehem.']",throughout Bethlehem,The water was distributed to homes and businesses throughout Bethlehem.,The water was distributed to the town's residents.,Distributed throughout Bethlehem,Distributed throughout Bethlehem,Distributed to homes and businesses throughout Bethlehem.,Distributed throughout Bethlehem
what is an example of canon in literature to distinguish between the original works and later works of other writers?,['Sherlock Holmes consists of the 56 short stories and four novels written by Sir Arthur Conan Doyle. The subsequent works by other authors are considered non-canonical.'],The Harry Potter books,Harry Potter books,The Sherlock Holmes stories by Arthur Conan Doyle have been the subject of numerous adaptations and pastiches by other writers.,"The Western literary canon includes works by authors such as Shakespeare, Dante, and Homer.","The Royal Book of Oz, Porto Bello Gold, Heidi Grows Up","""The Odyssey"" by Homer",The Western literary canon
"have Lei Jiayin and Tong Liya worked together previously, prior to movie How Long Will I Love U?",['The actors previously co-starred in the 2013 TV series Weaning.'],Yes.,Yes.,"Yes, they previously worked together in the 2016 film ""The Wasted Times.""",Yes.,Yes.,Yes.,Yes.
"why are the uk, france, germany, italy, and spain the big 5 in the eurovision song contest",['The Big Five in the Eurovision Song Contest are the group of countries who make the biggest financial contributions to the European Broadcasting Union.'],They make the biggest financial contributions to the European Broadcasting Union (EBU).,They are the contest's biggest financial contributors.,They are the five largest financial contributors to the European Broadcasting Union.,Financial contribution towards the contest.,Largest financial contributors.,Financial contribution to the production of the contest,Their broadcasters make the biggest financial contribution to the production of the Eurovision Song Contest.
"was the song all the young dudes in any other movies besides in the 1995 film Clueless, the 2007 Jason Reitman film Juno and the 2008 film The Wackness","[""It is also used in Ricky Gervais and Stephen Merchant's 2010 film, Cemetery Junction.""]","Yes, in the 2010 film Cemetery Junction",Cemetery Junction,"The song ""All the Young Dudes"" was also featured in the 2017 film Battle of the Sexes.","Yes, it was also featured in the 2010 film Cemetery Junction.","Yes, it was also in the 1999 film Dogma.",Cemetery Junction,Cemetery Junction
"are there any other fish species besides tilapia, sardine, biny, and catfish in the sea of galilee","['A fish species that is unique to the Sea of Galilee, Tristramella sacra, used to spawn in the marsh and has not been seen since the 1990s droughts.']",Yes.,No.,"Yes, there are many other fish species in the Sea of Galilee, including carp, mullet, and St. Peter's fish.","Yes, there are other fish species in the Sea of Galilee.","Yes, carp is another fish species found in the Sea of Galilee.","Yes, there are other fish species in the Sea of Galilee.","Yes, there are other fish species in the Sea of Galilee."
what other role does chief of staff of the army have besides being the principal military advisor serving the department of the army,['The Chief of Staff of the Army is deputy to the Secretary of the Army.'],Directs the inspector general of the Army to perform inspections and investigations as required,Directs the inspector general of the Army,"The Chief of Staff of the Army is also responsible for the organization, training, and equipping of all Army forces.",Represents Army in Joint forums,Directs the inspector general of the Army to perform inspections and investigations as required.,Directs inspector general,Directs the inspector general
"what other connections exist between the fx series archer and the fox series bob's burgers besides the archer season 4 premiere, fugue and riffs","['Sterling Archer, the super spy of “Archer,” and title character of Fox’s “Bob’s Burgers”  are both voiced by comedian H. Jon Benjamin.']",Several connections exist,"The voice of the male protagonist in both shows is voiced by the same actor, H. Jon Benjamin.",Both shows are created by Adam Reed and feature the voice of H. Jon Benjamin.,Opening sequence spoof and realistic stylized versions,Crossover episodes and shared voice actors.,Other connections between the FX series Archer and the FOX series Bob's Burgers include various references and cameos throughout the shows.,None
what is another definition of buck besides being the name of a marker for the person who was the dealer in card games,"['A buck is the male of some horned animals, especially the fallow deer, roe deer, reindeer, and antelopes.']",The lowest rank in a specified military category,A marker used to denote the seat or player acting as dealer,A male deer.,Male deer,A type of cocktail made by combining a distilled spirit and ginger beer,A male animal.,"A male animal, such as a deer or rabbit."
according to who is The Canadian Dollar is expected to trade at 1.33 by the end of this quarter.“,"['The Canadian Dollar is expected to trade at 1.33 by the end of this quarter, according to Trading Economics global macro models and analysts expectations.']",Trading Economics global macro models and analysts expectations.,Trading Economics global macro models and analysts expectations,The Trading Economics global macro models and analysts expectations.,Trading Economics global macro models and analysts expectations,Trading Economics global macro models and analysts expectations.,Trading Economics global macro models and analysts expectations,Trading Economics global macro models and analysts' expectations.
Besides the actors mentioned are there any other actors that played the role of Jason in Friday The 13th Final Chapter.,['Ted White played Jason in Friday The 13th Final Chapter.'],No,No.,Erich Anderson,Ted White,No.,Ted White,Ted White
F1,,0.15739350434421426,0.1470365957415503,0.21362914022626975,0.1607848668909644,0.17983003896338262,0.16210144168292892,0.17164257451394743
nF1,,0.14011251519378454,0.11908982862087682,0.1241576345352358,0.1298502226873699,0.1250881381962434,0.12358911786244099,0.1277952285749082
elapsed time,,265.0319760550152,191.61772787932193,1.106131739688642,5.3181692921754085,8.637070773225842,21.260979585575335,19.056250050212398
