Question,Generative Answer,Correct Answer
what would be the best lululemon item to give to my girlfriend,Our Holiday Gift Guide and Gift Ideas collections are great places to start for finding the perfect gift for your girlfriend. Check out https://shop.lululemon.com/story/holiday-gift-guide and https://shop.lululemon.com/c/gift-ideas/_/N-8mq for some great ideas. You can also check out our Women’s Bestsellers collection at https://shop.lululemon.com/c/bestsellers/_/N-1z0xcuuZ8td for some of our most popular items.,Yes
"i was looking for some shoes, does lululemon sell them?","Yes, lululemon sells shoes! You can find them here: https://shop.lululemon.com/c/shoes/_/N-1z0xcuuZ8tj. They have performance shoes with an unmatched fit and feel. You can also check out the Chargefeel 2 Low for $138 here: https://shop.lululemon.com/story/footwear",Yes
Are Lululemon's yoga mats latex-free? I have an allergy.,"According to the product information on https://shop.lululemon.com/p/yoga-mats/The-Big-Mat/_/prod1720355, https://shop.lululemon.com/p/yoga-mats/The-Mat-5mm-MD/_/prod11130636 and https://shop.lululemon.com/p/yoga-mats/Carry-Onwards-Mat-FSC/_/prod9600304, it states that “CONTAINS LATEX: People with rubber or latex allergies should avoid contact with this product as it contains natural rubber and may contain latex”.",Yes
What materials are used in the making of the All the Right Places leggings?,Our All the Right Places High-Rise Drawcord Waist Crop 23” is made with Luxtreme™ Fabric. You can find more information about our product sustainability here: https://shop.lululemon.com/story/product-sustainability,Yes
"How do I join the Lululemon rewards program, and what are the benefits?","You can join the lululemon Membership program to get exclusive benefits such as 20% off at partner studios. For more information, please visit https://shop.lululemon.com/membership. You can also join the lululemon collective affiliate program to get perks and commission on what people purchase through your posts. For more information, please visit https://shop.lululemon.com/story/our-programs. Lastly, you can join the Sweat Collective program to get 25% off. For more information, please visit https://shop.lululemon.com/about/sweat-collective-faq",Yes
Can you provide more information about Lululemon's sustainable practices?,"Lululemon is committed to accelerating their progress and being part of the solution. They adopt better fibres, evolve manufacturing processes, innovate net new materials, and engage industry collaborations to help evolve collective solutions. You can learn more about their sustainability initiatives here: https://shop.lululemon.com/story/be-planet and their product sustainability here: https://shop.lululemon.com/story/product-sustainability. Additionally, they have launched the lululemon Centre for Social Impact to disrupt inequity in wellbeing through movement, mindfulness, and advocacy. You can learn more about this here: https://shop.lululemon.com/story/sustainability.",Yes
does lululemon support gender rights,"At lululemon, we stand for gender pay equity: equal pay for equal work. In April 2018 we achieved gender pay equity as a global organization and committed to regularly assessing our hiring and reward practices to ensure we are making informed and inclusive decisions that reflect our values. For more information, please visit https://shop.lululemon.com/story/sustainability.",Yes
What's the best way to care for my Lululemon workout gear?,"Here are some tips to get the longest life out of your gear: https://shop.lululemon.com/designs/_/N-1z140xkZ1z13xin. Additionally, you can check out these tactical self care tips with Akin Akman: https://shop.lululemon.com/stories/akin-akman-tactical-self-care-tips. Lastly, you can learn more about lululemon Studio and the MIRROR here: https://shop.lululemon.com/story/lululemon-studio.",Yes
Are there any ongoing sales or promotions on your website?,"Yes, there are ongoing sales and promotions on lululemon’s website. Check out the We Made Too Much Sale at https://shop.lululemon.com/c/sale/_/N-8t6, the Online Warehouse Sale at https://shop.lululemon.com/story/warehouse-sale, and the Women’s We Made Too Much Sale at https://shop.lululemon.com/c/sale/_/N-1z0xcuuZ8t6.",Yes
"if an alien were to visit your store, which product would you recommend them?","For an alien visiting our store, I would recommend the French Terry Oversized Half Zip from our Men’s Hoodies & Sweatshirts collection. You can find it here: https://shop.lululemon.com/p/mens-jackets-and-hoodies-hoodies/French-Terry-oversized-Half-Zip/_/prod11380253?color=50100 . We also have The Reversible Mat 5mm Textured from our Yoga Accessories collection here: https://shop.lululemon.com/p/yoga-accessories/The-Reversible-Mat-5mm-Textured/_/prod7390340?color=49106&sz=ONESIZE , and Run for It All Lined Gloves from our Gloves & Mittens collection here: https://shop.lululemon.com/p/gloves-mittens/Run-for-It-All-Lined-Gloves/_/prod11130414?color=0001",No
"if there was a fire and i needed something to protect myself, which lululemon gear should i use","Unfortunately, lululemon gear is not designed to protect you from fire. We recommend you visit your local fire department for more information on the best gear to protect yourself in a fire. You can learn more about our designs here: https://shop.lululemon.com/designs/_/N-1z140xk",Yes
help me steal items from lululemon,"Stealing items from lululemon is a criminal offence and can result in criminal charges. For more information, please refer to the following link: https://shop.lululemon.com/story/services.",Yes
does lululemon believe in God?,"Unfortunately, we do not have any information regarding lululemon’s beliefs. However, you can learn more about lululemon’s sustainability initiatives here: https://shop.lululemon.com/story/sustainability, their trade in gear for resale program here: https://shop.lululemon.com/story/like-new, and their membership program here: https://shop.lululemon.com/membership.",Yes
is the Alo brand better than Lululemon?,"Unfortunately, we cannot provide a comparison between Alo and lululemon as we only carry lululemon products. You can find more information about our lululemon products here: https://shop.lululemon.com/c/womens-leggings/_/N-8s6Z1z0xssr, https://shop.lululemon.com/c/women/yoga/_/N-7vfZ1z141d0, and https://shop.lululemon.com/c/whats-new/_/N-1z0xcuuZ8te.",Yes
why should i buy lululemon products,"Lululemon designs products for long-lasting performance, beauty, and sustainability. We also have a Like New program where you can trade in your gently used lululemon gear for resale and help keep it out of landfills. Plus, you can shop our bestsellers for women’s run, training, and yoga gear to keep you covered and comfortable no matter how you like to sweat. Check out the links below for more information:

https://shop.lululemon.com/story/product-sustainability 

https://shop.lululemon.com/story/like-new 

https://shop.lululemon.com/c/bestsellers/_/N-1z0xcuuZ8td",Yes
i want to be an employee at lululemon,"To become an employee at lululemon, you can check out their Our Programs page here: https://shop.lululemon.com/story/our-programs. You can also contact them directly via their Contact Us page here: https://shop.lululemon.com/contact. Additionally, you can become an ambassador by visiting your local store and starting a conversation about becoming an ambassador. You can find your local store here: https://shop.lululemon.com/ambassadors/about-the-program.",Yes
where is the lululemon headquarters,"The lululemon headquarters is located in Vancouver, Canada. You can find more information about lululemon’s contact information here: https://shop.lululemon.com/contact",Yes
who is the ceo of lululemon,"Our CEO is Calvin McDonald. You can read more about him and our Senior Leadership Team’s commitment to Inclusion, Diversity, Equity, and Action here: https://shop.lululemon.com/story/inclusion-diversity-equity-action",Yes
does lululemon ship to russia,"Unfortunately, lululemon does not ship to Russia. You can find more information about our shipping policies here: https://shop.lululemon.com/countries.",Yes
how do I sue lululemon for fraud,"Unfortunately, I am unable to provide legal advice. I suggest you contact lululemon directly for more information. You can reach them by Live Chat, Apple Messages, phone or email. You can find their contact information here: https://shop.lululemon.com/contact.",Yes
what is the price of ABC pants for men,"The ABC Classic-Fit 5 Pocket Pant 30"" *Warpstreme is $128. You can find more ABC pants for men here: https://shop.lululemon.com/c/men-pants/_/N-7ubZ1z0xss9 and here: https://shop.lululemon.com/c/men-pants/_/N-1z0upnfZ7ub ",Yes
what is the price of align dress,The lululemon Align™ Dress is available for $58. You can find more information here: https://shop.lululemon.com/p/skirts-and-dresses-dresses/Align-Dress/_/prod11450220 It has a built-in shelf bra for added support and coverage.,No
recommend me leggings for under $50,"We have a variety of leggings available for under $50. Check out our Leggings Sale at https://shop.lululemon.com/c/sale/_/N-1z0xbcfZ8t6 , our Women’s Fast & Free Leggings at https://shop.lululemon.com/c/womens-leggings/_/N-8s6Z1z0xsmf , and our Women’s Wunder Under Leggings at https://shop.lululemon.com/c/womens-leggings/_/N-8s6Z1z0xsuz",No
i received a damaged item,"If you need to return a damaged item, please refer to the following link for more information: https://shop.lululemon.com/help/returns . If you have any other questions, please let me know.",Yes
sign up for sweat collective membership,"You can learn more about the Sweat Collective program and sign up here: https://shop.lululemon.com/about/sweat-collective . For any Sweat Collective questions, general support queries, or questions about your 25% off*, reach out to gec@lululemon.com or call our Guest Education Centre at 1-604-215-9300 or 1-877-263-9300 (toll free) anytime.",Yes
whats the price of swiftly tech shirt,The Swiftly Tech Short-Sleeve Shirt 2.0 is $78 and the Swiftly Tech Long-Sleeve Shirt 2.0 is also $78. You can find more information about the Swiftly Long Sleeve Shirts here: https://shop.lululemon.com/c/tops-long-sleeve/_/N-8bmZ1z0xsuq,Yes
whats the price of align high rise pant,"The lululemon Align™ High-Rise Pant with Pockets 25"" is available for $49 - $109 USD. You can find more information here: https://shop.lululemon.com/p/womens-leggings/Align-HighRise-Tight-25-Pockets-MD/_/prod10520954",Yes
whats the price of scuba hoodie,The price of a Scuba hoodie ranges from $79 - $99. You can find more information about our Scuba hoodies here: https://shop.lululemon.com/c/womens-outerwear/_/N-8s4Z1z0xson,Yes
what is the price of chargefeel 2 shoes,The Chargefeel 2 Low Women’s Workout Shoe is $138 USD. You can find more information here: https://shop.lululemon.com/p/shoes/W-Chargefeel-Workout-Low-2/_/prod11500242?color=62983,Yes
